timestamp,delay,temperature,precipitation,rain,showers,snowfall,route_id,secs_since_last_monday_0000,rain_sum_1hr,rain_sum_3hr,rain_sum_7hr,snowfall_sum_1hr,snowfall_sum_3hr,snowfall_sum_7hr,precipitation_sum_1hr,precipitation_sum_3hr,precipitation_sum_7hr,service_id,day_of_week,is_weekend,is_holiday,delay_lag_10m,delay_lag_30m
2026-07-24T22:04:55+00:00,24.0,24.6,0.0,0.0,0.0,0.0,601,410695,0.0,0.0,0.0,0.0,0.0,0.0,0.0,0.0,0.0,154.0.1,4,0,0,,
2026-07-24T22:09:56+00:00,-15.5,24.6,0.0,0.0,0.0,0.0,601,410996,0.0,0.0,0.0,0.0,0.0,0.0,0.0,0.0,0.0,154.0.1,4,0,0,,
2026-07-24T22:14:55+00:00,-20.0,24.4,0.0,0.0,0.0,0.0,601,411295,0.0,0.0,0.0,0.0,0.0,0.0,0.0,0.0,0.0,154.0.1,4,0,0,-148.0,
2026-07-24T22:19:55+00:00,72.0,24.4,0.0,0.0,0.0,0.0,601,411595,0.0,0.0,0.0,0.0,0.0,0.0,0.0,0.0,0.0,154.0.1,4,0,0,,
2026-07-24T22:24:55+00:00,112.5,24.4,0.0,0.0,0.0,0.0,601,411895,0.0,0.0,0.0,0.0,0.0,0.0,0.0,0.0,0.0,154.0.1,4,0,0,294.0,
2026-07-24T22:34:55+00:00,116.0,23.8,0.0,0.0,0.0,0.0,601,412495,0.0,0.0,0.0,0.0,0.0,0.0,0.0,0.0,0.0,154.0.1,4,0,0,243.0,205.0
2026-07-24T22:39:55+00:00,154.0,23.8,0.0,0.0,0.0,0.0,601,412795,0.0,0.0,0.0,0.0,0.0,0.0,0.0,0.0,0.0,154.0.1,4,0,0,,
2026-07-24T22:44:55+00:00,22.0,23.7,0.0,0.0,0.0,0.0,601,413095,0.0,0.0,0.0,0.0,0.0,0.0,0.0,0.0,0.0,154.0.1,4,0,0,209.0,294.0
2026-07-24T22:49:55+00:00,60.0,23.7,0.0,0.0,0.0,0.0,601,413395,0.0,0.0,0.0,0.0,0.0,0.0,0.0,0.0,0.0,154.0.1,4,0,0,175.0,238.0
2026-07-24T22:54:55+00:00,23.0,23.7,0.0,0.0,0.0,0.0,601,413695,0.0,0.0,0.0,0.0,0.0,0.0,0.0,0.0,0.0,154.0.1,4,0,0,11.0,-39.0
2026-07-24T22:59:55+00:00,27.0,23.6,0.0,0.0,0.0,0.0,601,413995,0.0,0.0,0.0,0.0,0.0,0.0,0.0,0.0,0.0,154.0.1,4,0,0,60.0,
2026-07-24T23:04:56+00:00,38.5,23.6,0.0,0.0,0.0,0.0,601,414296,0.0,0.0,0.0,0.0,0.0,0.0,0.0,0.0,0.0,154.0.1,4,0,0,28.0,209.0
2026-07-24T23:09:55+00:00,38.0,23.6,0.0,0.0,0.0,0.0,601,414595,0.0,0.0,0.0,0.0,0.0,0.0,0.0,0.0,0.0,154.0.1,4,0,0,333.0,226.0
2026-07-24T23:14:55+00:00,0.0,23.4,0.0,0.0,0.0,0.0,601,414895,0.0,0.0,0.0,0.0,0.0,0.0,0.0,0.0,0.0,154.0.1,4,0,0,,-152.0
2026-07-24T23:19:55+00:00,52.0,23.4,0.0,0.0,0.0,0.0,601,415195,0.0,0.0,0.0,0.0,0.0,0.0,0.0,0.0,0.0,154.0.1,4,0,0,-505.0,60.0
2026-07-24T23:24:55+00:00,79.5,23.4,0.0,0.0,0.0,0.0,601,415495,0.0,0.0,0.0,0.0,0.0,0.0,0.0,0.0,0.0,154.0.1,4,0,0,418.0,28.0
2026-07-24T23:29:55+00:00,10.0,23.7,0.0,0.0,0.0,0.0,601,415795,0.0,0.0,0.0,0.0,0.0,0.0,0.0,0.0,0.0,154.0.1,4,0,0,184.0,220.0
2026-07-24T23:34:55+00:00,113.0,23.7,0.0,0.0,0.0,0.0,601,416095,0.0,0.0,0.0,0.0,0.0,0.0,0.0,0.0,0.0,154.0.1,4,0,0,53.0,
2026-07-24T23:39:55+00:00,83.0,23.7,0.0,0.0,0.0,0.0,601,416395,0.0,0.0,0.0,0.0,0.0,0.0,0.0,0.0,0.0,154.0.1,4,0,0,-108.0,-113.0
2026-07-24T23:44:55+00:00,166.0,23.5,0.0,0.0,0.0,0.0,601,416695,0.0,0.0,0.0,0.0,0.0,0.0,0.0,0.0,0.0,154.0.1,4,0,0,-153.0,-12.0
2026-07-24T23:49:55+00:00,161.0,23.5,0.0,0.0,0.0,0.0,601,416995,0.0,0.0,0.0,0.0,0.0,0.0,0.0,0.0,0.0,154.0.1,4,0,0,-135.0,30.0
2026-07-24T23:54:55+00:00,60.0,23.5,0.0,0.0,0.0,0.0,601,417295,0.0,0.0,0.0,0.0,0.0,0.0,0.0,0.0,0.0,154.0.1,4,0,0,-53.0,53.0
2026-07-24T23:59:55+00:00,157.0,23.0,0.0,0.0,0.0,0.0,601,417595,0.0,0.0,0.0,0.0,0.0,0.0,0.0,0.0,0.0,154.0.1,4,0,0,-136.0,-108.0
2026-07-25T00:04:55+00:00,104.0,23.0,0.0,0.0,0.0,0.0,601,417895,0.0,0.0,0.0,0.0,0.0,0.0,0.0,0.0,0.0,154.0.1,4,0,0,-90.0,-153.0
2026-07-25T00:09:55+00:00,200.0,23.0,0.0,0.0,0.0,0.0,601,418195,0.0,0.0,0.0,0.0,0.0,0.0,0.0,0.0,0.0,154.0.1,4,0,0,157.0,-157.0
2026-07-25T00:14:55+00:00,242.5,22.2,0.0,0.0,0.0,0.0,601,418495,0.0,0.0,0.0,0.0,0.0,0.0,0.0,0.0,0.0,154.0.1,4,0,0,255.0,120.0
2026-07-25T00:19:55+00:00,256.5,22.2,0.0,0.0,0.0,0.0,601,418795,0.0,0.0,0.0,0.0,0.0,0.0,0.0,0.0,0.0,154.0.1,4,0,0,434.0,252.0
2026-07-25T00:24:55+00:00,318.5,22.2,0.0,0.0,0.0,0.0,601,419095,0.0,0.0,0.0,0.0,0.0,0.0,0.0,0.0,0.0,154.0.1,4,0,0,417.0,60.0
2026-07-25T00:29:55+00:00,310.0,21.2,0.0,0.0,0.0,0.0,601,419395,0.0,0.0,0.0,0.0,0.0,0.0,0.0,0.0,0.0,154.0.1,4,0,0,135.0,157.0
2026-07-25T00:34:55+00:00,153.0,21.2,0.0,0.0,0.0,0.0,601,419695,0.0,0.0,0.0,0.0,0.0,0.0,0.0,0.0,0.0,154.0.1,4,0,0,163.0,255.0
2026-07-25T00:39:55+00:00,193.0,21.2,0.0,0.0,0.0,0.0,601,419995,0.0,0.0,0.0,0.0,0.0,0.0,0.0,0.0,0.0,154.0.1,4,0,0,109.0,248.0
2026-07-25T00:44:55+00:00,213.0,20.5,0.0,0.0,0.0,0.0,601,420295,0.0,0.0,0.0,0.0,0.0,0.0,0.0,0.0,0.0,154.0.1,4,0,0,575.0,91.0
2026-07-25T00:49:55+00:00,223.0,20.5,0.0,0.0,0.0,0.0,601,420595,0.0,0.0,0.0,0.0,0.0,0.0,0.0,0.0,0.0,154.0.1,4,0,0,395.0,372.0
2026-07-25T00:54:55+00:00,293.5,20.5,0.0,0.0,0.0,0.0,601,420895,0.0,0.0,0.0,0.0,0.0,0.0,0.0,0.0,0.0,154.0.1,4,0,0,454.0,351.0
2026-07-25T00:59:55+00:00,278.0,19.8,0.0,0.0,0.0,0.0,601,421195,0.0,0.0,0.0,0.0,0.0,0.0,0.0,0.0,0.0,154.0.1,4,0,0,137.0,400.0
2026-07-25T01:04:55+00:00,324.0,19.8,0.0,0.0,0.0,0.0,601,421495,0.0,0.0,0.0,0.0,0.0,0.0,0.0,0.0,0.0,154.0.1,4,0,0,275.0,168.0
2026-07-25T01:09:54+00:00,272.5,19.8,0.0,0.0,0.0,0.0,601,421794,0.0,0.0,0.0,0.0,0.0,0.0,0.0,0.0,0.0,154.0.1,4,0,0,,
2026-07-25T01:14:55+00:00,310.0,19.2,0.0,0.0,0.0,0.0,601,422095,0.0,0.0,0.0,0.0,0.0,0.0,0.0,0.0,0.0,154.0.1,4,0,0,312.0,217.0
2026-07-25T01:19:54+00:00,237.0,19.4,0.0,0.0,0.0,0.0,601,422394,0.0,0.0,0.0,0.0,0.0,0.0,0.0,0.0,0.0,154.0.1,4,0,0,280.0,
2026-07-25T01:24:55+00:00,328.5,19.4,0.0,0.0,0.0,0.0,601,422695,0.0,0.0,0.0,0.0,0.0,0.0,0.0,0.0,0.0,154.0.1,4,0,0,298.0,228.0
2026-07-25T01:29:54+00:00,404.0,18.9,0.0,0.0,0.0,0.0,601,422994,0.0,0.0,0.0,0.0,0.0,0.0,0.0,0.0,0.0,154.0.1,4,0,0,157.0,
2026-07-25T01:34:55+00:00,323.0,18.9,0.0,0.0,0.0,0.0,601,423295,0.0,0.0,0.0,0.0,0.0,0.0,0.0,0.0,0.0,154.0.1,4,0,0,304.0,416.0
2026-07-25T01:39:54+00:00,349.0,18.9,0.0,0.0,0.0,0.0,601,423594,0.0,0.0,0.0,0.0,0.0,0.0,0.0,0.0,0.0,154.0.1,4,0,0,290.0,265.0
2026-07-25T01:44:55+00:00,290.5,18.5,0.0,0.0,0.0,0.0,601,423895,0.0,0.0,0.0,0.0,0.0,0.0,0.0,0.0,0.0,154.0.1,4,0,0,389.0,-483.0
2026-07-25T01:49:55+00:00,200.5,18.5,0.0,0.0,0.0,0.0,601,424195,0.0,0.0,0.0,0.0,0.0,0.0,0.0,0.0,0.0,154.0.1,4,0,0,349.0,446.0
2026-07-25T01:54:54+00:00,114.0,18.5,0.0,0.0,0.0,0.0,601,424494,0.0,0.0,0.0,0.0,0.0,0.0,0.0,0.0,0.0,154.0.1,4,0,0,,
2026-07-25T01:59:55+00:00,257.5,18.2,0.0,0.0,0.0,0.0,601,424795,0.0,0.0,0.0,0.0,0.0,0.0,0.0,0.0,0.0,154.0.1,4,0,0,471.0,439.0
2026-07-25T02:04:55+00:00,194.0,18.2,0.0,0.0,0.0,0.0,601,425095,0.0,0.0,0.0,0.0,0.0,0.0,0.0,0.0,0.0,154.0.1,4,0,0,372.0,389.0
2026-07-25T02:09:54+00:00,236.0,18.2,0.0,0.0,0.0,0.0,601,425394,0.0,0.0,0.0,0.0,0.0,0.0,0.0,0.0,0.0,154.0.1,4,0,0,,435.0
2026-07-25T02:14:54+00:00,244.0,17.9,0.0,0.0,0.0,0.0,601,425694,0.0,0.0,0.0,0.0,0.0,0.0,0.0,0.0,0.0,154.0.1,4,0,0,,
2026-07-25T02:19:55+00:00,297.0,17.9,0.0,0.0,0.0,0.0,601,425995,0.0,0.0,0.0,0.0,0.0,0.0,0.0,0.0,0.0,154.0.1,4,0,0,108.0,388.0
2026-07-25T02:24:55+00:00,335.5,17.9,0.0,0.0,0.0,0.0,601,426295,0.0,0.0,0.0,0.0,0.0,0.0,0.0,0.0,0.0,154.0.1,4,0,0,244.0,58.0
2026-07-25T02:29:54+00:00,398.0,17.2,0.0,0.0,0.0,0.0,601,426594,0.0,0.0,0.0,0.0,0.0,0.0,0.0,0.0,0.0,154.0.1,4,0,0,,
2026-07-25T02:34:54+00:00,381.5,17.2,0.0,0.0,0.0,0.0,601,426894,0.0,0.0,0.0,0.0,0.0,0.0,0.0,0.0,0.0,154.0.1,4,0,0,,
2026-07-25T02:39:54+00:00,173.0,17.2,0.0,0.0,0.0,0.0,601,427194,0.0,0.0,0.0,0.0,0.0,0.0,0.0,0.0,0.0,154.0.1,4,0,0,2.0,-6.0
2026-07-25T02:44:54+00:00,117.0,17.0,0.0,0.0,0.0,0.0,601,427494,0.0,0.0,0.0,0.0,0.0,0.0,0.0,0.0,0.0,154.0.1,4,0,0,53.0,102.0
2026-07-25T02:49:54+00:00,274.0,17.0,0.0,0.0,0.0,0.0,601,427794,0.0,0.0,0.0,0.0,0.0,0.0,0.0,0.0,0.0,154.0.1,4,0,0,354.0,
2026-07-25T02:54:54+00:00,253.0,17.0,0.0,0.0,0.0,0.0,601,428094,0.0,0.0,0.0,0.0,0.0,0.0,0.0,0.0,0.0,154.0.1,4,0,0,97.0,
2026-07-25T02:59:54+00:00,227.5,16.8,0.0,0.0,0.0,0.0,601,428394,0.0,0.0,0.0,0.0,0.0,0.0,0.0,0.0,0.0,154.0.1,4,0,0,347.0,398.0
2026-07-25T03:04:55+00:00,319.0,16.8,0.0,0.0,0.0,0.0,601,428695,0.0,0.0,0.0,0.0,0.0,0.0,0.0,0.0,0.0,154.0.1,4,0,0,558.0,466.0
2026-07-25T03:09:54+00:00,327.0,16.8,0.0,0.0,0.0,0.0,601,428994,0.0,0.0,0.0,0.0,0.0,0.0,0.0,0.0,0.0,154.0.1,4,0,0,218.0,-166.0
2026-07-25T03:14:54+00:00,340.0,16.6,0.0,0.0,0.0,0.0,601,429294,0.0,0.0,0.0,0.0,0.0,0.0,0.0,0.0,0.0,154.0.1,4,0,0,,76.0
2026-07-25T03:19:54+00:00,399.0,16.6,0.0,0.0,0.0,0.0,601,429594,0.0,0.0,0.0,0.0,0.0,0.0,0.0,0.0,0.0,154.0.1,4,0,0,109.0,18.0
2026-07-25T03:24:55+00:00,396.5,16.6,0.0,0.0,0.0,0.0,601,429895,0.0,0.0,0.0,0.0,0.0,0.0,0.0,0.0,0.0,154.0.1,4,0,0,226.0,10.0
2026-07-25T03:29:54+00:00,393.0,16.1,0.0,0.0,0.0,0.0,601,430194,0.0,0.0,0.0,0.0,0.0,0.0,0.0,0.0,0.0,154.0.1,4,0,0,246.0,46.0
2026-07-25T03:34:54+00:00,445.0,16.1,0.0,0.0,0.0,0.0,601,430494,0.0,0.0,0.0,0.0,0.0,0.0,0.0,0.0,0.0,154.0.1,4,0,0,,
2026-07-25T03:39:54+00:00,439.5,16.1,0.0,0.0,0.0,0.0,601,430794,0.0,0.0,0.0,0.0,0.0,0.0,0.0,0.0,0.0,154.0.1,4,0,0,264.0,160.0
2026-07-25T03:44:54+00:00,362.0,15.8,0.0,0.0,0.0,0.0,601,431094,0.0,0.0,0.0,0.0,0.0,0.0,0.0,0.0,0.0,154.0.1,4,0,0,126.0,35.0
2026-07-25T03:49:54+00:00,279.5,15.8,0.0,0.0,0.0,0.0,601,431394,0.0,0.0,0.0,0.0,0.0,0.0,0.0,0.0,0.0,154.0.1,4,0,0,349.0,246.0
2026-07-25T03:54:54+00:00,235.0,15.8,0.0,0.0,0.0,0.0,601,431694,0.0,0.0,0.0,0.0,0.0,0.0,0.0,0.0,0.0,154.0.1,4,0,0,222.0,
2026-07-25T03:59:54+00:00,238.5,15.6,0.0,0.0,0.0,0.0,601,431994,0.0,0.0,0.0,0.0,0.0,0.0,0.0,0.0,0.0,154.0.1,4,0,0,226.0,459.0
2026-07-25T04:04:54+00:00,226.5,15.6,0.0,0.0,0.0,0.0,601,432294,0.0,0.0,0.0,0.0,0.0,0.0,0.0,0.0,0.0,154.0.1,5,1,0,-393.0,382.0
2026-07-25T04:09:54+00:00,225.0,15.6,0.0,0.0,0.0,0.0,601,432594,0.0,0.0,0.0,0.0,0.0,0.0,0.0,0.0,0.0,154.0.1,5,1,0,290.0,226.0
2026-07-25T04:14:54+00:00,166.0,15.5,0.0,0.0,0.0,0.0,601,432894,0.0,0.0,0.0,0.0,0.0,0.0,0.0,0.0,0.0,154.0.1,5,1,0,254.0,222.0
2026-07-25T04:19:54+00:00,147.0,15.5,0.0,0.0,0.0,0.0,601,433194,0.0,0.0,0.0,0.0,0.0,0.0,0.0,0.0,0.0,154.0.1,5,1,0,35.0,226.0
2026-07-25T04:24:54+00:00,188.0,15.5,0.0,0.0,0.0,0.0,601,433494,0.0,0.0,0.0,0.0,0.0,0.0,0.0,0.0,0.0,154.0.1,5,1,0,166.0,-181.0
2026-07-25T04:29:55+00:00,226.0,15.4,0.0,0.0,0.0,0.0,601,433795,0.0,0.0,0.0,0.0,0.0,0.0,0.0,0.0,0.0,154.0.1,5,1,0,155.0,193.0
2026-07-25T04:34:54+00:00,240.0,15.3,0.0,0.0,0.0,0.0,601,434094,0.0,0.0,0.0,0.0,0.0,0.0,0.0,0.0,0.0,154.0.1,5,1,0,188.0,37.0
2026-07-25T04:39:54+00:00,271.5,15.3,0.0,0.0,0.0,0.0,601,434394,0.0,0.0,0.0,0.0,0.0,0.0,0.0,0.0,0.0,154.0.1,5,1,0,,153.0
2026-07-25T04:44:54+00:00,253.0,15.2,0.0,0.0,0.0,0.0,601,434694,0.0,0.0,0.0,0.0,0.0,0.0,0.0,0.0,0.0,154.0.1,5,1,0,-474.0,431.0
2026-07-25T04:49:54+00:00,228.0,15.2,0.0,0.0,0.0,0.0,601,434994,0.0,0.0,0.0,0.0,0.0,0.0,0.0,0.0,0.0,154.0.1,5,1,0,452.0,155.0
2026-07-25T04:54:54+00:00,299.0,15.2,0.0,0.0,0.0,0.0,601,435294,0.0,0.0,0.0,0.0,0.0,0.0,0.0,0.0,0.0,154.0.1,5,1,0,133.0,296.0
2026-07-25T04:59:54+00:00,282.5,15.0,0.0,0.0,0.0,0.0,601,435594,0.0,0.0,0.0,0.0,0.0,0.0,0.0,0.0,0.0,154.0.1,5,1,0,172.0,
2026-07-25T05:04:54+00:00,308.0,15.0,0.0,0.0,0.0,0.0,601,435894,0.0,0.0,0.0,0.0,0.0,0.0,0.0,0.0,0.0,154.0.1,5,1,0,237.0,-474.0
2026-07-25T05:09:54+00:00,324.0,15.0,0.0,0.0,0.0,0.0,601,436194,0.0,0.0,0.0,0.0,0.0,0.0,0.0,0.0,0.0,154.0.1,5,1,0,345.0,397.0
2026-07-25T05:14:54+00:00,359.0,14.8,0.0,0.0,0.0,0.0,601,436494,0.0,0.0,0.0,0.0,0.0,0.0,0.0,0.0,0.0,154.0.1,5,1,0,286.0,133.0
2026-07-25T05:19:54+00:00,366.0,14.8,0.0,0.0,0.0,0.0,601,436794,0.0,0.0,0.0,0.0,0.0,0.0,0.0,0.0,0.0,154.0.1,5,1,0,273.0,172.0
2026-07-25T05:24:54+00:00,375.0,14.8,0.0,0.0,0.0,0.0,601,437094,0.0,0.0,0.0,0.0,0.0,0.0,0.0,0.0,0.0,154.0.1,5,1,0,359.0,237.0
2026-07-25T05:29:54+00:00,496.0,14.6,0.0,0.0,0.0,0.0,601,437394,0.0,0.0,0.0,0.0,0.0,0.0,0.0,0.0,0.0,154.0.1,5,1,0,366.0,220.0
2026-07-25T08:59:54+00:00,-324.0,14.2,0.0,0.0,0.0,0.0,601,449994,0.0,0.0,0.0,0.0,0.0,0.0,0.0,0.0,0.0,154.0.2,5,1,0,,
2026-07-25T09:04:54+00:00,4.0,14.2,0.0,0.0,0.0,0.0,601,450294,0.0,0.0,0.0,0.0,0.0,0.0,0.0,0.0,0.0,154.0.2,5,1,0,,
2026-07-25T09:09:54+00:00,-2.0,14.2,0.0,0.0,0.0,0.0,601,450594,0.0,0.0,0.0,0.0,0.0,0.0,0.0,0.0,0.0,154.0.2,5,1,0,-324.0,
2026-07-25T09:14:54+00:00,-19.0,14.1,0.0,0.0,0.0,0.0,601,450894,0.0,0.0,0.0,0.0,0.0,0.0,0.0,0.0,0.0,154.0.2,5,1,0,4.0,
2026-07-25T09:19:54+00:00,-18.0,14.1,0.0,0.0,0.0,0.0,601,451194,0.0,0.0,0.0,0.0,0.0,0.0,0.0,0.0,0.0,154.0.2,5,1,0,-2.0,
2026-07-25T09:24:54+00:00,-21.0,14.1,0.0,0.0,0.0,0.0,601,451494,0.0,0.0,0.0,0.0,0.0,0.0,0.0,0.0,0.0,154.0.2,5,1,0,-19.0,
2026-07-25T09:29:54+00:00,-62.0,13.8,0.0,0.0,0.0,0.0,601,451794,0.0,0.0,0.0,0.0,0.0,0.0,0.0,0.0,0.0,154.0.2,5,1,0,-18.0,-324.0
2026-07-25T09:34:54+00:00,-14.0,13.8,0.0,0.0,0.0,0.0,601,452094,0.0,0.0,0.0,0.0,0.0,0.0,0.0,0.0,0.0,154.0.2,5,1,0,-14.0,4.0
2026-07-25T09:39:54+00:00,-14.0,13.8,0.0,0.0,0.0,0.0,601,452394,0.0,0.0,0.0,0.0,0.0,0.0,0.0,0.0,0.0,154.0.2,5,1,0,41.0,-2.0
2026-07-25T09:44:54+00:00,4.5,13.8,0.0,0.0,0.0,0.0,601,452694,0.0,0.0,0.0,0.0,0.0,0.0,0.0,0.0,0.0,154.0.2,5,1,0,25.0,-19.0
2026-07-25T09:49:54+00:00,-3.5,13.8,0.0,0.0,0.0,0.0,601,452994,0.0,0.0,0.0,0.0,0.0,0.0,0.0,0.0,0.0,154.0.2,5,1,0,-13.0,-18.0
2026-07-25T09:54:54+00:00,-9.0,13.8,0.0,0.0,0.0,0.0,601,453294,0.0,0.0,0.0,0.0,0.0,0.0,0.0,0.0,0.0,154.0.2,5,1,0,97.0,-14.0
2026-07-25T09:59:54+00:00,-51.5,13.8,0.0,0.0,0.0,0.0,601,453594,0.0,0.0,0.0,0.0,0.0,0.0,0.0,0.0,0.0,154.0.2,5,1,0,9.0,-62.0
2026-07-25T10:04:54+00:00,74.0,13.8,0.0,0.0,0.0,0.0,601,453894,0.0,0.0,0.0,0.0,0.0,0.0,0.0,0.0,0.0,154.0.2,5,1,0,128.0,25.0
2026-07-25T10:09:54+00:00,151.5,13.8,0.0,0.0,0.0,0.0,601,454194,0.0,0.0,0.0,0.0,0.0,0.0,0.0,0.0,0.0,154.0.2,5,1,0,144.0,69.0
2026-07-25T10:14:54+00:00,115.5,13.7,0.0,0.0,0.0,0.0,601,454494,0.0,0.0,0.0,0.0,0.0,0.0,0.0,0.0,0.0,154.0.2,5,1,0,-14.0,44.0
2026-07-25T10:19:54+00:00,173.0,13.7,0.0,0.0,0.0,0.0,601,454794,0.0,0.0,0.0,0.0,0.0,0.0,0.0,0.0,0.0,154.0.2,5,1,0,216.0,101.0
2026-07-25T10:24:54+00:00,200.0,13.7,0.0,0.0,0.0,0.0,601,455094,0.0,0.0,0.0,0.0,0.0,0.0,0.0,0.0,0.0,154.0.2,5,1,0,228.0,128.0
2026-07-25T10:29:54+00:00,162.0,13.9,0.0,0.0,0.0,0.0,601,455394,0.0,0.0,0.0,0.0,0.0,0.0,0.0,0.0,0.0,154.0.2,5,1,0,173.0,-84.0
2026-07-25T10:34:54+00:00,101.5,14.4,0.0,0.0,0.0,0.0,601,455694,0.0,0.0,0.0,0.0,0.0,0.0,0.0,0.0,0.0,154.0.2,5,1,0,240.0,222.0
2026-07-25T10:39:54+00:00,42.5,14.4,0.0,0.0,0.0,0.0,601,455994,0.0,0.0,0.0,0.0,0.0,0.0,0.0,0.0,0.0,154.0.2,5,1,0,45.0,71.0
2026-07-25T10:44:54+00:00,-0.5,14.8,0.0,0.0,0.0,0.0,601,456294,0.0,0.0,0.0,0.0,0.0,0.0,0.0,0.0,0.0,154.0.2,5,1,0,296.0,228.0
2026-07-25T10:49:55+00:00,38.0,14.8,0.0,0.0,0.0,0.0,601,456595,0.0,0.0,0.0,0.0,0.0,0.0,0.0,0.0,0.0,154.0.2,5,1,0,8.0,-82.0
2026-07-25T10:54:54+00:00,6.0,14.8,0.0,0.0,0.0,0.0,601,456894,0.0,0.0,0.0,0.0,0.0,0.0,0.0,0.0,0.0,154.0.2,5,1,0,11.0,107.0
2026-07-25T10:59:54+00:00,8.0,15.3,0.0,0.0,0.0,0.0,601,457194,0.0,0.0,0.0,0.0,0.0,0.0,0.0,0.0,0.0,154.0.2,5,1,0,,308.0
2026-07-25T11:04:54+00:00,-5.0,15.3,0.0,0.0,0.0,0.0,601,457494,0.0,0.0,0.0,0.0,0.0,0.0,0.0,0.0,0.0,154.0.2,5,1,0,-2.0,61.0
2026-07-25T11:09:54+00:00,7.0,15.3,0.0,0.0,0.0,0.0,601,457794,0.0,0.0,0.0,0.0,0.0,0.0,0.0,0.0,0.0,154.0.2,5,1,0,-121.0,1.0
2026-07-25T11:14:54+00:00,42.0,15.9,0.0,0.0,0.0,0.0,601,458094,0.0,0.0,0.0,0.0,0.0,0.0,0.0,0.0,0.0,154.0.2,5,1,0,98.0,-30.0
2026-07-25T11:19:54+00:00,40.0,15.9,0.0,0.0,0.0,0.0,601,458394,0.0,0.0,0.0,0.0,0.0,0.0,0.0,0.0,0.0,154.0.2,5,1,0,-107.0,
2026-07-25T11:24:55+00:00,61.0,15.9,0.0,0.0,0.0,0.0,601,458695,0.0,0.0,0.0,0.0,0.0,0.0,0.0,0.0,0.0,154.0.2,5,1,0,188.0,54.0
2026-07-25T11:29:54+00:00,25.0,16.9,0.0,0.0,0.0,0.0,601,458994,0.0,0.0,0.0,0.0,0.0,0.0,0.0,0.0,0.0,154.0.2,5,1,0,149.0,12.0
2026-07-25T11:34:54+00:00,-38.5,16.9,0.0,0.0,0.0,0.0,601,459294,0.0,0.0,0.0,0.0,0.0,0.0,0.0,0.0,0.0,154.0.2,5,1,0,,98.0
2026-07-25T11:39:54+00:00,-68.0,16.9,0.0,0.0,0.0,0.0,601,459594,0.0,0.0,0.0,0.0,0.0,0.0,0.0,0.0,0.0,154.0.2,5,1,0,8.0,7.0
2026-07-25T11:44:54+00:00,16.5,17.4,0.0,0.0,0.0,0.0,601,459894,0.0,0.0,0.0,0.0,0.0,0.0,0.0,0.0,0.0,154.0.2,5,1,0,-71.0,113.0
2026-07-25T11:49:54+00:00,-16.0,17.4,0.0,0.0,0.0,0.0,601,460194,0.0,0.0,0.0,0.0,0.0,0.0,0.0,0.0,0.0,154.0.2,5,1,0,59.0,40.0
2026-07-25T11:54:54+00:00,-26.0,17.4,0.0,0.0,0.0,0.0,601,460494,0.0,0.0,0.0,0.0,0.0,0.0,0.0,0.0,0.0,154.0.2,5,1,0,-80.0,
2026-07-25T11:59:54+00:00,-43.0,17.9,0.0,0.0,0.0,0.0,601,460794,0.0,0.0,0.0,0.0,0.0,0.0,0.0,0.0,0.0,154.0.2,5,1,0,-58.0,25.0
2026-07-25T12:04:54+00:00,-90.0,17.9,0.0,0.0,0.0,0.0,601,461094,0.0,0.0,0.0,0.0,0.0,0.0,0.0,0.0,0.0,154.0.2,5,1,0,35.0,11.0
2026-07-25T12:09:54+00:00,-11.0,17.9,0.0,0.0,0.0,0.0,601,461394,0.0,0.0,0.0,0.0,0.0,0.0,0.0,0.0,0.0,154.0.2,5,1,0,-31.0,59.0
2026-07-25T12:14:54+00:00,5.5,18.5,0.0,0.0,0.0,0.0,601,461694,0.0,0.0,0.0,0.0,0.0,0.0,0.0,0.0,0.0,154.0.2,5,1,0,-117.0,-8.0
2026-07-25T12:19:55+00:00,-45.0,18.5,0.0,0.0,0.0,0.0,601,461995,0.0,0.0,0.0,0.0,0.0,0.0,0.0,0.0,0.0,154.0.2,5,1,0,-59.0,-16.0
2026-07-25T12:24:54+00:00,10.0,18.5,0.0,0.0,0.0,0.0,601,462294,0.0,0.0,0.0,0.0,0.0,0.0,0.0,0.0,0.0,154.0.2,5,1,0,86.0,-40.0
2026-07-25T12:29:55+00:00,88.0,19.2,0.0,0.0,0.0,0.0,601,462595,0.0,0.0,0.0,0.0,0.0,0.0,0.0,0.0,0.0,154.0.2,5,1,0,-52.0,-17.0
2026-07-25T12:34:54+00:00,50.0,19.2,0.0,0.0,0.0,0.0,601,462894,0.0,0.0,0.0,0.0,0.0,0.0,0.0,0.0,0.0,154.0.2,5,1,0,124.0,-117.0
2026-07-25T12:39:54+00:00,129.0,19.2,0.0,0.0,0.0,0.0,601,463194,0.0,0.0,0.0,0.0,0.0,0.0,0.0,0.0,0.0,154.0.2,5,1,0,,142.0
2026-07-25T12:44:54+00:00,103.5,19.8,0.0,0.0,0.0,0.0,601,463494,0.0,0.0,0.0,0.0,0.0,0.0,0.0,0.0,0.0,154.0.2,5,1,0,235.0,169.0
2026-07-25T12:49:54+00:00,69.0,19.8,0.0,0.0,0.0,0.0,601,463794,0.0,0.0,0.0,0.0,0.0,0.0,0.0,0.0,0.0,154.0.2,5,1,0,129.0,
2026-07-25T12:54:54+00:00,45.0,19.8,0.0,0.0,0.0,0.0,601,464094,0.0,0.0,0.0,0.0,0.0,0.0,0.0,0.0,0.0,154.0.2,5,1,0,74.0,124.0
2026-07-25T12:59:54+00:00,58.0,20.5,0.0,0.0,0.0,0.0,601,464394,0.0,0.0,0.0,0.0,0.0,0.0,0.0,0.0,0.0,154.0.2,5,1,0,-33.0,
2026-07-25T13:04:54+00:00,106.5,20.5,0.0,0.0,0.0,0.0,601,464694,0.0,0.0,0.0,0.0,0.0,0.0,0.0,0.0,0.0,154.0.2,5,1,0,-104.0,-30.0
2026-07-25T13:09:55+00:00,111.0,20.5,0.0,0.0,0.0,0.0,601,464995,0.0,0.0,0.0,0.0,0.0,0.0,0.0,0.0,0.0,154.0.2,5,1,0,58.0,175.0
2026-07-25T13:14:54+00:00,92.5,21.1,0.0,0.0,0.0,0.0,601,465294,0.0,0.0,0.0,0.0,0.0,0.0,0.0,0.0,0.0,154.0.2,5,1,0,15.0,-87.0
2026-07-25T13:19:54+00:00,96.0,21.1,0.0,0.0,0.0,0.0,601,465594,0.0,0.0,0.0,0.0,0.0,0.0,0.0,0.0,0.0,154.0.2,5,1,0,,-33.0
2026-07-25T13:24:55+00:00,124.5,21.1,0.0,0.0,0.0,0.0,601,465895,0.0,0.0,0.0,0.0,0.0,0.0,0.0,0.0,0.0,154.0.2,5,1,0,76.0,-104.0
2026-07-25T13:29:55+00:00,127.0,21.7,0.0,0.0,0.0,0.0,601,466195,0.0,0.0,0.0,0.0,0.0,0.0,0.0,0.0,0.0,154.0.2,5,1,0,149.0,146.0
2026-07-25T13:34:55+00:00,77.0,21.7,0.0,0.0,0.0,0.0,601,466495,0.0,0.0,0.0,0.0,0.0,0.0,0.0,0.0,0.0,154.0.2,5,1,0,357.0,37.0
2026-07-25T13:39:55+00:00,7.0,21.7,0.0,0.0,0.0,0.0,601,466795,0.0,0.0,0.0,0.0,0.0,0.0,0.0,0.0,0.0,154.0.2,5,1,0,183.0,223.0
2026-07-25T13:44:55+00:00,7.0,22.4,0.0,0.0,0.0,0.0,601,467095,0.0,0.0,0.0,0.0,0.0,0.0,0.0,0.0,0.0,154.0.2,5,1,0,121.0,76.0
2026-07-25T13:49:54+00:00,-16.0,22.4,0.0,0.0,0.0,0.0,601,467394,0.0,0.0,0.0,0.0,0.0,0.0,0.0,0.0,0.0,154.0.2,5,1,0,,102.0
2026-07-25T13:54:54+00:00,1.0,22.4,0.0,0.0,0.0,0.0,601,467694,0.0,0.0,0.0,0.0,0.0,0.0,0.0,0.0,0.0,154.0.2,5,1,0,,
2026-07-25T13:59:55+00:00,-25.0,22.8,0.0,0.0,0.0,0.0,601,467995,0.0,0.0,0.0,0.0,0.0,0.0,0.0,0.0,0.0,154.0.2,5,1,0,3.0,65.0
2026-07-25T14:04:54+00:00,-34.0,22.8,0.0,0.0,0.0,0.0,601,468294,0.0,0.0,0.0,0.0,0.0,0.0,0.0,0.0,0.0,154.0.2,5,1,0,-43.0,
2026-07-25T14:09:54+00:00,-34.0,22.8,0.0,0.0,0.0,0.0,601,468594,0.0,0.0,0.0,0.0,0.0,0.0,0.0,0.0,0.0,154.0.2,5,1,0,,
2026-07-25T14:14:54+00:00,-3.0,23.2,0.0,0.0,0.0,0.0,601,468894,0.0,0.0,0.0,0.0,0.0,0.0,0.0,0.0,0.0,154.0.2,5,1,0,-227.0,
2026-07-25T14:19:54+00:00,14.0,23.2,0.0,0.0,0.0,0.0,601,469194,0.0,0.0,0.0,0.0,0.0,0.0,0.0,0.0,0.0,154.0.2,5,1,0,147.0,-35.0
2026-07-25T14:24:54+00:00,6.5,23.2,0.0,0.0,0.0,0.0,601,469494,0.0,0.0,0.0,0.0,0.0,0.0,0.0,0.0,0.0,154.0.2,5,1,0,-455.0,-140.0
2026-07-25T14:29:54+00:00,-33.0,23.7,0.0,0.0,0.0,0.0,601,469794,0.0,0.0,0.0,0.0,0.0,0.0,0.0,0.0,0.0,154.0.2,5,1,0,14.0,
2026-07-25T14:34:55+00:00,5.0,23.7,0.0,0.0,0.0,0.0,601,470095,0.0,0.0,0.0,0.0,0.0,0.0,0.0,0.0,0.0,154.0.2,5,1,0,25.0,91.0
2026-07-25T14:39:54+00:00,-8.0,23.7,0.0,0.0,0.0,0.0,601,470394,0.0,0.0,0.0,0.0,0.0,0.0,0.0,0.0,0.0,154.0.2,5,1,0,-53.0,147.0
2026-07-25T14:44:54+00:00,-10.0,24.0,0.0,0.0,0.0,0.0,601,470694,0.0,0.0,0.0,0.0,0.0,0.0,0.0,0.0,0.0,154.0.2,5,1,0,,92.0
2026-07-25T14:49:54+00:00,-10.0,24.0,0.0,0.0,0.0,0.0,601,470994,0.0,0.0,0.0,0.0,0.0,0.0,0.0,0.0,0.0,154.0.2,5,1,0,-55.0,1.0
2026-07-25T14:54:54+00:00,-44.0,24.0,0.0,0.0,0.0,0.0,601,471294,0.0,0.0,0.0,0.0,0.0,0.0,0.0,0.0,0.0,154.0.2,5,1,0,142.0,-8.0
2026-07-25T14:59:55+00:00,24.5,24.2,0.0,0.0,0.0,0.0,601,471595,0.0,0.0,0.0,0.0,0.0,0.0,0.0,0.0,0.0,154.0.2,5,1,0,-88.0,-33.0
2026-07-25T15:04:55+00:00,38.0,24.2,0.0,0.0,0.0,0.0,601,471895,0.0,0.0,0.0,0.0,0.0,0.0,0.0,0.0,0.0,154.0.2,5,1,0,218.0,89.0
2026-07-25T15:09:55+00:00,-8.0,24.2,0.0,0.0,0.0,0.0,601,472195,0.0,0.0,0.0,0.0,0.0,0.0,0.0,0.0,0.0,154.0.2,5,1,0,67.0,112.0
2026-07-25T15:14:54+00:00,33.5,24.4,0.0,0.0,0.0,0.0,601,472494,0.0,0.0,0.0,0.0,0.0,0.0,0.0,0.0,0.0,154.0.2,5,1,0,,137.0
2026-07-25T15:19:54+00:00,30.0,24.4,0.0,0.0,0.0,0.0,601,472794,0.0,0.0,0.0,0.0,0.0,0.0,0.0,0.0,0.0,154.0.2,5,1,0,,41.0
2026-07-25T15:24:54+00:00,38.0,24.4,0.0,0.0,0.0,0.0,601,473094,0.0,0.0,0.0,0.0,0.0,0.0,0.0,0.0,0.0,154.0.2,5,1,0,56.0,218.0
2026-07-25T15:29:55+00:00,-30.0,24.9,0.0,0.0,0.0,0.0,601,473395,0.0,0.0,0.0,0.0,0.0,0.0,0.0,0.0,0.0,154.0.2,5,1,0,83.0,119.0
2026-07-25T15:34:54+00:00,-58.0,24.9,0.0,0.0,0.0,0.0,601,473694,0.0,0.0,0.0,0.0,0.0,0.0,0.0,0.0,0.0,154.0.2,5,1,0,20.0,
2026-07-25T15:39:55+00:00,-31.0,24.9,0.0,0.0,0.0,0.0,601,473995,0.0,0.0,0.0,0.0,0.0,0.0,0.0,0.0,0.0,154.0.2,5,1,0,-60.0,103.0
2026-07-25T15:44:55+00:00,-30.0,25.1,0.0,0.0,0.0,0.0,601,474295,0.0,0.0,0.0,0.0,0.0,0.0,0.0,0.0,0.0,154.0.2,5,1,0,4.0,38.0
2026-07-25T15:49:54+00:00,-1.0,25.1,0.0,0.0,0.0,0.0,601,474594,0.0,0.0,0.0,0.0,0.0,0.0,0.0,0.0,0.0,154.0.2,5,1,0,,21.0
2026-07-25T15:54:54+00:00,54.5,25.1,0.0,0.0,0.0,0.0,601,474894,0.0,0.0,0.0,0.0,0.0,0.0,0.0,0.0,0.0,154.0.2,5,1,0,,20.0
2026-07-25T15:59:55+00:00,34.0,25.4,0.0,0.0,0.0,0.0,601,475195,0.0,0.0,0.0,0.0,0.0,0.0,0.0,0.0,0.0,154.0.2,5,1,0,166.0,60.0
2026-07-25T16:04:54+00:00,50.0,25.4,0.0,0.0,0.0,0.0,601,475494,0.0,0.0,0.0,0.0,0.0,0.0,0.0,0.0,0.0,154.0.2,5,1,0,204.0,-405.0
2026-07-25T16:09:54+00:00,8.0,25.4,0.0,0.0,0.0,0.0,601,475794,0.0,0.0,0.0,0.0,0.0,0.0,0.0,0.0,0.0,154.0.2,5,1,0,,
2026-07-25T16:14:54+00:00,11.0,25.6,0.0,0.0,0.0,0.0,601,476094,0.0,0.0,0.0,0.0,0.0,0.0,0.0,0.0,0.0,154.0.2,5,1,0,192.0,
2026-07-25T16:19:55+00:00,73.5,25.6,0.0,0.0,0.0,0.0,601,476395,0.0,0.0,0.0,0.0,0.0,0.0,0.0,0.0,0.0,154.0.2,5,1,0,-227.0,-86.0
2026-07-25T16:24:55+00:00,-44.0,25.6,0.0,0.0,0.0,0.0,601,476695,0.0,0.0,0.0,0.0,0.0,0.0,0.0,0.0,0.0,154.0.2,5,1,0,-37.0,83.0
2026-07-25T16:29:55+00:00,23.5,25.8,0.0,0.0,0.0,0.0,601,476995,0.0,0.0,0.0,0.0,0.0,0.0,0.0,0.0,0.0,154.0.2,5,1,0,32.0,34.0
2026-07-25T16:34:55+00:00,-42.5,25.8,0.0,0.0,0.0,0.0,601,477295,0.0,0.0,0.0,0.0,0.0,0.0,0.0,0.0,0.0,154.0.2,5,1,0,-186.0,-42.0
2026-07-25T16:39:55+00:00,75.5,25.8,0.0,0.0,0.0,0.0,601,477595,0.0,0.0,0.0,0.0,0.0,0.0,0.0,0.0,0.0,154.0.2,5,1,0,-114.0,247.0
2026-07-25T16:44:55+00:00,-5.0,25.5,0.0,0.0,0.0,0.0,601,477895,0.0,0.0,0.0,0.0,0.0,0.0,0.0,0.0,0.0,154.0.2,5,1,0,80.0,87.0
2026-07-25T16:49:55+00:00,-84.5,25.5,0.0,0.0,0.0,0.0,601,478195,0.0,0.0,0.0,0.0,0.0,0.0,0.0,0.0,0.0,154.0.2,5,1,0,-198.0,81.0
2026-07-25T16:54:55+00:00,-7.0,25.5,0.0,0.0,0.0,0.0,601,478495,0.0,0.0,0.0,0.0,0.0,0.0,0.0,0.0,0.0,154.0.2,5,1,0,-65.0,-75.0
2026-07-25T16:59:55+00:00,-43.0,25.8,0.0,0.0,0.0,0.0,601,478795,0.0,0.0,0.0,0.0,0.0,0.0,0.0,0.0,0.0,154.0.2,5,1,0,-174.0,214.0
2026-07-25T17:04:55+00:00,-13.0,25.8,0.0,0.0,0.0,0.0,601,479095,0.0,0.0,0.0,0.0,0.0,0.0,0.0,0.0,0.0,154.0.2,5,1,0,382.0,179.0
2026-07-25T17:09:55+00:00,-38.0,25.8,0.0,0.0,0.0,0.0,601,479395,0.0,0.0,0.0,0.0,0.0,0.0,0.0,0.0,0.0,154.0.2,5,1,0,-47.0,-198.0
2026-07-25T17:14:55+00:00,25.0,25.9,0.0,0.0,0.0,0.0,601,479695,0.0,0.0,0.0,0.0,0.0,0.0,0.0,0.0,0.0,154.0.2,5,1,0,-13.0,-65.0
2026-07-25T17:19:54+00:00,9.0,25.9,0.0,0.0,0.0,0.0,601,479994,0.0,0.0,0.0,0.0,0.0,0.0,0.0,0.0,0.0,154.0.2,5,1,0,,
2026-07-25T17:24:55+00:00,5.5,25.9,0.0,0.0,0.0,0.0,601,480295,0.0,0.0,0.0,0.0,0.0,0.0,0.0,0.0,0.0,154.0.2,5,1,0,25.0,45.0
2026-07-25T17:29:55+00:00,-14.0,26.4,0.0,0.0,0.0,0.0,601,480595,0.0,0.0,0.0,0.0,0.0,0.0,0.0,0.0,0.0,154.0.2,5,1,0,11.0,-47.0
2026-07-25T17:34:54+00:00,34.0,26.2,0.0,0.0,0.0,0.0,601,480894,0.0,0.0,0.0,0.0,0.0,0.0,0.0,0.0,0.0,154.0.2,5,1,0,,
2026-07-25T17:39:55+00:00,-6.5,26.2,0.0,0.0,0.0,0.0,601,481195,0.0,0.0,0.0,0.0,0.0,0.0,0.0,0.0,0.0,154.0.2,5,1,0,177.0,22.0
2026-07-25T17:44:55+00:00,122.5,26.5,0.0,0.0,0.0,0.0,601,481495,0.0,0.0,0.0,0.0,0.0,0.0,0.0,0.0,0.0,154.0.2,5,1,0,28.0,18.0
2026-07-25T17:49:55+00:00,99.0,26.5,0.0,0.0,0.0,0.0,601,481795,0.0,0.0,0.0,0.0,0.0,0.0,0.0,0.0,0.0,154.0.2,5,1,0,-108.0,82.0
2026-07-25T17:54:55+00:00,164.5,26.5,0.0,0.0,0.0,0.0,601,482095,0.0,0.0,0.0,0.0,0.0,0.0,0.0,0.0,0.0,154.0.2,5,1,0,-35.0,2.0
2026-07-25T17:59:55+00:00,125.5,26.8,0.0,0.0,0.0,0.0,601,482395,0.0,0.0,0.0,0.0,0.0,0.0,0.0,0.0,0.0,154.0.2,5,1,0,-119.0,-53.0
2026-07-25T18:04:54+00:00,120.5,26.8,0.0,0.0,0.0,0.0,601,482694,0.0,0.0,0.0,0.0,0.0,0.0,0.0,0.0,0.0,154.0.2,5,1,0,,-12.0
2026-07-25T18:09:54+00:00,91.0,26.8,0.0,0.0,0.0,0.0,601,482994,0.0,0.0,0.0,0.0,0.0,0.0,0.0,0.0,0.0,154.0.2,5,1,0,,
2026-07-25T18:14:55+00:00,72.0,26.8,0.0,0.0,0.0,0.0,601,483295,0.0,0.0,0.0,0.0,0.0,0.0,0.0,0.0,0.0,154.0.2,5,1,0,132.0,-35.0
2026-07-25T18:19:54+00:00,47.0,26.8,0.0,0.0,0.0,0.0,601,483594,0.0,0.0,0.0,0.0,0.0,0.0,0.0,0.0,0.0,154.0.2,5,1,0,123.0,
2026-07-25T18:24:54+00:00,66.0,26.8,0.0,0.0,0.0,0.0,601,483894,0.0,0.0,0.0,0.0,0.0,0.0,0.0,0.0,0.0,154.0.2,5,1,0,,
2026-07-25T18:29:55+00:00,135.0,26.9,0.0,0.0,0.0,0.0,601,484195,0.0,0.0,0.0,0.0,0.0,0.0,0.0,0.0,0.0,154.0.2,5,1,0,-195.0,-14.0
2026-07-25T18:34:55+00:00,-15.0,26.9,0.0,0.0,0.0,0.0,601,484495,0.0,0.0,0.0,0.0,0.0,0.0,0.0,0.0,0.0,154.0.2,5,1,0,-413.0,109.0
2026-07-25T18:39:54+00:00,49.0,26.9,0.0,0.0,0.0,0.0,601,484794,0.0,0.0,0.0,0.0,0.0,0.0,0.0,0.0,0.0,154.0.2,5,1,0,,123.0
2026-07-25T18:44:54+00:00,110.0,27.0,0.0,0.0,0.0,0.0,601,485094,0.0,0.0,0.0,0.0,0.0,0.0,0.0,0.0,0.0,154.0.2,5,1,0,,
2026-07-25T18:49:54+00:00,103.0,27.0,0.0,0.0,0.0,0.0,601,485394,0.0,0.0,0.0,0.0,0.0,0.0,0.0,0.0,0.0,154.0.2,5,1,0,389.0,239.0
2026-07-25T18:54:55+00:00,95.0,27.0,0.0,0.0,0.0,0.0,601,485695,0.0,0.0,0.0,0.0,0.0,0.0,0.0,0.0,0.0,154.0.2,5,1,0,110.0,162.0
2026-07-25T18:59:54+00:00,105.5,27.0,0.0,0.0,0.0,0.0,601,485994,0.0,0.0,0.0,0.0,0.0,0.0,0.0,0.0,0.0,154.0.2,5,1,0,225.0,
2026-07-25T19:04:55+00:00,-10.0,27.0,0.0,0.0,0.0,0.0,601,486295,0.0,0.0,0.0,0.0,0.0,0.0,0.0,0.0,0.0,154.0.2,5,1,0,128.0,-450.0
2026-07-25T19:09:55+00:00,20.0,27.0,0.0,0.0,0.0,0.0,601,486595,0.0,0.0,0.0,0.0,0.0,0.0,0.0,0.0,0.0,154.0.2,5,1,0,205.0,255.0
2026-07-25T19:14:55+00:00,31.0,27.1,0.0,0.0,0.0,0.0,601,486895,0.0,0.0,0.0,0.0,0.0,0.0,0.0,0.0,0.0,154.0.2,5,1,0,-51.0,70.0
2026-07-25T19:19:55+00:00,-90.5,27.1,0.0,0.0,0.0,0.0,601,487195,0.0,0.0,0.0,0.0,0.0,0.0,0.0,0.0,0.0,154.0.2,5,1,0,156.0,225.0
2026-07-25T19:24:55+00:00,-57.0,26.6,0.0,0.0,0.0,0.0,601,487495,0.0,0.0,0.0,0.0,0.0,0.0,0.0,0.0,0.0,154.0.2,5,1,0,124.0,237.0
2026-07-25T19:29:54+00:00,-12.0,26.8,0.0,0.0,0.0,0.0,601,487794,0.0,0.0,0.0,0.0,0.0,0.0,0.0,0.0,0.0,154.0.2,5,1,0,,155.0
2026-07-25T19:34:55+00:00,-48.5,26.8,0.0,0.0,0.0,0.0,601,488095,0.0,0.0,0.0,0.0,0.0,0.0,0.0,0.0,0.0,154.0.2,5,1,0,154.0,151.0
2026-07-25T19:39:54+00:00,-12.0,26.8,0.0,0.0,0.0,0.0,601,488394,0.0,0.0,0.0,0.0,0.0,0.0,0.0,0.0,0.0,154.0.2,5,1,0,53.0,
2026-07-25T19:44:54+00:00,-14.0,27.0,0.0,0.0,0.0,0.0,601,488694,0.0,0.0,0.0,0.0,0.0,0.0,0.0,0.0,0.0,154.0.2,5,1,0,,
2026-07-25T19:49:55+00:00,-40.0,27.0,0.0,0.0,0.0,0.0,601,488995,0.0,0.0,0.0,0.0,0.0,0.0,0.0,0.0,0.0,154.0.2,5,1,0,-233.0,-201.0
2026-07-25T19:54:54+00:00,-81.0,27.0,0.0,0.0,0.0,0.0,601,489294,0.0,0.0,0.0,0.0,0.0,0.0,0.0,0.0,0.0,154.0.2,5,1,0,-248.0,
2026-07-25T19:59:55+00:00,11.0,26.9,0.0,0.0,0.0,0.0,601,489595,0.0,0.0,0.0,0.0,0.0,0.0,0.0,0.0,0.0,154.0.2,5,1,0,299.0,-89.0
2026-07-25T20:04:54+00:00,-31.0,26.9,0.0,0.0,0.0,0.0,601,489894,0.0,0.0,0.0,0.0,0.0,0.0,0.0,0.0,0.0,154.0.2,5,1,0,-76.0,
2026-07-25T20:09:55+00:00,53.0,26.9,0.0,0.0,0.0,0.0,601,490195,0.0,0.0,0.0,0.0,0.0,0.0,0.0,0.0,0.0,154.0.2,5,1,0,105.0,-125.0
2026-07-25T20:14:55+00:00,21.0,27.0,0.0,0.0,0.0,0.0,601,490495,0.0,0.0,0.0,0.0,0.0,0.0,0.0,0.0,0.0,154.0.2,5,1,0,93.0,84.0
2026-07-25T20:19:55+00:00,38.0,27.0,0.0,0.0,0.0,0.0,601,490795,0.0,0.0,0.0,0.0,0.0,0.0,0.0,0.0,0.0,154.0.2,5,1,0,559.0,-278.0
2026-07-25T20:24:55+00:00,76.5,27.0,0.0,0.0,0.0,0.0,601,491095,0.0,0.0,0.0,0.0,0.0,0.0,0.0,0.0,0.0,154.0.2,5,1,0,105.0,-267.0
2026-07-25T20:29:55+00:00,36.0,26.7,0.0,0.0,0.0,0.0,601,491395,0.0,0.0,0.0,0.0,0.0,0.0,0.0,0.0,0.0,154.0.2,5,1,0,38.0,83.0
2026-07-25T20:34:54+00:00,-45.5,26.7,0.0,0.0,0.0,0.0,601,491694,0.0,0.0,0.0,0.0,0.0,0.0,0.0,0.0,0.0,154.0.2,5,1,0,,158.0
2026-07-25T20:39:54+00:00,-33.0,26.7,0.0,0.0,0.0,0.0,601,491994,0.0,0.0,0.0,0.0,0.0,0.0,0.0,0.0,0.0,154.0.2,5,1,0,,
2026-07-25T20:44:55+00:00,-10.0,26.7,0.0,0.0,0.0,0.0,601,492295,0.0,0.0,0.0,0.0,0.0,0.0,0.0,0.0,0.0,154.0.2,5,1,0,-74.0,21.0
2026-07-25T20:49:55+00:00,-21.5,26.7,0.0,0.0,0.0,0.0,601,492595,0.0,0.0,0.0,0.0,0.0,0.0,0.0,0.0,0.0,154.0.2,5,1,0,-79.0,-15.0
2026-07-25T20:54:55+00:00,-2.0,26.7,0.0,0.0,0.0,0.0,601,492895,0.0,0.0,0.0,0.0,0.0,0.0,0.0,0.0,0.0,154.0.2,5,1,0,60.0,-124.0
2026-07-25T20:59:55+00:00,28.0,26.4,0.0,0.0,0.0,0.0,601,493195,0.0,0.0,0.0,0.0,0.0,0.0,0.0,0.0,0.0,154.0.2,5,1,0,49.0,-51.0
2026-07-25T21:04:55+00:00,26.0,26.4,0.0,0.0,0.0,0.0,601,493495,0.0,0.0,0.0,0.0,0.0,0.0,0.0,0.0,0.0,154.0.2,5,1,0,-160.0,-74.0
2026-07-25T21:09:55+00:00,68.5,26.4,0.0,0.0,0.0,0.0,601,493795,0.0,0.0,0.0,0.0,0.0,0.0,0.0,0.0,0.0,154.0.2,5,1,0,-137.0,-79.0
2026-07-25T21:14:55+00:00,102.0,26.3,0.0,0.0,0.0,0.0,601,494095,0.0,0.0,0.0,0.0,0.0,0.0,0.0,0.0,0.0,154.0.2,5,1,0,178.0,60.0
2026-07-25T21:19:54+00:00,78.0,26.3,0.0,0.0,0.0,0.0,601,494394,0.0,0.0,0.0,0.0,0.0,0.0,0.0,0.0,0.0,154.0.2,5,1,0,,
2026-07-25T21:24:54+00:00,-6.0,26.3,0.0,0.0,0.0,0.0,601,494694,0.0,0.0,0.0,0.0,0.0,0.0,0.0,0.0,0.0,154.0.2,5,1,0,,
2026-07-25T21:29:55+00:00,-24.0,26.1,0.0,0.0,0.0,0.0,601,494995,0.0,0.0,0.0,0.0,0.0,0.0,0.0,0.0,0.0,154.0.2,5,1,0,81.0,-586.0
2026-07-25T21:34:55+00:00,-92.0,26.1,0.0,0.0,0.0,0.0,601,495295,0.0,0.0,0.0,0.0,0.0,0.0,0.0,0.0,0.0,154.0.2,5,1,0,145.0,-35.0
2026-07-25T21:39:55+00:00,-101.0,26.1,0.0,0.0,0.0,0.0,601,495595,0.0,0.0,0.0,0.0,0.0,0.0,0.0,0.0,0.0,154.0.2,5,1,0,-83.0,191.0
2026-07-25T21:44:55+00:00,-14.0,26.1,0.0,0.0,0.0,0.0,601,495895,0.0,0.0,0.0,0.0,0.0,0.0,0.0,0.0,0.0,154.0.2,5,1,0,-66.0,52.0
2026-07-25T21:49:55+00:00,-19.5,26.1,0.0,0.0,0.0,0.0,601,496195,0.0,0.0,0.0,0.0,0.0,0.0,0.0,0.0,0.0,154.0.2,5,1,0,-132.0,137.0
2026-07-25T21:54:55+00:00,-14.5,26.1,0.0,0.0,0.0,0.0,601,496495,0.0,0.0,0.0,0.0,0.0,0.0,0.0,0.0,0.0,154.0.2,5,1,0,-187.0,-96.0
2026-07-25T21:59:55+00:00,-11.0,25.9,0.0,0.0,0.0,0.0,601,496795,0.0,0.0,0.0,0.0,0.0,0.0,0.0,0.0,0.0,154.0.2,5,1,0,278.0,-489.0
2026-07-25T22:04:55+00:00,-32.0,25.9,0.0,0.0,0.0,0.0,601,497095,0.0,0.0,0.0,0.0,0.0,0.0,0.0,0.0,0.0,154.0.2,5,1,0,-332.0,-66.0
2026-07-25T22:09:55+00:00,-21.0,25.9,0.0,0.0,0.0,0.0,601,497395,0.0,0.0,0.0,0.0,0.0,0.0,0.0,0.0,0.0,154.0.2,5,1,0,-287.0,-132.0
2026-07-25T22:14:55+00:00,-14.0,25.8,0.0,0.0,0.0,0.0,601,497695,0.0,0.0,0.0,0.0,0.0,0.0,0.0,0.0,0.0,154.0.2,5,1,0,-27.0,-14.0
2026-07-25T22:19:55+00:00,-46.0,25.8,0.0,0.0,0.0,0.0,601,497995,0.0,0.0,0.0,0.0,0.0,0.0,0.0,0.0,0.0,154.0.2,5,1,0,-18.0,-7.0
2026-07-25T22:24:55+00:00,-31.5,25.8,0.0,0.0,0.0,0.0,601,498295,0.0,0.0,0.0,0.0,0.0,0.0,0.0,0.0,0.0,154.0.2,5,1,0,-29.0,-15.0
2026-07-25T22:29:55+00:00,-72.5,25.6,0.0,0.0,0.0,0.0,601,498595,0.0,0.0,0.0,0.0,0.0,0.0,0.0,0.0,0.0,154.0.2,5,1,0,-79.0,-287.0
2026-07-25T22:34:55+00:00,-38.0,25.3,0.0,0.0,0.0,0.0,601,498895,0.0,0.0,0.0,0.0,0.0,0.0,0.0,0.0,0.0,154.0.2,5,1,0,-53.0,-212.0
2026-07-25T22:39:55+00:00,-16.0,25.3,0.0,0.0,0.0,0.0,601,499195,0.0,0.0,0.0,0.0,0.0,0.0,0.0,0.0,0.0,154.0.2,5,1,0,146.0,-168.0
2026-07-25T22:44:55+00:00,-65.0,24.9,0.0,0.0,0.0,0.0,601,499495,0.0,0.0,0.0,0.0,0.0,0.0,0.0,0.0,0.0,154.0.2,5,1,0,429.0,117.0
2026-07-25T22:49:55+00:00,-59.0,24.9,0.0,0.0,0.0,0.0,601,499795,0.0,0.0,0.0,0.0,0.0,0.0,0.0,0.0,0.0,154.0.2,5,1,0,407.0,298.0
2026-07-25T22:54:55+00:00,8.0,24.9,0.0,0.0,0.0,0.0,601,500095,0.0,0.0,0.0,0.0,0.0,0.0,0.0,0.0,0.0,154.0.2,5,1,0,62.0,-53.0
2026-07-25T22:59:55+00:00,-0.5,24.6,0.0,0.0,0.0,0.0,601,500395,0.0,0.0,0.0,0.0,0.0,0.0,0.0,0.0,0.0,154.0.2,5,1,0,12.0,146.0
2026-07-25T23:04:55+00:00,-35.0,24.6,0.0,0.0,0.0,0.0,601,500695,0.0,0.0,0.0,0.0,0.0,0.0,0.0,0.0,0.0,154.0.2,5,1,0,8.0,-14.0
2026-07-25T23:09:55+00:00,-37.0,24.6,0.0,0.0,0.0,0.0,601,500995,0.0,0.0,0.0,0.0,0.0,0.0,0.0,0.0,0.0,154.0.2,5,1,0,42.0,39.0
2026-07-25T23:14:55+00:00,-33.0,24.2,0.0,0.0,0.0,0.0,601,501295,0.0,0.0,0.0,0.0,0.0,0.0,0.0,0.0,0.0,154.0.2,5,1,0,67.0,62.0
2026-07-25T23:19:55+00:00,0.0,24.2,0.0,0.0,0.0,0.0,601,501595,0.0,0.0,0.0,0.0,0.0,0.0,0.0,0.0,0.0,154.0.2,5,1,0,-19.0,12.0
2026-07-25T23:24:55+00:00,-32.5,24.2,0.0,0.0,0.0,0.0,601,501895,0.0,0.0,0.0,0.0,0.0,0.0,0.0,0.0,0.0,154.0.2,5,1,0,-19.0,77.0
2026-07-25T23:29:55+00:00,-63.5,23.5,0.0,0.0,0.0,0.0,601,502195,0.0,0.0,0.0,0.0,0.0,0.0,0.0,0.0,0.0,154.0.2,5,1,0,39.0,42.0
2026-07-25T23:34:54+00:00,-14.0,23.5,0.0,0.0,0.0,0.0,601,502494,0.0,0.0,0.0,0.0,0.0,0.0,0.0,0.0,0.0,154.0.2,5,1,0,,
2026-07-25T23:39:55+00:00,19.0,23.5,0.0,0.0,0.0,0.0,601,502795,0.0,0.0,0.0,0.0,0.0,0.0,0.0,0.0,0.0,154.0.2,5,1,0,-78.0,-19.0
2026-07-25T23:44:55+00:00,-24.0,22.8,0.0,0.0,0.0,0.0,601,503095,0.0,0.0,0.0,0.0,0.0,0.0,0.0,0.0,0.0,154.0.2,5,1,0,1.0,-64.0
2026-07-25T23:49:55+00:00,14.0,22.8,0.0,0.0,0.0,0.0,601,503395,0.0,0.0,0.0,0.0,0.0,0.0,0.0,0.0,0.0,154.0.2,5,1,0,116.0,125.0
2026-07-25T23:54:55+00:00,-14.0,22.8,0.0,0.0,0.0,0.0,601,503695,0.0,0.0,0.0,0.0,0.0,0.0,0.0,0.0,0.0,154.0.2,5,1,0,-35.0,-72.0
2026-07-25T23:59:55+00:00,6.5,22.3,0.0,0.0,0.0,0.0,601,503995,0.0,0.0,0.0,0.0,0.0,0.0,0.0,0.0,0.0,154.0.2,5,1,0,-35.0,-34.0
2026-07-26T00:04:55+00:00,-28.0,22.3,0.0,0.0,0.0,0.0,601,504295,0.0,0.0,0.0,0.0,0.0,0.0,0.0,0.0,0.0,154.0.2,5,1,0,439.0,34.0
2026-07-26T00:09:55+00:00,-25.0,22.3,0.0,0.0,0.0,0.0,601,504595,0.0,0.0,0.0,0.0,0.0,0.0,0.0,0.0,0.0,154.0.2,5,1,0,-126.0,100.0
2026-07-26T00:14:54+00:00,-70.5,21.9,0.0,0.0,0.0,0.0,601,504894,0.0,0.0,0.0,0.0,0.0,0.0,0.0,0.0,0.0,154.0.2,5,1,0,,
2026-07-26T00:19:55+00:00,-43.0,21.9,0.0,0.0,0.0,0.0,601,505195,0.0,0.0,0.0,0.0,0.0,0.0,0.0,0.0,0.0,154.0.2,5,1,0,-167.0,-35.0
2026-07-26T00:24:54+00:00,52.5,21.9,0.0,0.0,0.0,0.0,601,505494,0.0,0.0,0.0,0.0,0.0,0.0,0.0,0.0,0.0,154.0.2,5,1,0,-257.0,
2026-07-26T00:29:55+00:00,57.0,22.1,0.0,0.0,0.0,0.0,601,505795,0.0,0.0,0.0,0.0,0.0,0.0,0.0,0.0,0.0,154.0.2,5,1,0,-168.0,-159.0
2026-07-26T00:34:55+00:00,84.0,22.1,0.0,0.0,0.0,0.0,601,506095,0.0,0.0,0.0,0.0,0.0,0.0,0.0,0.0,0.0,154.0.2,5,1,0,-38.0,-28.0
2026-07-26T00:39:55+00:00,116.5,22.1,0.0,0.0,0.0,0.0,601,506395,0.0,0.0,0.0,0.0,0.0,0.0,0.0,0.0,0.0,154.0.2,5,1,0,111.0,58.0
2026-07-26T00:44:55+00:00,98.0,21.5,0.0,0.0,0.0,0.0,601,506695,0.0,0.0,0.0,0.0,0.0,0.0,0.0,0.0,0.0,154.0.2,5,1,0,224.0,129.0
2026-07-26T00:49:55+00:00,82.0,21.5,0.0,0.0,0.0,0.0,601,506995,0.0,0.0,0.0,0.0,0.0,0.0,0.0,0.0,0.0,154.0.2,5,1,0,153.0,162.0
2026-07-26T00:54:55+00:00,83.0,21.5,0.0,0.0,0.0,0.0,601,507295,0.0,0.0,0.0,0.0,0.0,0.0,0.0,0.0,0.0,154.0.2,5,1,0,-38.0,143.0
2026-07-26T00:59:55+00:00,109.0,21.0,0.0,0.0,0.0,0.0,601,507595,0.0,0.0,0.0,0.0,0.0,0.0,0.0,0.0,0.0,154.0.2,5,1,0,365.0,-152.0
2026-07-26T01:04:54+00:00,104.0,21.0,0.0,0.0,0.0,0.0,601,507894,0.0,0.0,0.0,0.0,0.0,0.0,0.0,0.0,0.0,154.0.2,5,1,0,,
2026-07-26T01:09:55+00:00,94.0,21.0,0.0,0.0,0.0,0.0,601,508195,0.0,0.0,0.0,0.0,0.0,0.0,0.0,0.0,0.0,154.0.2,5,1,0,-570.0,22.0
2026-07-26T01:14:54+00:00,74.0,20.6,0.0,0.0,0.0,0.0,601,508494,0.0,0.0,0.0,0.0,0.0,0.0,0.0,0.0,0.0,154.0.2,5,1,0,144.0,
2026-07-26T01:19:54+00:00,15.0,20.9,0.0,0.0,0.0,0.0,601,508794,0.0,0.0,0.0,0.0,0.0,0.0,0.0,0.0,0.0,154.0.2,5,1,0,,
2026-07-26T01:24:54+00:00,73.0,20.9,0.0,0.0,0.0,0.0,601,509094,0.0,0.0,0.0,0.0,0.0,0.0,0.0,0.0,0.0,154.0.2,5,1,0,351.0,
2026-07-26T01:29:55+00:00,26.5,20.6,0.0,0.0,0.0,0.0,601,509395,0.0,0.0,0.0,0.0,0.0,0.0,0.0,0.0,0.0,154.0.2,5,1,0,369.0,-394.0
2026-07-26T01:34:54+00:00,40.0,20.6,0.0,0.0,0.0,0.0,601,509694,0.0,0.0,0.0,0.0,0.0,0.0,0.0,0.0,0.0,154.0.2,5,1,0,4.0,452.0
2026-07-26T01:39:55+00:00,62.5,20.6,0.0,0.0,0.0,0.0,601,509995,0.0,0.0,0.0,0.0,0.0,0.0,0.0,0.0,0.0,154.0.2,5,1,0,-80.0,94.0
2026-07-26T01:44:55+00:00,118.0,20.3,0.0,0.0,0.0,0.0,601,510295,0.0,0.0,0.0,0.0,0.0,0.0,0.0,0.0,0.0,154.0.2,5,1,0,-138.0,7.0
2026-07-26T01:49:54+00:00,181.5,20.3,0.0,0.0,0.0,0.0,601,510594,0.0,0.0,0.0,0.0,0.0,0.0,0.0,0.0,0.0,154.0.2,5,1,0,,58.0
2026-07-26T01:54:54+00:00,232.0,20.3,0.0,0.0,0.0,0.0,601,510894,0.0,0.0,0.0,0.0,0.0,0.0,0.0,0.0,0.0,154.0.2,5,1,0,,245.0
2026-07-26T01:59:54+00:00,196.0,20.0,0.0,0.0,0.0,0.0,601,511194,0.0,0.0,0.0,0.0,0.0,0.0,0.0,0.0,0.0,154.0.2,5,1,0,178.0,
2026-07-26T02:04:54+00:00,96.0,20.0,0.0,0.0,0.0,0.0,601,511494,0.0,0.0,0.0,0.0,0.0,0.0,0.0,0.0,0.0,154.0.2,5,1,0,139.0,137.0
2026-07-26T02:09:54+00:00,112.5,20.0,0.0,0.0,0.0,0.0,601,511794,0.0,0.0,0.0,0.0,0.0,0.0,0.0,0.0,0.0,154.0.2,5,1,0,196.0,
2026-07-26T02:14:55+00:00,140.0,19.9,0.0,0.0,0.0,0.0,601,512095,0.0,0.0,0.0,0.0,0.0,0.0,0.0,0.0,0.0,154.0.2,5,1,0,-5.0,151.0
2026-07-26T02:19:54+00:00,109.0,19.9,0.0,0.0,0.0,0.0,601,512394,0.0,0.0,0.0,0.0,0.0,0.0,0.0,0.0,0.0,154.0.2,5,1,0,-460.0,185.0
2026-07-26T02:24:54+00:00,182.0,19.9,0.0,0.0,0.0,0.0,601,512694,0.0,0.0,0.0,0.0,0.0,0.0,0.0,0.0,0.0,154.0.2,5,1,0,,139.0
2026-07-26T02:29:54+00:00,189.0,19.8,0.0,0.0,0.0,0.0,601,512994,0.0,0.0,0.0,0.0,0.0,0.0,0.0,0.0,0.0,154.0.2,5,1,0,219.0,332.0
2026-07-26T02:34:54+00:00,271.0,19.8,0.0,0.0,0.0,0.0,601,513294,0.0,0.0,0.0,0.0,0.0,0.0,0.0,0.0,0.0,154.0.2,5,1,0,155.0,-460.0
2026-07-26T02:39:54+00:00,195.5,19.8,0.0,0.0,0.0,0.0,601,513594,0.0,0.0,0.0,0.0,0.0,0.0,0.0,0.0,0.0,154.0.2,5,1,0,105.0,23.0
2026-07-26T02:44:54+00:00,138.0,19.5,0.0,0.0,0.0,0.0,601,513894,0.0,0.0,0.0,0.0,0.0,0.0,0.0,0.0,0.0,154.0.2,5,1,0,289.0,
2026-07-26T02:49:55+00:00,-1.5,19.5,0.0,0.0,0.0,0.0,601,514195,0.0,0.0,0.0,0.0,0.0,0.0,0.0,0.0,0.0,154.0.2,5,1,0,340.0,109.0
2026-07-26T02:54:55+00:00,8.0,19.5,0.0,0.0,0.0,0.0,601,514495,0.0,0.0,0.0,0.0,0.0,0.0,0.0,0.0,0.0,154.0.2,5,1,0,393.0,394.0
2026-07-26T02:59:54+00:00,74.5,19.3,0.0,0.0,0.0,0.0,601,514794,0.0,0.0,0.0,0.0,0.0,0.0,0.0,0.0,0.0,154.0.2,5,1,0,,236.0
2026-07-26T03:04:54+00:00,-54.0,19.3,0.0,0.0,0.0,0.0,601,515094,0.0,0.0,0.0,0.0,0.0,0.0,0.0,0.0,0.0,154.0.2,5,1,0,,334.0
2026-07-26T03:09:54+00:00,120.0,19.3,0.0,0.0,0.0,0.0,601,515394,0.0,0.0,0.0,0.0,0.0,0.0,0.0,0.0,0.0,154.0.2,5,1,0,-93.0,98.0
2026-07-26T03:14:54+00:00,24.0,19.1,0.0,0.0,0.0,0.0,601,515694,0.0,0.0,0.0,0.0,0.0,0.0,0.0,0.0,0.0,154.0.2,5,1,0,392.0,393.0
2026-07-26T03:19:54+00:00,158.0,19.1,0.0,0.0,0.0,0.0,601,515994,0.0,0.0,0.0,0.0,0.0,0.0,0.0,0.0,0.0,154.0.2,5,1,0,510.0,
2026-07-26T03:24:54+00:00,101.0,19.1,0.0,0.0,0.0,0.0,601,516294,0.0,0.0,0.0,0.0,0.0,0.0,0.0,0.0,0.0,154.0.2,5,1,0,295.0,
2026-07-26T03:29:54+00:00,212.0,19.6,0.0,0.0,0.0,0.0,601,516594,0.0,0.0,0.0,0.0,0.0,0.0,0.0,0.0,0.0,154.0.2,5,1,0,-287.0,-93.0
2026-07-26T03:34:54+00:00,185.0,19.6,0.0,0.0,0.0,0.0,601,516894,0.0,0.0,0.0,0.0,0.0,0.0,0.0,0.0,0.0,154.0.2,5,1,0,-40.0,392.0
2026-07-26T03:39:54+00:00,165.0,19.6,0.0,0.0,0.0,0.0,601,517194,0.0,0.0,0.0,0.0,0.0,0.0,0.0,0.0,0.0,154.0.2,5,1,0,191.0,279.0
2026-07-26T03:44:54+00:00,182.0,19.3,0.0,0.0,0.0,0.0,601,517494,0.0,0.0,0.0,0.0,0.0,0.0,0.0,0.0,0.0,154.0.2,5,1,0,-15.0,116.0
2026-07-26T03:49:54+00:00,167.5,19.3,0.0,0.0,0.0,0.0,601,517794,0.0,0.0,0.0,0.0,0.0,0.0,0.0,0.0,0.0,154.0.2,5,1,0,255.0,158.0
2026-07-26T03:54:54+00:00,123.0,19.3,0.0,0.0,0.0,0.0,601,518094,0.0,0.0,0.0,0.0,0.0,0.0,0.0,0.0,0.0,154.0.2,5,1,0,377.0,302.0
2026-07-26T03:59:54+00:00,77.0,19.1,0.0,0.0,0.0,0.0,601,518394,0.0,0.0,0.0,0.0,0.0,0.0,0.0,0.0,0.0,154.0.2,5,1,0,202.0,39.0
2026-07-26T04:04:54+00:00,67.0,19.1,0.0,0.0,0.0,0.0,601,518694,0.0,0.0,0.0,0.0,0.0,0.0,0.0,0.0,0.0,154.0.2,6,1,0,73.0,221.0
2026-07-26T04:09:54+00:00,56.0,19.1,0.0,0.0,0.0,0.0,601,518994,0.0,0.0,0.0,0.0,0.0,0.0,0.0,0.0,0.0,154.0.2,6,1,0,105.0,451.0
2026-07-26T04:14:55+00:00,121.0,18.8,0.0,0.0,0.0,0.0,601,519295,0.0,0.0,0.0,0.0,0.0,0.0,0.0,0.0,0.0,154.0.2,6,1,0,75.0,182.0
2026-07-26T04:19:54+00:00,79.0,18.8,0.0,0.0,0.0,0.0,601,519594,0.0,0.0,0.0,0.0,0.0,0.0,0.0,0.0,0.0,154.0.2,6,1,0,26.0,135.0
2026-07-26T04:24:54+00:00,127.0,18.8,0.0,0.0,0.0,0.0,601,519894,0.0,0.0,0.0,0.0,0.0,0.0,0.0,0.0,0.0,154.0.2,6,1,0,,143.0
2026-07-26T04:29:54+00:00,123.5,18.6,0.0,0.0,0.0,0.0,601,520194,0.0,0.0,0.0,0.0,0.0,0.0,0.0,0.0,0.0,154.0.2,6,1,0,-35.0,30.0
2026-07-26T04:34:54+00:00,82.0,18.7,0.0,0.0,0.0,0.0,601,520494,0.0,0.0,0.0,0.0,0.0,0.0,0.0,0.0,0.0,154.0.2,6,1,0,105.0,-15.0
2026-07-26T04:39:54+00:00,88.0,18.7,0.0,0.0,0.0,0.0,601,520794,0.0,0.0,0.0,0.0,0.0,0.0,0.0,0.0,0.0,154.0.2,6,1,0,158.0,56.0
2026-07-26T04:44:54+00:00,130.0,18.6,0.0,0.0,0.0,0.0,601,521094,0.0,0.0,0.0,0.0,0.0,0.0,0.0,0.0,0.0,154.0.2,6,1,0,146.0,
2026-07-26T04:49:54+00:00,152.0,18.6,0.0,0.0,0.0,0.0,601,521394,0.0,0.0,0.0,0.0,0.0,0.0,0.0,0.0,0.0,154.0.2,6,1,0,144.0,100.0
2026-07-26T04:54:54+00:00,56.0,18.6,0.0,0.0,0.0,0.0,601,521694,0.0,0.0,0.0,0.0,0.0,0.0,0.0,0.0,0.0,154.0.2,6,1,0,-67.0,229.0
2026-07-26T04:59:54+00:00,69.0,18.4,0.0,0.0,0.0,0.0,601,521994,0.0,0.0,0.0,0.0,0.0,0.0,0.0,0.0,0.0,154.0.2,6,1,0,61.0,44.0
2026-07-26T05:04:54+00:00,-74.0,18.4,0.0,0.0,0.0,0.0,601,522294,0.0,0.0,0.0,0.0,0.0,0.0,0.0,0.0,0.0,154.0.2,6,1,0,56.0,69.0
2026-07-26T05:09:54+00:00,-44.5,18.4,0.0,0.0,0.0,0.0,601,522594,0.0,0.0,0.0,0.0,0.0,0.0,0.0,0.0,0.0,154.0.2,6,1,0,69.0,144.0
2026-07-26T05:14:54+00:00,-55.0,18.2,0.0,0.0,0.0,0.0,601,522894,0.0,0.0,0.0,0.0,0.0,0.0,0.0,0.0,0.0,154.0.2,6,1,0,29.0,130.0
2026-07-26T05:19:54+00:00,-126.0,18.2,0.0,0.0,0.0,0.0,601,523194,0.0,0.0,0.0,0.0,0.0,0.0,0.0,0.0,0.0,154.0.2,6,1,0,-156.0,-71.0
2026-07-26T05:24:54+00:00,-53.0,18.2,0.0,0.0,0.0,0.0,601,523494,0.0,0.0,0.0,0.0,0.0,0.0,0.0,0.0,0.0,154.0.2,6,1,0,-138.0,-71.0
2026-07-26T05:29:54+00:00,-140.0,18.1,0.0,0.0,0.0,0.0,601,523794,0.0,0.0,0.0,0.0,0.0,0.0,0.0,0.0,0.0,154.0.2,6,1,0,-126.0,-110.0
2026-07-26T05:34:54+00:00,-115.0,18.1,0.0,0.0,0.0,0.0,601,524094,0.0,0.0,0.0,0.0,0.0,0.0,0.0,0.0,0.0,154.0.2,6,1,0,-53.0,-177.0
2026-07-26T09:39:54+00:00,10.0,15.9,0.0,0.0,0.0,0.0,601,538794,0.0,0.0,0.0,0.0,0.0,0.0,0.0,0.0,0.0,154.0.3,6,1,0,,
2026-07-26T09:44:54+00:00,-18.0,15.9,0.0,0.0,0.0,0.0,601,539094,0.0,0.0,0.0,0.0,0.0,0.0,0.0,0.0,0.0,154.0.3,6,1,0,,
2026-07-26T09:49:54+00:00,11.0,15.9,0.0,0.0,0.0,0.0,601,539394,0.0,0.0,0.0,0.0,0.0,0.0,0.0,0.0,0.0,154.0.3,6,1,0,10.0,
2026-07-26T09:54:54+00:00,-5.0,15.9,0.0,0.0,0.0,0.0,601,539694,0.0,0.0,0.0,0.0,0.0,0.0,0.0,0.0,0.0,154.0.3,6,1,0,-18.0,
2026-07-26T09:59:54+00:00,1.5,15.8,0.0,0.0,0.0,0.0,601,539994,0.0,0.0,0.0,0.0,0.0,0.0,0.0,0.0,0.0,154.0.3,6,1,0,11.0,
2026-07-26T10:04:54+00:00,42.5,15.8,0.0,0.0,0.0,0.0,601,540294,0.0,0.0,0.0,0.0,0.0,0.0,0.0,0.0,0.0,154.0.3,6,1,0,-5.0,
2026-07-26T10:09:54+00:00,-15.0,15.8,0.0,0.0,0.0,0.0,601,540594,0.0,0.0,0.0,0.0,0.0,0.0,0.0,0.0,0.0,154.0.3,6,1,0,7.0,10.0
2026-07-26T10:14:54+00:00,5.0,15.7,0.0,0.0,0.0,0.0,601,540894,0.0,0.0,0.0,0.0,0.0,0.0,0.0,0.0,0.0,154.0.3,6,1,0,55.0,-18.0
2026-07-26T10:19:54+00:00,2.0,15.7,0.0,0.0,0.0,0.0,601,541194,0.0,0.0,0.0,0.0,0.0,0.0,0.0,0.0,0.0,154.0.3,6,1,0,24.0,11.0
2026-07-26T10:24:54+00:00,17.5,15.7,0.0,0.0,0.0,0.0,601,541494,0.0,0.0,0.0,0.0,0.0,0.0,0.0,0.0,0.0,154.0.3,6,1,0,-518.0,-5.0
2026-07-26T10:29:54+00:00,-25.5,16.0,0.0,0.0,0.0,0.0,601,541794,0.0,0.0,0.0,0.0,0.0,0.0,0.0,0.0,0.0,154.0.3,6,1,0,89.0,-4.0
2026-07-26T10:34:54+00:00,-36.0,16.1,0.0,0.0,0.0,0.0,601,542094,0.0,0.0,0.0,0.0,0.0,0.0,0.0,0.0,0.0,154.0.3,6,1,0,-21.0,30.0
2026-07-26T10:39:54+00:00,-17.5,16.1,0.0,0.0,0.0,0.0,601,542394,0.0,0.0,0.0,0.0,0.0,0.0,0.0,0.0,0.0,154.0.3,6,1,0,57.0,-518.0
2026-07-26T10:44:54+00:00,-12.5,16.4,0.0,0.0,0.0,0.0,601,542694,0.0,0.0,0.0,0.0,0.0,0.0,0.0,0.0,0.0,154.0.3,6,1,0,-35.0,5.0
2026-07-26T10:49:54+00:00,-46.0,16.4,0.0,0.0,0.0,0.0,601,542994,0.0,0.0,0.0,0.0,0.0,0.0,0.0,0.0,0.0,154.0.3,6,1,0,-50.0,6.0
2026-07-26T10:54:54+00:00,94.0,16.4,0.0,0.0,0.0,0.0,601,543294,0.0,0.0,0.0,0.0,0.0,0.0,0.0,0.0,0.0,154.0.3,6,1,0,57.0,136.0
2026-07-26T10:59:54+00:00,114.0,17.0,0.0,0.0,0.0,0.0,601,543594,0.0,0.0,0.0,0.0,0.0,0.0,0.0,0.0,0.0,154.0.3,6,1,0,233.0,-68.0
2026-07-26T11:04:54+00:00,91.5,17.0,0.0,0.0,0.0,0.0,601,543894,0.0,0.0,0.0,0.0,0.0,0.0,0.0,0.0,0.0,154.0.3,6,1,0,94.0,118.0
2026-07-26T11:09:54+00:00,108.5,17.0,0.0,0.0,0.0,0.0,601,544194,0.0,0.0,0.0,0.0,0.0,0.0,0.0,0.0,0.0,154.0.3,6,1,0,105.0,170.0
2026-07-26T11:14:54+00:00,96.0,17.8,0.0,0.0,0.0,0.0,601,544494,0.0,0.0,0.0,0.0,0.0,0.0,0.0,0.0,0.0,154.0.3,6,1,0,105.0,57.0
2026-07-26T11:19:54+00:00,125.0,17.8,0.0,0.0,0.0,0.0,601,544794,0.0,0.0,0.0,0.0,0.0,0.0,0.0,0.0,0.0,154.0.3,6,1,0,113.0,-99.0
2026-07-26T11:24:54+00:00,129.0,17.8,0.0,0.0,0.0,0.0,601,545094,0.0,0.0,0.0,0.0,0.0,0.0,0.0,0.0,0.0,154.0.3,6,1,0,121.0,49.0
2026-07-26T11:29:54+00:00,121.0,18.7,0.0,0.0,0.0,0.0,601,545394,0.0,0.0,0.0,0.0,0.0,0.0,0.0,0.0,0.0,154.0.3,6,1,0,143.0,190.0
2026-07-26T11:34:54+00:00,106.0,18.7,0.0,0.0,0.0,0.0,601,545694,0.0,0.0,0.0,0.0,0.0,0.0,0.0,0.0,0.0,154.0.3,6,1,0,159.0,2.0
2026-07-26T11:39:54+00:00,97.0,18.7,0.0,0.0,0.0,0.0,601,545994,0.0,0.0,0.0,0.0,0.0,0.0,0.0,0.0,0.0,154.0.3,6,1,0,-483.0,225.0
2026-07-26T11:44:54+00:00,159.0,19.5,0.0,0.0,0.0,0.0,601,546294,0.0,0.0,0.0,0.0,0.0,0.0,0.0,0.0,0.0,154.0.3,6,1,0,212.0,46.0
2026-07-26T11:49:54+00:00,139.0,19.5,0.0,0.0,0.0,0.0,601,546594,0.0,0.0,0.0,0.0,0.0,0.0,0.0,0.0,0.0,154.0.3,6,1,0,33.0,143.0
2026-07-26T11:54:54+00:00,127.0,19.5,0.0,0.0,0.0,0.0,601,546894,0.0,0.0,0.0,0.0,0.0,0.0,0.0,0.0,0.0,154.0.3,6,1,0,98.0,-483.0
2026-07-26T11:59:54+00:00,29.5,20.1,0.0,0.0,0.0,0.0,601,547194,0.0,0.0,0.0,0.0,0.0,0.0,0.0,0.0,0.0,154.0.3,6,1,0,314.0,99.0
2026-07-26T12:04:54+00:00,118.5,20.1,0.0,0.0,0.0,0.0,601,547494,0.0,0.0,0.0,0.0,0.0,0.0,0.0,0.0,0.0,154.0.3,6,1,0,-19.0,55.0
2026-07-26T12:09:54+00:00,70.5,20.1,0.0,0.0,0.0,0.0,601,547794,0.0,0.0,0.0,0.0,0.0,0.0,0.0,0.0,0.0,154.0.3,6,1,0,23.0,146.0
2026-07-26T12:14:54+00:00,74.5,20.8,0.0,0.0,0.0,0.0,601,548094,0.0,0.0,0.0,0.0,0.0,0.0,0.0,0.0,0.0,154.0.3,6,1,0,92.0,98.0
2026-07-26T12:19:54+00:00,14.0,20.8,0.0,0.0,0.0,0.0,601,548394,0.0,0.0,0.0,0.0,0.0,0.0,0.0,0.0,0.0,154.0.3,6,1,0,-102.0,161.0
2026-07-26T12:24:54+00:00,-82.0,20.8,0.0,0.0,0.0,0.0,601,548694,0.0,0.0,0.0,0.0,0.0,0.0,0.0,0.0,0.0,154.0.3,6,1,0,-146.0,147.0
2026-07-26T12:29:54+00:00,-52.0,22.0,0.0,0.0,0.0,0.0,601,548994,0.0,0.0,0.0,0.0,0.0,0.0,0.0,0.0,0.0,154.0.3,6,1,0,14.0,23.0
2026-07-26T12:34:54+00:00,-67.0,22.0,0.0,0.0,0.0,0.0,601,549294,0.0,0.0,0.0,0.0,0.0,0.0,0.0,0.0,0.0,154.0.3,6,1,0,-97.0,-5.0
2026-07-26T12:39:54+00:00,-67.0,22.0,0.0,0.0,0.0,0.0,601,549594,0.0,0.0,0.0,0.0,0.0,0.0,0.0,0.0,0.0,154.0.3,6,1,0,-119.0,-102.0
2026-07-26T12:44:54+00:00,-66.0,22.5,0.0,0.0,0.0,0.0,601,549894,0.0,0.0,0.0,0.0,0.0,0.0,0.0,0.0,0.0,154.0.3,6,1,0,-27.0,-146.0
2026-07-26T12:49:55+00:00,-75.0,22.5,0.0,0.0,0.0,0.0,601,550195,0.0,0.0,0.0,0.0,0.0,0.0,0.0,0.0,0.0,154.0.3,6,1,0,-67.0,14.0
2026-07-26T12:54:55+00:00,-87.0,22.5,0.0,0.0,0.0,0.0,601,550495,0.0,0.0,0.0,0.0,0.0,0.0,0.0,0.0,0.0,154.0.3,6,1,0,-56.0,-97.0
2026-07-26T12:59:55+00:00,33.0,23.0,0.0,0.0,0.0,0.0,601,550795,0.0,0.0,0.0,0.0,0.0,0.0,0.0,0.0,0.0,154.0.3,6,1,0,312.0,-52.0
2026-07-26T13:04:54+00:00,-22.0,23.0,0.0,0.0,0.0,0.0,601,551094,0.0,0.0,0.0,0.0,0.0,0.0,0.0,0.0,0.0,154.0.3,6,1,0,,-27.0
2026-07-26T13:09:55+00:00,-40.0,23.0,0.0,0.0,0.0,0.0,601,551395,0.0,0.0,0.0,0.0,0.0,0.0,0.0,0.0,0.0,154.0.3,6,1,0,60.0,-67.0
2026-07-26T13:14:54+00:00,-84.0,23.5,0.0,0.0,0.0,0.0,601,551694,0.0,0.0,0.0,0.0,0.0,0.0,0.0,0.0,0.0,154.0.3,6,1,0,-29.0,-73.0
2026-07-26T13:19:54+00:00,16.0,23.1,0.0,0.0,0.0,0.0,601,551994,0.0,0.0,0.0,0.0,0.0,0.0,0.0,0.0,0.0,154.0.3,6,1,0,,
2026-07-26T13:24:54+00:00,-29.0,23.1,0.0,0.0,0.0,0.0,601,552294,0.0,0.0,0.0,0.0,0.0,0.0,0.0,0.0,0.0,154.0.3,6,1,0,-25.0,
2026-07-26T13:29:54+00:00,-42.0,23.6,0.0,0.0,0.0,0.0,601,552594,0.0,0.0,0.0,0.0,0.0,0.0,0.0,0.0,0.0,154.0.3,6,1,0,16.0,
2026-07-26T13:34:54+00:00,10.0,23.6,0.0,0.0,0.0,0.0,601,552894,0.0,0.0,0.0,0.0,0.0,0.0,0.0,0.0,0.0,154.0.3,6,1,0,-332.0,-29.0
2026-07-26T13:39:55+00:00,-2.0,23.6,0.0,0.0,0.0,0.0,601,553195,0.0,0.0,0.0,0.0,0.0,0.0,0.0,0.0,0.0,154.0.3,6,1,0,-7.0,-62.0
2026-07-26T13:44:54+00:00,-68.5,24.1,0.0,0.0,0.0,0.0,601,553494,0.0,0.0,0.0,0.0,0.0,0.0,0.0,0.0,0.0,154.0.3,6,1,0,19.0,-25.0
2026-07-26T13:49:54+00:00,-86.0,24.1,0.0,0.0,0.0,0.0,601,553794,0.0,0.0,0.0,0.0,0.0,0.0,0.0,0.0,0.0,154.0.3,6,1,0,,38.0
2026-07-26T13:54:54+00:00,-64.0,24.1,0.0,0.0,0.0,0.0,601,554094,0.0,0.0,0.0,0.0,0.0,0.0,0.0,0.0,0.0,154.0.3,6,1,0,-15.0,22.0
2026-07-26T13:59:54+00:00,-13.0,24.6,0.0,0.0,0.0,0.0,601,554394,0.0,0.0,0.0,0.0,0.0,0.0,0.0,0.0,0.0,154.0.3,6,1,0,13.0,-42.0
2026-07-26T14:04:54+00:00,-129.5,24.6,0.0,0.0,0.0,0.0,601,554694,0.0,0.0,0.0,0.0,0.0,0.0,0.0,0.0,0.0,154.0.3,6,1,0,-135.0,-108.0
2026-07-26T14:09:54+00:00,-75.5,24.6,0.0,0.0,0.0,0.0,601,554994,0.0,0.0,0.0,0.0,0.0,0.0,0.0,0.0,0.0,154.0.3,6,1,0,26.0,
2026-07-26T14:14:54+00:00,14.5,25.0,0.0,0.0,0.0,0.0,601,555294,0.0,0.0,0.0,0.0,0.0,0.0,0.0,0.0,0.0,154.0.3,6,1,0,208.0,26.0
2026-07-26T14:19:54+00:00,7.0,25.0,0.0,0.0,0.0,0.0,601,555594,0.0,0.0,0.0,0.0,0.0,0.0,0.0,0.0,0.0,154.0.3,6,1,0,-383.0,30.0
2026-07-26T14:24:54+00:00,-4.0,25.0,0.0,0.0,0.0,0.0,601,555894,0.0,0.0,0.0,0.0,0.0,0.0,0.0,0.0,0.0,154.0.3,6,1,0,85.0,-76.0
2026-07-26T14:29:54+00:00,-25.0,25.4,0.0,0.0,0.0,0.0,601,556194,0.0,0.0,0.0,0.0,0.0,0.0,0.0,0.0,0.0,154.0.3,6,1,0,-310.0,-177.0
2026-07-26T14:34:54+00:00,60.5,25.4,0.0,0.0,0.0,0.0,601,556494,0.0,0.0,0.0,0.0,0.0,0.0,0.0,0.0,0.0,154.0.3,6,1,0,-40.0,-130.0
2026-07-26T14:39:54+00:00,26.5,25.4,0.0,0.0,0.0,0.0,601,556794,0.0,0.0,0.0,0.0,0.0,0.0,0.0,0.0,0.0,154.0.3,6,1,0,61.0,-383.0
2026-07-26T14:44:54+00:00,70.0,25.7,0.0,0.0,0.0,0.0,601,557094,0.0,0.0,0.0,0.0,0.0,0.0,0.0,0.0,0.0,154.0.3,6,1,0,10.0,85.0
2026-07-26T14:49:54+00:00,54.0,25.7,0.0,0.0,0.0,0.0,601,557394,0.0,0.0,0.0,0.0,0.0,0.0,0.0,0.0,0.0,154.0.3,6,1,0,46.0,21.0
2026-07-26T14:54:54+00:00,74.5,25.7,0.0,0.0,0.0,0.0,601,557694,0.0,0.0,0.0,0.0,0.0,0.0,0.0,0.0,0.0,154.0.3,6,1,0,-108.0,-4.0
2026-07-26T14:59:54+00:00,126.0,26.0,0.0,0.0,0.0,0.0,601,557994,0.0,0.0,0.0,0.0,0.0,0.0,0.0,0.0,0.0,154.0.3,6,1,0,53.0,-230.0
2026-07-26T15:04:54+00:00,141.0,26.0,0.0,0.0,0.0,0.0,601,558294,0.0,0.0,0.0,0.0,0.0,0.0,0.0,0.0,0.0,154.0.3,6,1,0,57.0,55.0
2026-07-26T16:34:55+00:00,64.5,26.8,0.0,0.0,0.0,0.0,601,563695,0.0,0.0,0.0,0.0,0.0,0.0,0.0,0.0,0.0,154.0.3,6,1,0,,
2026-07-26T16:39:55+00:00,73.5,26.8,0.0,0.0,0.0,0.0,601,563995,0.0,0.0,0.0,0.0,0.0,0.0,0.0,0.0,0.0,154.0.3,6,1,0,,
2026-07-26T16:44:54+00:00,95.0,27.0,0.0,0.0,0.0,0.0,601,564294,0.0,0.0,0.0,0.0,0.0,0.0,0.0,0.0,0.0,154.0.3,6,1,0,,
2026-07-26T16:49:54+00:00,108.0,27.0,0.0,0.0,0.0,0.0,601,564594,0.0,0.0,0.0,0.0,0.0,0.0,0.0,0.0,0.0,154.0.3,6,1,0,,
2026-07-26T16:54:54+00:00,63.0,27.0,0.0,0.0,0.0,0.0,601,564894,0.0,0.0,0.0,0.0,0.0,0.0,0.0,0.0,0.0,154.0.3,6,1,0,95.0,
2026-07-26T16:59:54+00:00,79.0,27.1,0.0,0.0,0.0,0.0,601,565194,0.0,0.0,0.0,0.0,0.0,0.0,0.0,0.0,0.0,154.0.3,6,1,0,127.0,
2026-07-26T17:04:54+00:00,77.0,27.1,0.0,0.0,0.0,0.0,601,565494,0.0,0.0,0.0,0.0,0.0,0.0,0.0,0.0,0.0,154.0.3,6,1,0,14.0,
2026-07-26T17:09:54+00:00,16.0,27.1,0.0,0.0,0.0,0.0,601,565794,0.0,0.0,0.0,0.0,0.0,0.0,0.0,0.0,0.0,154.0.3,6,1,0,-46.0,
2026-07-26T17:14:54+00:00,26.0,27.0,0.0,0.0,0.0,0.0,601,566094,0.0,0.0,0.0,0.0,0.0,0.0,0.0,0.0,0.0,154.0.3,6,1,0,-105.0,-248.0
2026-07-26T17:19:54+00:00,-37.0,27.0,0.0,0.0,0.0,0.0,601,566394,0.0,0.0,0.0,0.0,0.0,0.0,0.0,0.0,0.0,154.0.3,6,1,0,16.0,127.0
2026-07-26T17:24:54+00:00,-27.0,27.0,0.0,0.0,0.0,0.0,601,566694,0.0,0.0,0.0,0.0,0.0,0.0,0.0,0.0,0.0,154.0.3,6,1,0,-76.0,63.0
2026-07-26T17:29:54+00:00,-75.0,26.6,0.0,0.0,0.0,0.0,601,566994,0.0,0.0,0.0,0.0,0.0,0.0,0.0,0.0,0.0,154.0.3,6,1,0,45.0,-46.0
2026-07-26T17:34:54+00:00,-3.0,26.6,0.0,0.0,0.0,0.0,601,567294,0.0,0.0,0.0,0.0,0.0,0.0,0.0,0.0,0.0,154.0.3,6,1,0,-20.0,-105.0
2026-07-26T17:39:54+00:00,-48.0,26.6,0.0,0.0,0.0,0.0,601,567594,0.0,0.0,0.0,0.0,0.0,0.0,0.0,0.0,0.0,154.0.3,6,1,0,-91.0,16.0
2026-07-26T17:44:54+00:00,-19.0,26.6,0.0,0.0,0.0,0.0,601,567894,0.0,0.0,0.0,0.0,0.0,0.0,0.0,0.0,0.0,154.0.3,6,1,0,-73.0,40.0
2026-07-26T17:49:54+00:00,42.0,26.6,0.0,0.0,0.0,0.0,601,568194,0.0,0.0,0.0,0.0,0.0,0.0,0.0,0.0,0.0,154.0.3,6,1,0,93.0,45.0
2026-07-26T17:54:54+00:00,7.0,26.6,0.0,0.0,0.0,0.0,601,568494,0.0,0.0,0.0,0.0,0.0,0.0,0.0,0.0,0.0,154.0.3,6,1,0,-190.0,-20.0
2026-07-26T17:59:54+00:00,11.0,27.0,0.0,0.0,0.0,0.0,601,568794,0.0,0.0,0.0,0.0,0.0,0.0,0.0,0.0,0.0,154.0.3,6,1,0,-261.0,-91.0
2026-07-26T18:04:54+00:00,8.5,27.0,0.0,0.0,0.0,0.0,601,569094,0.0,0.0,0.0,0.0,0.0,0.0,0.0,0.0,0.0,154.0.3,6,1,0,189.0,407.0
2026-07-26T18:09:54+00:00,-77.0,27.0,0.0,0.0,0.0,0.0,601,569394,0.0,0.0,0.0,0.0,0.0,0.0,0.0,0.0,0.0,154.0.3,6,1,0,214.0,93.0
2026-07-26T18:14:54+00:00,51.0,27.0,0.0,0.0,0.0,0.0,601,569694,0.0,0.0,0.0,0.0,0.0,0.0,0.0,0.0,0.0,154.0.3,6,1,0,183.0,49.0
2026-07-26T18:19:54+00:00,-24.0,27.0,0.0,0.0,0.0,0.0,601,569994,0.0,0.0,0.0,0.0,0.0,0.0,0.0,0.0,0.0,154.0.3,6,1,0,245.0,121.0
2026-07-26T18:24:55+00:00,-31.0,27.0,0.0,0.0,0.0,0.0,601,570295,0.0,0.0,0.0,0.0,0.0,0.0,0.0,0.0,0.0,154.0.3,6,1,0,-64.0,-78.0
2026-07-26T18:29:54+00:00,-47.5,26.5,0.0,0.0,0.0,0.0,601,570594,0.0,0.0,0.0,0.0,0.0,0.0,0.0,0.0,0.0,154.0.3,6,1,0,-177.0,-7.0
2026-07-26T18:34:54+00:00,-51.5,26.5,0.0,0.0,0.0,0.0,601,570894,0.0,0.0,0.0,0.0,0.0,0.0,0.0,0.0,0.0,154.0.3,6,1,0,,-12.0
2026-07-26T18:39:54+00:00,-112.0,26.5,0.0,0.0,0.0,0.0,601,571194,0.0,0.0,0.0,0.0,0.0,0.0,0.0,0.0,0.0,154.0.3,6,1,0,-155.0,-91.0
2026-07-26T18:44:54+00:00,-85.0,26.5,0.0,0.0,0.0,0.0,601,571494,0.0,0.0,0.0,0.0,0.0,0.0,0.0,0.0,0.0,154.0.3,6,1,0,-191.0,-101.0
2026-07-26T18:49:54+00:00,-48.5,26.5,0.0,0.0,0.0,0.0,601,571794,0.0,0.0,0.0,0.0,0.0,0.0,0.0,0.0,0.0,154.0.3,6,1,0,-165.0,-54.0
2026-07-26T18:54:55+00:00,-112.0,26.5,0.0,0.0,0.0,0.0,601,572095,0.0,0.0,0.0,0.0,0.0,0.0,0.0,0.0,0.0,154.0.3,6,1,0,-125.0,-71.0
2026-07-26T18:59:54+00:00,-72.0,26.7,0.0,0.0,0.0,0.0,601,572394,0.0,0.0,0.0,0.0,0.0,0.0,0.0,0.0,0.0,154.0.3,6,1,0,-424.0,340.0
2026-07-26T19:04:54+00:00,-100.0,26.7,0.0,0.0,0.0,0.0,601,572694,0.0,0.0,0.0,0.0,0.0,0.0,0.0,0.0,0.0,154.0.3,6,1,0,,-191.0
2026-07-26T19:09:54+00:00,-42.5,26.7,0.0,0.0,0.0,0.0,601,572994,0.0,0.0,0.0,0.0,0.0,0.0,0.0,0.0,0.0,154.0.3,6,1,0,-212.0,-112.0
2026-07-26T19:14:54+00:00,-71.0,27.0,0.0,0.0,0.0,0.0,601,573294,0.0,0.0,0.0,0.0,0.0,0.0,0.0,0.0,0.0,154.0.3,6,1,0,-188.0,30.0
2026-07-26T19:19:55+00:00,-56.0,27.0,0.0,0.0,0.0,0.0,601,573595,0.0,0.0,0.0,0.0,0.0,0.0,0.0,0.0,0.0,154.0.3,6,1,0,92.0,22.0
2026-07-26T19:24:55+00:00,-22.0,27.0,0.0,0.0,0.0,0.0,601,573895,0.0,0.0,0.0,0.0,0.0,0.0,0.0,0.0,0.0,154.0.3,6,1,0,-79.0,81.0
2026-07-26T19:29:55+00:00,-30.0,27.0,0.0,0.0,0.0,0.0,601,574195,0.0,0.0,0.0,0.0,0.0,0.0,0.0,0.0,0.0,154.0.3,6,1,0,-75.0,-306.0
2026-07-26T19:34:55+00:00,-42.0,27.0,0.0,0.0,0.0,0.0,601,574495,0.0,0.0,0.0,0.0,0.0,0.0,0.0,0.0,0.0,154.0.3,6,1,0,-92.0,106.0
2026-07-26T19:39:54+00:00,-72.0,27.0,0.0,0.0,0.0,0.0,601,574794,0.0,0.0,0.0,0.0,0.0,0.0,0.0,0.0,0.0,154.0.3,6,1,0,,-273.0
2026-07-26T19:44:54+00:00,-73.0,27.3,0.0,0.0,0.0,0.0,601,575094,0.0,0.0,0.0,0.0,0.0,0.0,0.0,0.0,0.0,154.0.3,6,1,0,,-49.0
2026-07-26T19:49:55+00:00,-10.0,27.3,0.0,0.0,0.0,0.0,601,575395,0.0,0.0,0.0,0.0,0.0,0.0,0.0,0.0,0.0,154.0.3,6,1,0,76.0,155.0
2026-07-26T19:54:55+00:00,-70.0,27.3,0.0,0.0,0.0,0.0,601,575695,0.0,0.0,0.0,0.0,0.0,0.0,0.0,0.0,0.0,154.0.3,6,1,0,-73.0,39.0
2026-07-26T19:59:54+00:00,-47.0,27.5,0.0,0.0,0.0,0.0,601,575994,0.0,0.0,0.0,0.0,0.0,0.0,0.0,0.0,0.0,154.0.3,6,1,0,,
2026-07-26T20:04:54+00:00,3.0,27.5,0.0,0.0,0.0,0.0,601,576294,0.0,0.0,0.0,0.0,0.0,0.0,0.0,0.0,0.0,154.0.3,6,1,0,,
2026-07-26T20:09:54+00:00,45.5,27.5,0.0,0.0,0.0,0.0,601,576594,0.0,0.0,0.0,0.0,0.0,0.0,0.0,0.0,0.0,154.0.3,6,1,0,-203.0,-72.0
2026-07-26T20:14:54+00:00,0.0,27.6,0.0,0.0,0.0,0.0,601,576894,0.0,0.0,0.0,0.0,0.0,0.0,0.0,0.0,0.0,154.0.3,6,1,0,110.0,164.0
2026-07-26T20:19:55+00:00,-3.0,27.6,0.0,0.0,0.0,0.0,601,577195,0.0,0.0,0.0,0.0,0.0,0.0,0.0,0.0,0.0,154.0.3,6,1,0,110.0,153.0
2026-07-26T20:24:54+00:00,40.5,27.6,0.0,0.0,0.0,0.0,601,577494,0.0,0.0,0.0,0.0,0.0,0.0,0.0,0.0,0.0,154.0.3,6,1,0,132.0,
2026-07-26T20:29:54+00:00,13.0,27.4,0.0,0.0,0.0,0.0,601,577794,0.0,0.0,0.0,0.0,0.0,0.0,0.0,0.0,0.0,154.0.3,6,1,0,,-27.0
2026-07-26T20:34:54+00:00,-42.5,27.4,0.0,0.0,0.0,0.0,601,578094,0.0,0.0,0.0,0.0,0.0,0.0,0.0,0.0,0.0,154.0.3,6,1,0,-159.0,-167.0
2026-07-26T20:39:55+00:00,-19.5,27.4,0.0,0.0,0.0,0.0,601,578395,0.0,0.0,0.0,0.0,0.0,0.0,0.0,0.0,0.0,154.0.3,6,1,0,22.0,40.0
2026-07-26T20:44:54+00:00,-19.0,27.7,0.0,0.0,0.0,0.0,601,578694,0.0,0.0,0.0,0.0,0.0,0.0,0.0,0.0,0.0,154.0.3,6,1,0,101.0,132.0
2026-07-26T20:49:54+00:00,-64.0,27.7,0.0,0.0,0.0,0.0,601,578994,0.0,0.0,0.0,0.0,0.0,0.0,0.0,0.0,0.0,154.0.3,6,1,0,,
2026-07-26T20:54:54+00:00,53.0,27.7,0.0,0.0,0.0,0.0,601,579294,0.0,0.0,0.0,0.0,0.0,0.0,0.0,0.0,0.0,154.0.3,6,1,0,53.0,54.0
2026-07-26T20:59:54+00:00,43.0,27.6,0.0,0.0,0.0,0.0,601,579594,0.0,0.0,0.0,0.0,0.0,0.0,0.0,0.0,0.0,154.0.3,6,1,0,240.0,-158.0
2026-07-26T21:04:54+00:00,56.0,27.6,0.0,0.0,0.0,0.0,601,579894,0.0,0.0,0.0,0.0,0.0,0.0,0.0,0.0,0.0,154.0.3,6,1,0,53.0,101.0
2026-07-26T21:09:54+00:00,145.0,27.6,0.0,0.0,0.0,0.0,601,580194,0.0,0.0,0.0,0.0,0.0,0.0,0.0,0.0,0.0,154.0.3,6,1,0,43.0,
2026-07-26T21:14:55+00:00,103.0,27.6,0.0,0.0,0.0,0.0,601,580495,0.0,0.0,0.0,0.0,0.0,0.0,0.0,0.0,0.0,154.0.3,6,1,0,133.0,336.0
2026-07-26T21:19:54+00:00,-12.5,27.6,0.0,0.0,0.0,0.0,601,580794,0.0,0.0,0.0,0.0,0.0,0.0,0.0,0.0,0.0,154.0.3,6,1,0,178.0,97.0
2026-07-26T21:24:54+00:00,-21.0,27.6,0.0,0.0,0.0,0.0,601,581094,0.0,0.0,0.0,0.0,0.0,0.0,0.0,0.0,0.0,154.0.3,6,1,0,,323.0
2026-07-26T21:29:54+00:00,5.0,27.3,0.0,0.0,0.0,0.0,601,581394,0.0,0.0,0.0,0.0,0.0,0.0,0.0,0.0,0.0,154.0.3,6,1,0,126.0,43.0
2026-07-26T21:34:54+00:00,17.5,27.3,0.0,0.0,0.0,0.0,601,581694,0.0,0.0,0.0,0.0,0.0,0.0,0.0,0.0,0.0,154.0.3,6,1,0,-128.0,-154.0
2026-07-26T21:39:54+00:00,22.5,27.3,0.0,0.0,0.0,0.0,601,581994,0.0,0.0,0.0,0.0,0.0,0.0,0.0,0.0,0.0,154.0.3,6,1,0,-11.0,145.0
2026-07-26T21:44:54+00:00,-14.0,27.2,0.0,0.0,0.0,0.0,601,582294,0.0,0.0,0.0,0.0,0.0,0.0,0.0,0.0,0.0,154.0.3,6,1,0,52.0,
2026-07-26T21:49:54+00:00,-20.0,27.2,0.0,0.0,0.0,0.0,601,582594,0.0,0.0,0.0,0.0,0.0,0.0,0.0,0.0,0.0,154.0.3,6,1,0,-105.0,85.0
2026-07-26T21:54:54+00:00,-10.0,27.2,0.0,0.0,0.0,0.0,601,582894,0.0,0.0,0.0,0.0,0.0,0.0,0.0,0.0,0.0,154.0.3,6,1,0,-53.0,78.0
2026-07-26T21:59:54+00:00,-3.0,27.2,0.0,0.0,0.0,0.0,601,583194,0.0,0.0,0.0,0.0,0.0,0.0,0.0,0.0,0.0,154.0.3,6,1,0,-88.0,-106.0
2026-07-26T22:04:55+00:00,-19.0,27.2,0.0,0.0,0.0,0.0,601,583495,0.0,0.0,0.0,0.0,0.0,0.0,0.0,0.0,0.0,154.0.3,6,1,0,-159.0,-78.0
2026-07-26T22:09:54+00:00,-37.0,27.2,0.0,0.0,0.0,0.0,601,583794,0.0,0.0,0.0,0.0,0.0,0.0,0.0,0.0,0.0,154.0.3,6,1,0,-110.0,-29.0
2026-07-26T22:14:54+00:00,23.0,26.9,0.0,0.0,0.0,0.0,601,584094,0.0,0.0,0.0,0.0,0.0,0.0,0.0,0.0,0.0,154.0.3,6,1,0,,335.0
2026-07-26T22:19:55+00:00,-78.0,26.9,0.0,0.0,0.0,0.0,601,584395,0.0,0.0,0.0,0.0,0.0,0.0,0.0,0.0,0.0,154.0.3,6,1,0,74.0,6.0
2026-07-26T22:24:54+00:00,-129.0,26.9,0.0,0.0,0.0,0.0,601,584694,0.0,0.0,0.0,0.0,0.0,0.0,0.0,0.0,0.0,154.0.3,6,1,0,-105.0,-159.0
2026-07-26T22:29:54+00:00,-177.0,23.6,0.0,0.0,0.0,0.0,601,584994,0.0,0.0,0.0,0.0,0.0,0.0,0.0,0.0,0.0,154.0.3,6,1,0,,169.0
2026-07-26T22:34:54+00:00,-62.0,26.6,0.0,0.0,0.0,0.0,601,585294,0.0,0.0,0.0,0.0,0.0,0.0,0.0,0.0,0.0,154.0.3,6,1,0,149.0,
2026-07-26T22:39:54+00:00,-104.0,26.6,0.0,0.0,0.0,0.0,601,585594,0.0,0.0,0.0,0.0,0.0,0.0,0.0,0.0,0.0,154.0.3,6,1,0,-225.0,-3.0
2026-07-26T22:44:54+00:00,-99.0,26.4,0.0,0.0,0.0,0.0,601,585894,0.0,0.0,0.0,0.0,0.0,0.0,0.0,0.0,0.0,154.0.3,6,1,0,481.0,127.0
2026-07-26T22:49:55+00:00,-60.0,26.4,0.0,0.0,0.0,0.0,601,586195,0.0,0.0,0.0,0.0,0.0,0.0,0.0,0.0,0.0,154.0.3,6,1,0,-127.0,-159.0
2026-07-26T22:54:55+00:00,-13.0,26.4,0.0,0.0,0.0,0.0,601,586495,0.0,0.0,0.0,0.0,0.0,0.0,0.0,0.0,0.0,154.0.3,6,1,0,-60.0,290.0
2026-07-26T22:59:55+00:00,-47.0,25.8,0.0,0.0,0.0,0.0,601,586795,0.0,0.0,0.0,0.0,0.0,0.0,0.0,0.0,0.0,154.0.3,6,1,0,463.0,149.0
2026-07-26T23:04:55+00:00,-49.0,25.8,0.0,0.0,0.0,0.0,601,587095,0.0,0.0,0.0,0.0,0.0,0.0,0.0,0.0,0.0,154.0.3,6,1,0,-185.0,-69.0
2026-07-26T23:09:55+00:00,128.0,25.8,0.0,0.0,0.0,0.0,601,587395,0.0,0.0,0.0,0.0,0.0,0.0,0.0,0.0,0.0,154.0.3,6,1,0,-417.0,-104.0
2026-07-26T23:14:54+00:00,97.0,24.2,0.0,0.0,0.0,0.0,601,587694,0.0,0.0,0.0,0.0,0.0,0.0,0.0,0.0,0.0,154.0.3,6,1,0,,585.0
2026-07-26T23:19:54+00:00,40.5,24.2,0.0,0.0,0.0,0.0,601,587994,0.0,0.0,0.0,0.0,0.0,0.0,0.0,0.0,0.0,154.0.3,6,1,0,,
2026-07-26T23:24:55+00:00,-16.5,24.2,0.0,0.0,0.0,0.0,601,588295,0.0,0.0,0.0,0.0,0.0,0.0,0.0,0.0,0.0,154.0.3,6,1,0,97.0,-6.0
2026-07-26T23:29:55+00:00,40.0,25.7,0.0,0.0,0.0,0.0,601,588595,0.0,0.0,0.0,0.0,0.0,0.0,0.0,0.0,0.0,154.0.3,6,1,0,-54.0,-47.0
2026-07-26T23:34:55+00:00,-18.0,25.7,0.0,0.0,0.0,0.0,601,588895,0.0,0.0,0.0,0.0,0.0,0.0,0.0,0.0,0.0,154.0.3,6,1,0,-194.0,-120.0
2026-07-26T23:39:54+00:00,50.0,25.7,0.0,0.0,0.0,0.0,601,589194,0.0,0.0,0.0,0.0,0.0,0.0,0.0,0.0,0.0,154.0.3,6,1,0,,
2026-07-26T23:44:55+00:00,-19.5,25.4,0.0,0.0,0.0,0.0,601,589495,0.0,0.0,0.0,0.0,0.0,0.0,0.0,0.0,0.0,154.0.3,6,1,0,-18.0,97.0
2026-07-26T23:49:55+00:00,-23.0,25.4,0.0,0.0,0.0,0.0,601,589795,0.0,0.0,0.0,0.0,0.0,0.0,0.0,0.0,0.0,154.0.3,6,1,0,-36.0,13.0
2026-07-26T23:54:54+00:00,-20.0,25.4,0.0,0.0,0.0,0.0,601,590094,0.0,0.0,0.0,0.0,0.0,0.0,0.0,0.0,0.0,154.0.3,6,1,0,,
2026-07-26T23:59:55+00:00,32.0,25.1,0.0,0.0,0.0,0.0,601,590395,0.0,0.0,0.0,0.0,0.0,0.0,0.0,0.0,0.0,154.0.3,6,1,0,24.0,111.0
2026-07-27T00:04:54+00:00,15.0,25.1,0.0,0.0,0.0,0.0,601,590694,0.0,0.0,0.0,0.0,0.0,0.0,0.0,0.0,0.0,154.0.3,6,1,0,103.0,
2026-07-27T00:09:54+00:00,44.0,25.1,0.0,0.0,0.0,0.0,601,590994,0.0,0.0,0.0,0.0,0.0,0.0,0.0,0.0,0.0,154.0.3,6,1,0,,50.0
2026-07-27T00:14:54+00:00,82.5,24.8,0.0,0.0,0.0,0.0,601,591294,0.0,0.0,0.0,0.0,0.0,0.0,0.0,0.0,0.0,154.0.3,6,1,0,364.0,
2026-07-27T00:19:54+00:00,225.0,24.8,0.0,0.0,0.0,0.0,601,591594,0.0,0.0,0.0,0.0,0.0,0.0,0.0,0.0,0.0,154.0.3,6,1,0,271.0,
2026-07-27T00:24:54+00:00,81.0,24.8,0.0,0.0,0.0,0.0,601,591894,0.0,0.0,0.0,0.0,0.0,0.0,0.0,0.0,0.0,154.0.3,6,1,0,-35.0,-61.0
2026-07-27T00:29:54+00:00,9.5,24.5,0.0,0.0,0.0,0.0,601,592194,0.0,0.0,0.0,0.0,0.0,0.0,0.0,0.0,0.0,154.0.3,6,1,0,83.0,
2026-07-27T00:34:54+00:00,-15.0,24.5,0.0,0.0,0.0,0.0,601,592494,0.0,0.0,0.0,0.0,0.0,0.0,0.0,0.0,0.0,154.0.3,6,1,0,81.0,-59.0
2026-07-27T00:39:54+00:00,-15.0,24.5,0.0,0.0,0.0,0.0,601,592794,0.0,0.0,0.0,0.0,0.0,0.0,0.0,0.0,0.0,154.0.3,6,1,0,-62.0,84.0
2026-07-27T00:44:54+00:00,74.0,22.9,0.7,0.7,0.0,0.0,601,593094,0.7,0.7,0.7,0.0,0.0,0.0,0.7,0.7,0.7,154.0.3,6,1,0,-19.0,54.0
2026-07-27T00:49:54+00:00,57.0,22.9,0.7,0.7,0.0,0.0,601,593394,1.4,1.4,1.4,0.0,0.0,0.0,1.4,1.4,1.4,154.0.3,6,1,0,-21.0,83.0
2026-07-27T00:54:54+00:00,-14.0,22.9,0.7,0.7,0.0,0.0,601,593694,2.1,2.1,2.1,0.0,0.0,0.0,2.1,2.1,2.1,154.0.3,6,1,0,2.0,-26.0
2026-07-27T00:59:54+00:00,-17.0,21.8,0.4,0.4,0.0,0.0,601,593994,2.5,2.5,2.5,0.0,0.0,0.0,2.5,2.5,2.5,154.0.3,6,1,0,-113.0,-62.0
2026-07-27T01:04:54+00:00,93.0,21.8,0.4,0.4,0.0,0.0,601,594294,2.2,2.9,2.9,0.0,0.0,0.0,2.2,2.9,2.9,154.0.3,6,1,0,97.0,51.0
2026-07-27T01:09:54+00:00,75.0,21.8,0.4,0.4,0.0,0.0,601,594594,1.9,3.3,3.3,0.0,0.0,0.0,1.9,3.3,3.3,154.0.3,6,1,0,-20.0,-41.0
2026-07-27T01:14:54+00:00,79.0,21.7,0.1,0.1,0.0,0.0,601,594894,1.3,3.4,3.4,0.0,0.0,0.0,1.3,3.4,3.4,154.0.3,6,1,0,184.0,146.0
2026-07-27T01:19:54+00:00,87.0,21.4,0.0,0.0,0.0,0.0,601,595194,0.9,3.4,3.4,0.0,0.0,0.0,0.9,3.4,3.4,154.0.3,6,1,0,144.0,210.0
2026-07-27T01:24:54+00:00,117.0,21.4,0.0,0.0,0.0,0.0,601,595494,0.5,3.4,3.4,0.0,0.0,0.0,0.5,3.4,3.4,154.0.3,6,1,0,290.0,97.0
2026-07-27T01:29:54+00:00,62.0,21.4,0.0,0.0,0.0,0.0,601,595794,0.1,3.4,3.4,0.0,0.0,0.0,0.1,3.4,3.4,154.0.3,6,1,0,74.0,-17.0
2026-07-27T01:34:54+00:00,51.0,21.4,0.0,0.0,0.0,0.0,601,596094,0.0,3.4,3.4,0.0,0.0,0.0,0.0,3.4,3.4,154.0.3,6,1,0,79.0,139.0
2026-07-27T01:39:54+00:00,31.0,21.4,0.0,0.0,0.0,0.0,601,596394,0.0,3.4,3.4,0.0,0.0,0.0,0.0,3.4,3.4,154.0.3,6,1,0,202.0,261.0
2026-07-27T01:44:54+00:00,155.0,21.3,0.0,0.0,0.0,0.0,601,596694,0.0,2.7,3.4,0.0,0.0,0.0,0.0,2.7,3.4,154.0.3,6,1,0,-375.0,106.0
2026-07-27T01:49:54+00:00,152.0,21.3,0.0,0.0,0.0,0.0,601,596994,0.0,2.0,3.4,0.0,0.0,0.0,0.0,2.0,3.4,154.0.3,6,1,0,-375.0,212.0
2026-07-27T01:54:54+00:00,88.5,21.3,0.0,0.0,0.0,0.0,601,597294,0.0,1.3,3.4,0.0,0.0,0.0,0.0,1.3,3.4,154.0.3,6,1,0,-115.0,447.0
2026-07-27T01:59:54+00:00,136.5,21.3,0.0,0.0,0.0,0.0,601,597594,0.0,0.9,3.4,0.0,0.0,0.0,0.0,0.9,3.4,154.0.3,6,1,0,152.0,62.0
2026-07-27T02:04:54+00:00,143.0,21.3,0.0,0.0,0.0,0.0,601,597894,0.0,0.5,3.4,0.0,0.0,0.0,0.0,0.5,3.4,154.0.3,6,1,0,10.0,46.0
2026-07-27T02:09:54+00:00,126.0,21.3,0.0,0.0,0.0,0.0,601,598194,0.0,0.1,3.4,0.0,0.0,0.0,0.0,0.1,3.4,154.0.3,6,1,0,73.0,94.0
2026-07-27T02:14:54+00:00,107.0,21.0,0.0,0.0,0.0,0.0,601,598494,0.0,0.0,3.4,0.0,0.0,0.0,0.0,0.0,3.4,154.0.3,6,1,0,143.0,-57.0
2026-07-27T02:19:54+00:00,193.0,21.0,0.0,0.0,0.0,0.0,601,598794,0.0,0.0,3.4,0.0,0.0,0.0,0.0,0.0,3.4,154.0.3,6,1,0,126.0,152.0
2026-07-27T02:24:54+00:00,93.0,21.0,0.0,0.0,0.0,0.0,601,599094,0.0,0.0,3.4,0.0,0.0,0.0,0.0,0.0,3.4,154.0.3,6,1,0,36.0,-524.0
2026-07-27T02:29:54+00:00,85.5,21.0,0.0,0.0,0.0,0.0,601,599394,0.0,0.0,3.4,0.0,0.0,0.0,0.0,0.0,3.4,154.0.3,6,1,0,63.0,88.0
2026-07-27T02:34:54+00:00,52.0,21.0,0.0,0.0,0.0,0.0,601,599694,0.0,0.0,3.4,0.0,0.0,0.0,0.0,0.0,3.4,154.0.3,6,1,0,91.0,143.0
2026-07-27T02:39:54+00:00,45.5,21.0,0.0,0.0,0.0,0.0,601,599994,0.0,0.0,3.4,0.0,0.0,0.0,0.0,0.0,3.4,154.0.3,6,1,0,64.0,126.0
2026-07-27T02:44:55+00:00,115.0,20.8,0.0,0.0,0.0,0.0,601,600295,0.0,0.0,3.4,0.0,0.0,0.0,0.0,0.0,3.4,154.0.3,6,1,0,-28.0,31.0
2026-07-27T02:49:54+00:00,124.0,20.8,0.0,0.0,0.0,0.0,601,600594,0.0,0.0,3.4,0.0,0.0,0.0,0.0,0.0,3.4,154.0.3,6,1,0,-156.0,59.0
2026-07-27T02:54:54+00:00,96.0,20.8,0.0,0.0,0.0,0.0,601,600894,0.0,0.0,3.4,0.0,0.0,0.0,0.0,0.0,3.4,154.0.3,6,1,0,,91.0
2026-07-27T02:59:54+00:00,148.5,20.6,0.0,0.0,0.0,0.0,601,601194,0.0,0.0,3.4,0.0,0.0,0.0,0.0,0.0,3.4,154.0.3,6,1,0,-167.0,429.0
2026-07-27T03:04:54+00:00,204.0,20.6,0.0,0.0,0.0,0.0,601,601494,0.0,0.0,2.7,0.0,0.0,0.0,0.0,0.0,2.7,154.0.3,6,1,0,340.0,141.0
2026-07-27T03:09:54+00:00,212.0,20.6,0.0,0.0,0.0,0.0,601,601794,0.0,0.0,2.0,0.0,0.0,0.0,0.0,0.0,2.0,154.0.3,6,1,0,355.0,229.0
2026-07-27T03:14:54+00:00,188.0,20.4,0.0,0.0,0.0,0.0,601,602094,0.0,0.0,1.3,0.0,0.0,0.0,0.0,0.0,1.3,154.0.3,6,1,0,197.0,
2026-07-27T03:19:54+00:00,245.5,20.4,0.0,0.0,0.0,0.0,601,602394,0.0,0.0,0.9,0.0,0.0,0.0,0.0,0.0,0.9,154.0.3,6,1,0,129.0,218.0
2026-07-27T03:24:54+00:00,174.5,20.4,0.0,0.0,0.0,0.0,601,602694,0.0,0.0,0.5,0.0,0.0,0.0,0.0,0.0,0.5,154.0.3,6,1,0,202.0,149.0
2026-07-27T03:29:54+00:00,202.0,20.0,0.0,0.0,0.0,0.0,601,602994,0.0,0.0,0.1,0.0,0.0,0.0,0.0,0.0,0.1,154.0.3,6,1,0,222.0,355.0
2026-07-27T03:34:54+00:00,207.0,20.0,0.0,0.0,0.0,0.0,601,603294,0.0,0.0,0.0,0.0,0.0,0.0,0.0,0.0,0.0,154.0.3,6,1,0,246.0,442.0
2026-07-27T03:39:54+00:00,175.5,20.0,0.0,0.0,0.0,0.0,601,603594,0.0,0.0,0.0,0.0,0.0,0.0,0.0,0.0,0.0,154.0.3,6,1,0,254.0,129.0
2026-07-27T03:44:54+00:00,218.0,19.8,0.0,0.0,0.0,0.0,601,603894,0.0,0.0,0.0,0.0,0.0,0.0,0.0,0.0,0.0,154.0.3,6,1,0,287.0,136.0
2026-07-27T03:49:54+00:00,206.5,19.8,0.0,0.0,0.0,0.0,601,604194,0.0,0.0,0.0,0.0,0.0,0.0,0.0,0.0,0.0,154.0.3,6,1,0,440.0,222.0
2026-07-27T03:54:54+00:00,91.0,19.8,0.0,0.0,0.0,0.0,601,604494,0.0,0.0,0.0,0.0,0.0,0.0,0.0,0.0,0.0,154.0.3,6,1,0,275.0,246.0
2026-07-27T03:59:54+00:00,70.5,19.7,0.0,0.0,0.0,0.0,601,604794,0.0,0.0,0.0,0.0,0.0,0.0,0.0,0.0,0.0,154.0.3,6,1,0,275.0,313.0
2026-07-27T04:04:54+00:00,196.0,19.7,0.0,0.0,0.0,0.0,601,294,0.0,0.0,0.0,0.0,0.0,0.0,0.0,0.0,0.0,154.0.3,0,0,0,87.0,208.0
2026-07-27T04:09:54+00:00,219.5,19.7,0.0,0.0,0.0,0.0,601,594,0.0,0.0,0.0,0.0,0.0,0.0,0.0,0.0,0.0,154.0.3,0,0,0,493.0,440.0
2026-07-27T04:14:54+00:00,251.5,19.5,0.0,0.0,0.0,0.0,601,894,0.0,0.0,0.0,0.0,0.0,0.0,0.0,0.0,0.0,154.0.3,0,0,0,510.0,507.0
2026-07-27T04:19:54+00:00,296.0,19.5,0.0,0.0,0.0,0.0,601,1194,0.0,0.0,0.0,0.0,0.0,0.0,0.0,0.0,0.0,154.0.3,0,0,0,278.0,275.0
2026-07-27T04:24:54+00:00,251.0,19.5,0.0,0.0,0.0,0.0,601,1494,0.0,0.0,0.0,0.0,0.0,0.0,0.0,0.0,0.0,154.0.3,0,0,0,157.0,-39.0
2026-07-27T04:29:54+00:00,121.5,19.2,0.0,0.0,0.0,0.0,601,1794,0.0,0.0,0.0,0.0,0.0,0.0,0.0,0.0,0.0,154.0.3,0,0,0,403.0,341.0
2026-07-27T04:34:54+00:00,112.0,19.2,0.0,0.0,0.0,0.0,601,2094,0.0,0.0,0.0,0.0,0.0,0.0,0.0,0.0,0.0,154.0.3,0,0,0,436.0,303.0
2026-07-27T04:39:54+00:00,94.0,19.2,0.0,0.0,0.0,0.0,601,2394,0.0,0.0,0.0,0.0,0.0,0.0,0.0,0.0,0.0,154.0.3,0,0,0,91.0,161.0
2026-07-27T04:44:54+00:00,108.0,19.1,0.0,0.0,0.0,0.0,601,2694,0.0,0.0,0.0,0.0,0.0,0.0,0.0,0.0,0.0,154.0.3,0,0,0,126.0,236.0
2026-07-27T04:49:54+00:00,25.0,19.1,0.0,0.0,0.0,0.0,601,2994,0.0,0.0,0.0,0.0,0.0,0.0,0.0,0.0,0.0,154.0.3,0,0,0,106.0,403.0
2026-07-27T04:54:54+00:00,8.5,19.1,0.0,0.0,0.0,0.0,601,3294,0.0,0.0,0.0,0.0,0.0,0.0,0.0,0.0,0.0,154.0.3,0,0,0,108.0,-577.0
2026-07-27T04:59:54+00:00,-54.0,19.0,0.0,0.0,0.0,0.0,601,3594,0.0,0.0,0.0,0.0,0.0,0.0,0.0,0.0,0.0,154.0.3,0,0,0,-166.0,395.0
2026-07-27T05:04:54+00:00,53.0,19.0,0.0,0.0,0.0,0.0,601,3894,0.0,0.0,0.0,0.0,0.0,0.0,0.0,0.0,0.0,154.0.3,0,0,0,-70.0,58.0
2026-07-27T05:09:54+00:00,-38.0,19.0,0.0,0.0,0.0,0.0,601,4194,0.0,0.0,0.0,0.0,0.0,0.0,0.0,0.0,0.0,154.0.3,0,0,0,-54.0,94.0
2026-07-27T05:14:54+00:00,-12.0,18.9,0.0,0.0,0.0,0.0,601,4494,0.0,0.0,0.0,0.0,0.0,0.0,0.0,0.0,0.0,154.0.3,0,0,0,135.0,108.0
2026-07-27T05:19:54+00:00,-22.0,18.9,0.0,0.0,0.0,0.0,601,4794,0.0,0.0,0.0,0.0,0.0,0.0,0.0,0.0,0.0,154.0.3,0,0,0,-140.0,25.0
2026-07-27T05:24:54+00:00,-22.5,18.9,0.0,0.0,0.0,0.0,601,5094,0.0,0.0,0.0,0.0,0.0,0.0,0.0,0.0,0.0,154.0.3,0,0,0,-118.0,-70.0
2026-07-27T05:29:54+00:00,103.0,18.8,0.0,0.0,0.0,0.0,601,5394,0.0,0.0,0.0,0.0,0.0,0.0,0.0,0.0,0.0,154.0.3,0,0,0,117.0,87.0
2026-07-27T05:34:54+00:00,107.0,18.8,0.0,0.0,0.0,0.0,601,5694,0.0,0.0,0.0,0.0,0.0,0.0,0.0,0.0,0.0,154.0.3,0,0,0,89.0,135.0
2026-07-27T05:39:54+00:00,78.0,18.8,0.0,0.0,0.0,0.0,601,5994,0.0,0.0,0.0,0.0,0.0,0.0,0.0,0.0,0.0,154.0.3,0,0,0,103.0,70.0
2026-07-27T05:44:54+00:00,153.0,18.6,0.0,0.0,0.0,0.0,601,6294,0.0,0.0,0.0,0.0,0.0,0.0,0.0,0.0,0.0,154.0.3,0,0,0,107.0,89.0
2026-07-27T07:49:54+00:00,-81.0,17.9,0.0,0.0,0.0,0.0,601,13794,0.0,0.0,0.0,0.0,0.0,0.0,0.0,0.0,0.0,154.0.1,0,0,0,,
2026-07-27T07:54:54+00:00,43.0,17.9,0.0,0.0,0.0,0.0,601,14094,0.0,0.0,0.0,0.0,0.0,0.0,0.0,0.0,0.0,154.0.1,0,0,0,,
2026-07-27T07:59:54+00:00,-91.5,17.8,0.0,0.0,0.0,0.0,601,14394,0.0,0.0,0.0,0.0,0.0,0.0,0.0,0.0,0.0,154.0.1,0,0,0,-81.0,
2026-07-27T08:04:54+00:00,38.5,17.8,0.0,0.0,0.0,0.0,601,14694,0.0,0.0,0.0,0.0,0.0,0.0,0.0,0.0,0.0,154.0.1,0,0,0,43.0,
2026-07-27T08:09:54+00:00,42.0,17.8,0.0,0.0,0.0,0.0,601,14994,0.0,0.0,0.0,0.0,0.0,0.0,0.0,0.0,0.0,154.0.1,0,0,0,63.0,
2026-07-27T08:14:54+00:00,28.0,17.6,0.0,0.0,0.0,0.0,601,15294,0.0,0.0,0.0,0.0,0.0,0.0,0.0,0.0,0.0,154.0.1,0,0,0,7.0,
2026-07-27T08:19:55+00:00,-1.5,17.6,0.0,0.0,0.0,0.0,601,15595,0.0,0.0,0.0,0.0,0.0,0.0,0.0,0.0,0.0,154.0.1,0,0,0,4.0,-81.0
2026-07-27T08:24:55+00:00,-7.0,17.6,0.0,0.0,0.0,0.0,601,15895,0.0,0.0,0.0,0.0,0.0,0.0,0.0,0.0,0.0,154.0.1,0,0,0,26.0,43.0
2026-07-27T08:29:55+00:00,-34.5,17.8,0.0,0.0,0.0,0.0,601,16195,0.0,0.0,0.0,0.0,0.0,0.0,0.0,0.0,0.0,154.0.1,0,0,0,28.0,-246.0
2026-07-27T08:34:55+00:00,-19.0,17.8,0.0,0.0,0.0,0.0,601,16495,0.0,0.0,0.0,0.0,0.0,0.0,0.0,0.0,0.0,154.0.1,0,0,0,-7.0,7.0
2026-07-27T08:39:55+00:00,-72.5,17.8,0.0,0.0,0.0,0.0,601,16795,0.0,0.0,0.0,0.0,0.0,0.0,0.0,0.0,0.0,154.0.1,0,0,0,-35.0,4.0
2026-07-27T08:44:55+00:00,-28.0,17.7,0.0,0.0,0.0,0.0,601,17095,0.0,0.0,0.0,0.0,0.0,0.0,0.0,0.0,0.0,154.0.1,0,0,0,-37.0,26.0
2026-07-27T08:49:55+00:00,-94.0,17.7,0.0,0.0,0.0,0.0,601,17395,0.0,0.0,0.0,0.0,0.0,0.0,0.0,0.0,0.0,154.0.1,0,0,0,-73.0,-22.0
2026-07-27T08:54:55+00:00,-66.5,17.7,0.0,0.0,0.0,0.0,601,17695,0.0,0.0,0.0,0.0,0.0,0.0,0.0,0.0,0.0,154.0.1,0,0,0,-18.0,-7.0
2026-07-27T08:59:55+00:00,-7.0,17.5,0.0,0.0,0.0,0.0,601,17995,0.0,0.0,0.0,0.0,0.0,0.0,0.0,0.0,0.0,154.0.1,0,0,0,76.0,-35.0
2026-07-27T09:04:56+00:00,-12.0,17.5,0.0,0.0,0.0,0.0,601,18296,0.0,0.0,0.0,0.0,0.0,0.0,0.0,0.0,0.0,154.0.1,0,0,0,104.0,-37.0
2026-07-27T09:09:55+00:00,13.5,17.5,0.0,0.0,0.0,0.0,601,18595,0.0,0.0,0.0,0.0,0.0,0.0,0.0,0.0,0.0,154.0.1,0,0,0,118.0,-73.0
2026-07-27T09:14:55+00:00,4.5,17.3,0.0,0.0,0.0,0.0,601,18895,0.0,0.0,0.0,0.0,0.0,0.0,0.0,0.0,0.0,154.0.1,0,0,0,,-6.0
2026-07-27T09:19:55+00:00,16.0,17.3,0.0,0.0,0.0,0.0,601,19195,0.0,0.0,0.0,0.0,0.0,0.0,0.0,0.0,0.0,154.0.1,0,0,0,26.0,76.0
2026-07-27T09:24:55+00:00,-36.0,17.3,0.0,0.0,0.0,0.0,601,19495,0.0,0.0,0.0,0.0,0.0,0.0,0.0,0.0,0.0,154.0.1,0,0,0,49.0,104.0
2026-07-27T09:29:55+00:00,27.0,17.6,0.0,0.0,0.0,0.0,601,19795,0.0,0.0,0.0,0.0,0.0,0.0,0.0,0.0,0.0,154.0.1,0,0,0,76.0,118.0
2026-07-27T09:34:55+00:00,-16.0,17.6,0.0,0.0,0.0,0.0,601,20095,0.0,0.0,0.0,0.0,0.0,0.0,0.0,0.0,0.0,154.0.1,0,0,0,33.0,
2026-07-27T09:39:55+00:00,23.5,17.6,0.0,0.0,0.0,0.0,601,20395,0.0,0.0,0.0,0.0,0.0,0.0,0.0,0.0,0.0,154.0.1,0,0,0,47.0,90.0
2026-07-27T09:44:55+00:00,-12.0,17.5,0.0,0.0,0.0,0.0,601,20695,0.0,0.0,0.0,0.0,0.0,0.0,0.0,0.0,0.0,154.0.1,0,0,0,101.0,-130.0
2026-07-27T09:49:55+00:00,3.5,17.5,0.0,0.0,0.0,0.0,601,20995,0.0,0.0,0.0,0.0,0.0,0.0,0.0,0.0,0.0,154.0.1,0,0,0,89.0,22.0
2026-07-27T09:54:55+00:00,-22.5,17.5,0.0,0.0,0.0,0.0,601,21295,0.0,0.0,0.0,0.0,0.0,0.0,0.0,0.0,0.0,154.0.1,0,0,0,-96.0,-141.0
2026-07-27T09:59:55+00:00,20.0,17.4,0.0,0.0,0.0,0.0,601,21595,0.0,0.0,0.0,0.0,0.0,0.0,0.0,0.0,0.0,154.0.1,0,0,0,53.0,149.0
2026-07-27T10:04:56+00:00,116.0,17.4,0.0,0.0,0.0,0.0,601,21896,0.0,0.0,0.0,0.0,0.0,0.0,0.0,0.0,0.0,154.0.1,0,0,0,13.0,101.0
2026-07-27T10:09:55+00:00,62.0,17.4,0.0,0.0,0.0,0.0,601,22195,0.0,0.0,0.0,0.0,0.0,0.0,0.0,0.0,0.0,154.0.1,0,0,0,293.0,140.0
2026-07-27T10:14:56+00:00,35.0,17.3,0.0,0.0,0.0,0.0,601,22496,0.0,0.0,0.0,0.0,0.0,0.0,0.0,0.0,0.0,154.0.1,0,0,0,122.0,143.0
2026-07-27T10:19:55+00:00,-6.0,17.3,0.0,0.0,0.0,0.0,601,22795,0.0,0.0,0.0,0.0,0.0,0.0,0.0,0.0,0.0,154.0.1,0,0,0,-150.0,178.0
2026-07-27T10:24:55+00:00,-3.0,17.3,0.0,0.0,0.0,0.0,601,23095,0.0,0.0,0.0,0.0,0.0,0.0,0.0,0.0,0.0,154.0.1,0,0,0,,289.0
2026-07-27T10:29:55+00:00,9.0,17.3,0.0,0.0,0.0,0.0,601,23395,0.0,0.0,0.0,0.0,0.0,0.0,0.0,0.0,0.0,154.0.1,0,0,0,81.0,293.0
2026-07-27T10:34:56+00:00,-7.0,17.2,0.0,0.0,0.0,0.0,601,23696,0.0,0.0,0.0,0.0,0.0,0.0,0.0,0.0,0.0,154.0.1,0,0,0,57.0,137.0
2026-07-27T10:39:55+00:00,7.0,17.2,0.0,0.0,0.0,0.0,601,23995,0.0,0.0,0.0,0.0,0.0,0.0,0.0,0.0,0.0,154.0.1,0,0,0,153.0,-150.0
2026-07-27T10:44:55+00:00,-34.0,17.4,0.0,0.0,0.0,0.0,601,24295,0.0,0.0,0.0,0.0,0.0,0.0,0.0,0.0,0.0,154.0.1,0,0,0,,
2026-07-27T10:49:56+00:00,-24.0,17.4,0.0,0.0,0.0,0.0,601,24596,0.0,0.0,0.0,0.0,0.0,0.0,0.0,0.0,0.0,154.0.1,0,0,0,76.0,81.0
2026-07-27T10:54:55+00:00,-42.5,17.4,0.0,0.0,0.0,0.0,601,24895,0.0,0.0,0.0,0.0,0.0,0.0,0.0,0.0,0.0,154.0.1,0,0,0,-34.0,57.0
2026-07-27T10:59:55+00:00,-62.0,17.7,0.0,0.0,0.0,0.0,601,25195,0.0,0.0,0.0,0.0,0.0,0.0,0.0,0.0,0.0,154.0.1,0,0,0,,97.0
2026-07-27T11:04:56+00:00,-25.0,17.7,0.0,0.0,0.0,0.0,601,25496,0.0,0.0,0.0,0.0,0.0,0.0,0.0,0.0,0.0,154.0.1,0,0,0,-63.0,-7.0
2026-07-27T11:09:56+00:00,-52.5,17.7,0.0,0.0,0.0,0.0,601,25796,0.0,0.0,0.0,0.0,0.0,0.0,0.0,0.0,0.0,154.0.1,0,0,0,-214.0,-4.0
2026-07-27T11:14:56+00:00,-54.5,18.0,0.0,0.0,0.0,0.0,601,26096,0.0,0.0,0.0,0.0,0.0,0.0,0.0,0.0,0.0,154.0.1,0,0,0,-18.0,139.0
2026-07-27T11:19:56+00:00,-93.0,18.0,0.0,0.0,0.0,0.0,601,26396,0.0,0.0,0.0,0.0,0.0,0.0,0.0,0.0,0.0,154.0.1,0,0,0,-534.0,-93.0
2026-07-27T11:24:56+00:00,-52.0,18.0,0.0,0.0,0.0,0.0,601,26696,0.0,0.0,0.0,0.0,0.0,0.0,0.0,0.0,0.0,154.0.1,0,0,0,-196.0,-83.0
2026-07-27T11:29:55+00:00,-48.0,18.7,0.0,0.0,0.0,0.0,601,26995,0.0,0.0,0.0,0.0,0.0,0.0,0.0,0.0,0.0,154.0.1,0,0,0,,-214.0
2026-07-27T11:34:56+00:00,-21.0,18.7,0.0,0.0,0.0,0.0,601,27296,0.0,0.0,0.0,0.0,0.0,0.0,0.0,0.0,0.0,154.0.1,0,0,0,85.0,-14.0
2026-07-27T11:39:56+00:00,-19.0,18.7,0.0,0.0,0.0,0.0,601,27596,0.0,0.0,0.0,0.0,0.0,0.0,0.0,0.0,0.0,154.0.1,0,0,0,60.0,44.0
2026-07-27T11:44:56+00:00,-39.5,19.1,0.0,0.0,0.0,0.0,601,27896,0.0,0.0,0.0,0.0,0.0,0.0,0.0,0.0,0.0,154.0.1,0,0,0,-21.0,-100.0
2026-07-27T11:49:56+00:00,-68.5,19.1,0.0,0.0,0.0,0.0,601,28196,0.0,0.0,0.0,0.0,0.0,0.0,0.0,0.0,0.0,154.0.1,0,0,0,-76.0,113.0
2026-07-27T11:54:56+00:00,-62.5,19.1,0.0,0.0,0.0,0.0,601,28496,0.0,0.0,0.0,0.0,0.0,0.0,0.0,0.0,0.0,154.0.1,0,0,0,-135.0,19.0
2026-07-27T11:59:56+00:00,-105.0,19.4,0.0,0.0,0.0,0.0,601,28796,0.0,0.0,0.0,0.0,0.0,0.0,0.0,0.0,0.0,154.0.1,0,0,0,-175.0,162.0
2026-07-27T12:04:56+00:00,-37.5,19.4,0.0,0.0,0.0,0.0,601,29096,0.0,0.0,0.0,0.0,0.0,0.0,0.0,0.0,0.0,154.0.1,0,0,0,114.0,82.0
2026-07-27T12:09:55+00:00,-80.5,19.4,0.0,0.0,0.0,0.0,601,29395,0.0,0.0,0.0,0.0,0.0,0.0,0.0,0.0,0.0,154.0.1,0,0,0,,
2026-07-27T12:14:56+00:00,-55.5,19.8,0.0,0.0,0.0,0.0,601,29696,0.0,0.0,0.0,0.0,0.0,0.0,0.0,0.0,0.0,154.0.1,0,0,0,-37.0,-135.0
2026-07-27T12:19:56+00:00,-2.5,19.8,0.0,0.0,0.0,0.0,601,29996,0.0,0.0,0.0,0.0,0.0,0.0,0.0,0.0,0.0,154.0.1,0,0,0,50.0,-54.0
2026-07-27T12:24:56+00:00,-23.0,19.8,0.0,0.0,0.0,0.0,601,30296,0.0,0.0,0.0,0.0,0.0,0.0,0.0,0.0,0.0,154.0.1,0,0,0,13.0,105.0
2026-07-27T12:29:56+00:00,-13.0,20.4,0.0,0.0,0.0,0.0,601,30596,0.0,0.0,0.0,0.0,0.0,0.0,0.0,0.0,0.0,154.0.1,0,0,0,19.0,80.0
2026-07-27T12:34:56+00:00,-57.0,20.4,0.0,0.0,0.0,0.0,601,30896,0.0,0.0,0.0,0.0,0.0,0.0,0.0,0.0,0.0,154.0.1,0,0,0,-154.0,41.0
2026-07-27T12:39:55+00:00,2.0,20.4,0.0,0.0,0.0,0.0,601,31195,0.0,0.0,0.0,0.0,0.0,0.0,0.0,0.0,0.0,154.0.1,0,0,0,,304.0
2026-07-27T12:44:56+00:00,65.0,20.5,0.0,0.0,0.0,0.0,601,31496,0.0,0.0,0.0,0.0,0.0,0.0,0.0,0.0,0.0,154.0.1,0,0,0,-126.0,-39.0
2026-07-27T12:49:56+00:00,-15.0,20.5,0.0,0.0,0.0,0.0,601,31796,0.0,0.0,0.0,0.0,0.0,0.0,0.0,0.0,0.0,154.0.1,0,0,0,-126.0,-90.0
2026-07-27T12:54:56+00:00,-7.0,20.5,0.0,0.0,0.0,0.0,601,32096,0.0,0.0,0.0,0.0,0.0,0.0,0.0,0.0,0.0,154.0.1,0,0,0,361.0,94.0
2026-07-27T12:59:55+00:00,42.0,20.8,0.0,0.0,0.0,0.0,601,32395,0.0,0.0,0.0,0.0,0.0,0.0,0.0,0.0,0.0,154.0.1,0,0,0,,
2026-07-27T13:04:56+00:00,-30.5,20.8,0.0,0.0,0.0,0.0,601,32696,0.0,0.0,0.0,0.0,0.0,0.0,0.0,0.0,0.0,154.0.1,0,0,0,114.0,83.0
2026-07-27T13:09:56+00:00,-52.0,20.8,0.0,0.0,0.0,0.0,601,32996,0.0,0.0,0.0,0.0,0.0,0.0,0.0,0.0,0.0,154.0.1,0,0,0,296.0,181.0
2026-07-27T13:14:55+00:00,-30.0,21.2,0.0,0.0,0.0,0.0,601,33295,0.0,0.0,0.0,0.0,0.0,0.0,0.0,0.0,0.0,154.0.1,0,0,0,,
2026-07-27T13:19:55+00:00,-39.5,21.1,0.0,0.0,0.0,0.0,601,33595,0.0,0.0,0.0,0.0,0.0,0.0,0.0,0.0,0.0,154.0.1,0,0,0,,
2026-07-27T13:24:55+00:00,-19.0,21.1,0.0,0.0,0.0,0.0,601,33895,0.0,0.0,0.0,0.0,0.0,0.0,0.0,0.0,0.0,154.0.1,0,0,0,-11.0,
2026-07-27T13:29:55+00:00,-47.0,21.5,0.0,0.0,0.0,0.0,601,34195,0.0,0.0,0.0,0.0,0.0,0.0,0.0,0.0,0.0,154.0.1,0,0,0,-119.0,74.0
2026-07-27T13:34:55+00:00,9.0,21.5,0.0,0.0,0.0,0.0,601,34495,0.0,0.0,0.0,0.0,0.0,0.0,0.0,0.0,0.0,154.0.1,0,0,0,125.0,
2026-07-27T13:39:55+00:00,24.0,21.5,0.0,0.0,0.0,0.0,601,34795,0.0,0.0,0.0,0.0,0.0,0.0,0.0,0.0,0.0,154.0.1,0,0,0,-85.0,
2026-07-27T13:44:55+00:00,34.0,22.0,0.0,0.0,0.0,0.0,601,35095,0.0,0.0,0.0,0.0,0.0,0.0,0.0,0.0,0.0,154.0.1,0,0,0,61.0,-11.0
2026-07-27T13:49:55+00:00,58.0,22.0,0.0,0.0,0.0,0.0,601,35395,0.0,0.0,0.0,0.0,0.0,0.0,0.0,0.0,0.0,154.0.1,0,0,0,-114.0,-109.0
2026-07-27T13:54:55+00:00,72.0,22.0,0.0,0.0,0.0,0.0,601,35695,0.0,0.0,0.0,0.0,0.0,0.0,0.0,0.0,0.0,154.0.1,0,0,0,26.0,-232.0
2026-07-27T13:59:55+00:00,80.0,22.4,0.0,0.0,0.0,0.0,601,35995,0.0,0.0,0.0,0.0,0.0,0.0,0.0,0.0,0.0,154.0.1,0,0,0,159.0,100.0
2026-07-27T14:04:55+00:00,64.0,22.4,0.0,0.0,0.0,0.0,601,36295,0.0,0.0,0.0,0.0,0.0,0.0,0.0,0.0,0.0,154.0.1,0,0,0,72.0,9.0
2026-07-27T14:09:55+00:00,74.0,22.4,0.0,0.0,0.0,0.0,601,36595,0.0,0.0,0.0,0.0,0.0,0.0,0.0,0.0,0.0,154.0.1,0,0,0,400.0,176.0
2026-07-27T14:14:55+00:00,41.0,22.7,0.0,0.0,0.0,0.0,601,36895,0.0,0.0,0.0,0.0,0.0,0.0,0.0,0.0,0.0,154.0.1,0,0,0,432.0,250.0
2026-07-27T14:19:55+00:00,101.0,22.7,0.0,0.0,0.0,0.0,601,37195,0.0,0.0,0.0,0.0,0.0,0.0,0.0,0.0,0.0,154.0.1,0,0,0,495.0,355.0
2026-07-27T14:24:55+00:00,102.0,22.7,0.0,0.0,0.0,0.0,601,37495,0.0,0.0,0.0,0.0,0.0,0.0,0.0,0.0,0.0,154.0.1,0,0,0,526.0,422.0
2026-07-27T14:29:55+00:00,-2.0,23.3,0.0,0.0,0.0,0.0,601,37795,0.0,0.0,0.0,0.0,0.0,0.0,0.0,0.0,0.0,154.0.1,0,0,0,101.0,118.0
2026-07-27T14:34:55+00:00,43.5,23.1,0.0,0.0,0.0,0.0,601,38095,0.0,0.0,0.0,0.0,0.0,0.0,0.0,0.0,0.0,154.0.1,0,0,0,391.0,345.0
2026-07-27T14:39:55+00:00,63.0,23.1,0.0,0.0,0.0,0.0,601,38395,0.0,0.0,0.0,0.0,0.0,0.0,0.0,0.0,0.0,154.0.1,0,0,0,-242.0,105.0
2026-07-27T14:44:55+00:00,-2.0,23.4,0.0,0.0,0.0,0.0,601,38695,0.0,0.0,0.0,0.0,0.0,0.0,0.0,0.0,0.0,154.0.1,0,0,0,64.0,43.0
2026-07-27T14:49:55+00:00,-4.0,23.4,0.0,0.0,0.0,0.0,601,38995,0.0,0.0,0.0,0.0,0.0,0.0,0.0,0.0,0.0,154.0.1,0,0,0,152.0,101.0
2026-07-27T14:54:55+00:00,26.0,23.4,0.0,0.0,0.0,0.0,601,39295,0.0,0.0,0.0,0.0,0.0,0.0,0.0,0.0,0.0,154.0.1,0,0,0,2.0,124.0
2026-07-27T14:59:55+00:00,-30.5,23.4,0.0,0.0,0.0,0.0,601,39595,0.0,0.0,0.0,0.0,0.0,0.0,0.0,0.0,0.0,154.0.1,0,0,0,176.0,351.0
2026-07-27T15:04:55+00:00,-14.5,23.4,0.0,0.0,0.0,0.0,601,39895,0.0,0.0,0.0,0.0,0.0,0.0,0.0,0.0,0.0,154.0.1,0,0,0,147.0,64.0
2026-07-27T15:09:55+00:00,-48.0,23.4,0.0,0.0,0.0,0.0,601,40195,0.0,0.0,0.0,0.0,0.0,0.0,0.0,0.0,0.0,154.0.1,0,0,0,136.0,185.0
2026-07-27T15:14:55+00:00,21.0,23.9,0.0,0.0,0.0,0.0,601,40495,0.0,0.0,0.0,0.0,0.0,0.0,0.0,0.0,0.0,154.0.1,0,0,0,242.0,-122.0
2026-07-27T15:19:55+00:00,36.5,23.9,0.0,0.0,0.0,0.0,601,40795,0.0,0.0,0.0,0.0,0.0,0.0,0.0,0.0,0.0,154.0.1,0,0,0,-55.0,179.0
2026-07-27T15:24:55+00:00,12.0,23.9,0.0,0.0,0.0,0.0,601,41095,0.0,0.0,0.0,0.0,0.0,0.0,0.0,0.0,0.0,154.0.1,0,0,0,21.0,147.0
2026-07-27T15:29:55+00:00,-38.0,25.2,0.0,0.0,0.0,0.0,601,41395,0.0,0.0,0.0,0.0,0.0,0.0,0.0,0.0,0.0,154.0.1,0,0,0,81.0,136.0
2026-07-27T15:34:55+00:00,24.0,25.2,0.0,0.0,0.0,0.0,601,41695,0.0,0.0,0.0,0.0,0.0,0.0,0.0,0.0,0.0,154.0.1,0,0,0,-8.0,38.0
2026-07-27T15:39:55+00:00,10.5,25.2,0.0,0.0,0.0,0.0,601,41995,0.0,0.0,0.0,0.0,0.0,0.0,0.0,0.0,0.0,154.0.1,0,0,0,-106.0,45.0
2026-07-27T15:44:55+00:00,14.0,25.8,0.0,0.0,0.0,0.0,601,42295,0.0,0.0,0.0,0.0,0.0,0.0,0.0,0.0,0.0,154.0.1,0,0,0,-71.0,21.0
2026-07-27T15:49:55+00:00,-54.0,25.8,0.0,0.0,0.0,0.0,601,42595,0.0,0.0,0.0,0.0,0.0,0.0,0.0,0.0,0.0,154.0.1,0,0,0,-111.0,81.0
2026-07-27T15:54:55+00:00,1.0,25.8,0.0,0.0,0.0,0.0,601,42895,0.0,0.0,0.0,0.0,0.0,0.0,0.0,0.0,0.0,154.0.1,0,0,0,-133.0,-68.0
2026-07-27T15:59:55+00:00,-24.5,26.4,0.0,0.0,0.0,0.0,601,43195,0.0,0.0,0.0,0.0,0.0,0.0,0.0,0.0,0.0,154.0.1,0,0,0,268.0,-35.0
2026-07-27T16:04:55+00:00,22.0,26.4,0.0,0.0,0.0,0.0,601,43495,0.0,0.0,0.0,0.0,0.0,0.0,0.0,0.0,0.0,154.0.1,0,0,0,-125.0,80.0
2026-07-27T16:09:55+00:00,27.0,26.4,0.0,0.0,0.0,0.0,601,43795,0.0,0.0,0.0,0.0,0.0,0.0,0.0,0.0,0.0,154.0.1,0,0,0,-258.0,17.0
2026-07-27T16:14:55+00:00,-2.5,27.0,0.0,0.0,0.0,0.0,601,44095,0.0,0.0,0.0,0.0,0.0,0.0,0.0,0.0,0.0,154.0.1,0,0,0,22.0,-133.0
2026-07-27T16:19:55+00:00,-3.0,27.0,0.0,0.0,0.0,0.0,601,44395,0.0,0.0,0.0,0.0,0.0,0.0,0.0,0.0,0.0,154.0.1,0,0,0,-97.0,-138.0
2026-07-27T16:24:55+00:00,40.5,27.0,0.0,0.0,0.0,0.0,601,44695,0.0,0.0,0.0,0.0,0.0,0.0,0.0,0.0,0.0,154.0.1,0,0,0,-105.0,-57.0
2026-07-27T16:29:55+00:00,54.5,27.6,0.0,0.0,0.0,0.0,601,44995,0.0,0.0,0.0,0.0,0.0,0.0,0.0,0.0,0.0,154.0.1,0,0,0,-28.0,-64.0
2026-07-27T16:34:55+00:00,-36.5,27.1,0.0,0.0,0.0,0.0,601,45295,0.0,0.0,0.0,0.0,0.0,0.0,0.0,0.0,0.0,154.0.1,0,0,0,156.0,37.0
2026-07-27T16:39:55+00:00,126.0,27.1,0.0,0.0,0.0,0.0,601,45595,0.0,0.0,0.0,0.0,0.0,0.0,0.0,0.0,0.0,154.0.1,0,0,0,-157.0,-127.0
2026-07-27T16:44:55+00:00,169.0,27.5,0.0,0.0,0.0,0.0,601,45895,0.0,0.0,0.0,0.0,0.0,0.0,0.0,0.0,0.0,154.0.1,0,0,0,350.0,310.0
2026-07-27T16:49:55+00:00,156.0,27.5,0.0,0.0,0.0,0.0,601,46195,0.0,0.0,0.0,0.0,0.0,0.0,0.0,0.0,0.0,154.0.1,0,0,0,76.0,49.0
2026-07-27T16:54:55+00:00,77.0,27.5,0.0,0.0,0.0,0.0,601,46495,0.0,0.0,0.0,0.0,0.0,0.0,0.0,0.0,0.0,154.0.1,0,0,0,188.0,110.0
2026-07-27T16:59:55+00:00,119.0,27.9,0.0,0.0,0.0,0.0,601,46795,0.0,0.0,0.0,0.0,0.0,0.0,0.0,0.0,0.0,154.0.1,0,0,0,97.0,180.0
2026-07-27T17:04:55+00:00,58.0,27.9,0.0,0.0,0.0,0.0,601,47095,0.0,0.0,0.0,0.0,0.0,0.0,0.0,0.0,0.0,154.0.1,0,0,0,-44.0,180.0
2026-07-27T17:09:55+00:00,103.0,27.9,0.0,0.0,0.0,0.0,601,47395,0.0,0.0,0.0,0.0,0.0,0.0,0.0,0.0,0.0,154.0.1,0,0,0,2.0,98.0
2026-07-27T17:14:55+00:00,86.0,28.2,0.0,0.0,0.0,0.0,601,47695,0.0,0.0,0.0,0.0,0.0,0.0,0.0,0.0,0.0,154.0.1,0,0,0,-34.0,-200.0
2026-07-27T17:19:55+00:00,108.0,28.2,0.0,0.0,0.0,0.0,601,47995,0.0,0.0,0.0,0.0,0.0,0.0,0.0,0.0,0.0,154.0.1,0,0,0,-45.0,-49.0
2026-07-27T17:24:55+00:00,41.0,28.2,0.0,0.0,0.0,0.0,601,48295,0.0,0.0,0.0,0.0,0.0,0.0,0.0,0.0,0.0,154.0.1,0,0,0,81.0,-44.0
2026-07-27T17:29:55+00:00,156.0,28.3,0.0,0.0,0.0,0.0,601,48595,0.0,0.0,0.0,0.0,0.0,0.0,0.0,0.0,0.0,154.0.1,0,0,0,128.0,135.0
2026-07-27T17:34:55+00:00,71.5,28.6,0.0,0.0,0.0,0.0,601,48895,0.0,0.0,0.0,0.0,0.0,0.0,0.0,0.0,0.0,154.0.1,0,0,0,-14.0,58.0
2026-07-27T17:39:55+00:00,32.5,28.6,0.0,0.0,0.0,0.0,601,49195,0.0,0.0,0.0,0.0,0.0,0.0,0.0,0.0,0.0,154.0.1,0,0,0,156.0,-45.0
2026-07-27T17:44:55+00:00,77.5,28.4,0.0,0.0,0.0,0.0,601,49495,0.0,0.0,0.0,0.0,0.0,0.0,0.0,0.0,0.0,154.0.1,0,0,0,312.0,397.0
2026-07-27T17:49:56+00:00,46.0,28.4,0.0,0.0,0.0,0.0,601,49796,0.0,0.0,0.0,0.0,0.0,0.0,0.0,0.0,0.0,154.0.1,0,0,0,-57.0,80.0
2026-07-27T17:54:55+00:00,-2.0,28.4,0.0,0.0,0.0,0.0,601,50095,0.0,0.0,0.0,0.0,0.0,0.0,0.0,0.0,0.0,154.0.1,0,0,0,256.0,-14.0
2026-07-27T17:59:55+00:00,-72.0,28.7,0.0,0.0,0.0,0.0,601,50395,0.0,0.0,0.0,0.0,0.0,0.0,0.0,0.0,0.0,154.0.1,0,0,0,,118.0
2026-07-27T18:04:55+00:00,-15.0,28.7,0.0,0.0,0.0,0.0,601,50695,0.0,0.0,0.0,0.0,0.0,0.0,0.0,0.0,0.0,154.0.1,0,0,0,316.0,165.0
2026-07-27T18:09:55+00:00,-16.5,28.7,0.0,0.0,0.0,0.0,601,50995,0.0,0.0,0.0,0.0,0.0,0.0,0.0,0.0,0.0,154.0.1,0,0,0,57.0,319.0
2026-07-27T18:14:56+00:00,-56.5,29.1,0.0,0.0,0.0,0.0,601,51296,0.0,0.0,0.0,0.0,0.0,0.0,0.0,0.0,0.0,154.0.1,0,0,0,396.0,256.0
2026-07-27T18:19:55+00:00,-2.0,29.1,0.0,0.0,0.0,0.0,601,51595,0.0,0.0,0.0,0.0,0.0,0.0,0.0,0.0,0.0,154.0.1,0,0,0,-77.0,
2026-07-27T18:24:55+00:00,-11.0,29.1,0.0,0.0,0.0,0.0,601,51895,0.0,0.0,0.0,0.0,0.0,0.0,0.0,0.0,0.0,154.0.1,0,0,0,,316.0
2026-07-27T18:29:55+00:00,76.5,29.0,0.0,0.0,0.0,0.0,601,52195,0.0,0.0,0.0,0.0,0.0,0.0,0.0,0.0,0.0,154.0.1,0,0,0,-89.0,-117.0
2026-07-27T18:34:55+00:00,43.0,29.0,0.0,0.0,0.0,0.0,601,52495,0.0,0.0,0.0,0.0,0.0,0.0,0.0,0.0,0.0,154.0.1,0,0,0,194.0,396.0
2026-07-27T18:39:55+00:00,-13.0,29.0,0.0,0.0,0.0,0.0,601,52795,0.0,0.0,0.0,0.0,0.0,0.0,0.0,0.0,0.0,154.0.1,0,0,0,-206.0,-52.0
2026-07-27T18:44:55+00:00,-19.0,29.2,0.0,0.0,0.0,0.0,601,53095,0.0,0.0,0.0,0.0,0.0,0.0,0.0,0.0,0.0,154.0.1,0,0,0,75.0,
2026-07-27T18:49:55+00:00,-42.0,29.2,0.0,0.0,0.0,0.0,601,53395,0.0,0.0,0.0,0.0,0.0,0.0,0.0,0.0,0.0,154.0.1,0,0,0,168.0,232.0
2026-07-27T18:54:56+00:00,-64.0,29.2,0.0,0.0,0.0,0.0,601,53696,0.0,0.0,0.0,0.0,0.0,0.0,0.0,0.0,0.0,154.0.1,0,0,0,94.0,194.0
2026-07-27T18:59:55+00:00,84.0,29.3,0.0,0.0,0.0,0.0,601,53995,0.0,0.0,0.0,0.0,0.0,0.0,0.0,0.0,0.0,154.0.1,0,0,0,-141.0,-71.0
2026-07-27T19:04:56+00:00,12.5,29.3,0.0,0.0,0.0,0.0,601,54296,0.0,0.0,0.0,0.0,0.0,0.0,0.0,0.0,0.0,154.0.1,0,0,0,200.0,75.0
2026-07-27T19:09:55+00:00,19.5,29.3,0.0,0.0,0.0,0.0,601,54595,0.0,0.0,0.0,0.0,0.0,0.0,0.0,0.0,0.0,154.0.1,0,0,0,-139.0,-172.0
2026-07-27T19:14:56+00:00,61.0,28.4,0.0,0.0,0.0,0.0,601,54896,0.0,0.0,0.0,0.0,0.0,0.0,0.0,0.0,0.0,154.0.1,0,0,0,-226.0,-165.0
2026-07-27T19:19:56+00:00,85.0,28.9,0.0,0.0,0.0,0.0,601,55196,0.0,0.0,0.0,0.0,0.0,0.0,0.0,0.0,0.0,154.0.1,0,0,0,406.0,157.0
2026-07-27T19:24:56+00:00,24.0,28.9,0.0,0.0,0.0,0.0,601,55496,0.0,0.0,0.0,0.0,0.0,0.0,0.0,0.0,0.0,154.0.1,0,0,0,270.0,200.0
2026-07-27T19:29:55+00:00,49.0,29.1,0.0,0.0,0.0,0.0,601,55795,0.0,0.0,0.0,0.0,0.0,0.0,0.0,0.0,0.0,154.0.1,0,0,0,,-242.0
2026-07-27T19:34:56+00:00,-17.5,29.1,0.0,0.0,0.0,0.0,601,56096,0.0,0.0,0.0,0.0,0.0,0.0,0.0,0.0,0.0,154.0.1,0,0,0,-90.0,171.0
2026-07-27T19:39:56+00:00,8.5,29.1,0.0,0.0,0.0,0.0,601,56396,0.0,0.0,0.0,0.0,0.0,0.0,0.0,0.0,0.0,154.0.1,0,0,0,-186.0,220.0
2026-07-27T19:44:56+00:00,-3.5,28.9,0.0,0.0,0.0,0.0,601,56696,0.0,0.0,0.0,0.0,0.0,0.0,0.0,0.0,0.0,154.0.1,0,0,0,-13.0,-314.0
2026-07-27T19:49:56+00:00,-3.0,28.9,0.0,0.0,0.0,0.0,601,56996,0.0,0.0,0.0,0.0,0.0,0.0,0.0,0.0,0.0,154.0.1,0,0,0,305.0,346.0
2026-07-27T19:54:56+00:00,68.0,28.9,0.0,0.0,0.0,0.0,601,57296,0.0,0.0,0.0,0.0,0.0,0.0,0.0,0.0,0.0,154.0.1,0,0,0,-16.0,-261.0
2026-07-27T19:59:56+00:00,69.0,25.7,0.4,0.4,0.0,0.0,601,57596,0.4,0.4,0.4,0.0,0.0,0.0,0.4,0.4,0.4,154.0.1,0,0,0,146.0,126.0
2026-07-27T20:04:56+00:00,90.0,25.7,0.4,0.4,0.0,0.0,601,57896,0.8,0.8,0.8,0.0,0.0,0.0,0.8,0.8,0.8,154.0.1,0,0,0,-34.0,144.0
2026-07-27T20:09:56+00:00,49.5,25.7,0.4,0.4,0.0,0.0,601,58196,1.2,1.2,1.2,0.0,0.0,0.0,1.2,1.2,1.2,154.0.1,0,0,0,-20.0,-188.0
2026-07-27T20:14:56+00:00,73.5,22.7,1.9,1.9,0.0,0.0,601,58496,3.1,3.1,3.1,0.0,0.0,0.0,3.1,3.1,3.1,154.0.1,0,0,0,-129.0,161.0
2026-07-27T20:19:56+00:00,1.5,22.7,1.9,1.9,0.0,0.0,601,58796,4.6,5.0,5.0,0.0,0.0,0.0,4.6,5.0,5.0,154.0.1,0,0,0,-147.0,43.0
2026-07-27T20:24:56+00:00,35.0,22.7,1.9,1.9,0.0,0.0,601,59096,6.1,6.9,6.9,0.0,0.0,0.0,6.1,6.9,6.9,154.0.1,0,0,0,-153.0,39.0
2026-07-27T20:29:56+00:00,3.5,26.2,0.0,0.0,0.0,0.0,601,59396,5.7,6.9,6.9,0.0,0.0,0.0,5.7,6.9,6.9,154.0.1,0,0,0,397.0,155.0
2026-07-27T20:34:56+00:00,-8.0,26.2,0.0,0.0,0.0,0.0,601,59696,3.8,6.9,6.9,0.0,0.0,0.0,3.8,6.9,6.9,154.0.1,0,0,0,432.0,221.0
2026-07-27T20:39:56+00:00,-38.0,26.2,0.0,0.0,0.0,0.0,601,59996,1.9,6.9,6.9,0.0,0.0,0.0,1.9,6.9,6.9,154.0.1,0,0,0,15.0,252.0
2026-07-27T20:44:56+00:00,-29.0,26.8,0.0,0.0,0.0,0.0,601,60296,0.0,6.9,6.9,0.0,0.0,0.0,0.0,6.9,6.9,154.0.1,0,0,0,-204.0,-45.0
2026-07-27T20:49:56+00:00,80.0,26.8,0.0,0.0,0.0,0.0,601,60596,0.0,6.9,6.9,0.0,0.0,0.0,0.0,6.9,6.9,154.0.1,0,0,0,-218.0,-12.0
2026-07-27T20:54:56+00:00,51.0,26.8,0.0,0.0,0.0,0.0,601,60896,0.0,6.9,6.9,0.0,0.0,0.0,0.0,6.9,6.9,154.0.1,0,0,0,-148.0,-76.0
2026-07-27T20:59:56+00:00,12.0,27.0,0.0,0.0,0.0,0.0,601,61196,0.0,6.5,6.9,0.0,0.0,0.0,0.0,6.5,6.9,154.0.1,0,0,0,157.0,-23.0
2026-07-27T21:04:56+00:00,-11.5,27.0,0.0,0.0,0.0,0.0,601,61496,0.0,6.1,6.9,0.0,0.0,0.0,0.0,6.1,6.9,154.0.1,0,0,0,51.0,57.0
2026-07-27T21:09:56+00:00,-29.0,27.0,0.0,0.0,0.0,0.0,601,61796,0.0,5.7,6.9,0.0,0.0,0.0,0.0,5.7,6.9,154.0.1,0,0,0,59.0,78.0
2026-07-27T21:14:56+00:00,4.0,27.1,0.0,0.0,0.0,0.0,601,62096,0.0,3.8,6.9,0.0,0.0,0.0,0.0,3.8,6.9,154.0.1,0,0,0,-79.0,24.0
2026-07-27T21:19:56+00:00,-44.0,27.1,0.0,0.0,0.0,0.0,601,62396,0.0,1.9,6.9,0.0,0.0,0.0,0.0,1.9,6.9,154.0.1,0,0,0,-101.0,-113.0
2026-07-27T21:24:56+00:00,29.0,27.1,0.0,0.0,0.0,0.0,601,62696,0.0,0.0,6.9,0.0,0.0,0.0,0.0,0.0,6.9,154.0.1,0,0,0,-524.0,-42.0
2026-07-27T21:29:56+00:00,80.0,25.9,0.0,0.0,0.0,0.0,601,62996,0.0,0.0,6.9,0.0,0.0,0.0,0.0,0.0,6.9,154.0.1,0,0,0,134.0,167.0
2026-07-27T21:34:56+00:00,106.0,25.9,0.0,0.0,0.0,0.0,601,63296,0.0,0.0,6.9,0.0,0.0,0.0,0.0,0.0,6.9,154.0.1,0,0,0,32.0,265.0
2026-07-27T21:39:56+00:00,4.0,25.9,0.0,0.0,0.0,0.0,601,63596,0.0,0.0,6.9,0.0,0.0,0.0,0.0,0.0,6.9,154.0.1,0,0,0,169.0,134.0
2026-07-27T21:44:56+00:00,-5.5,25.9,0.0,0.0,0.0,0.0,601,63896,0.0,0.0,6.9,0.0,0.0,0.0,0.0,0.0,6.9,154.0.1,0,0,0,36.0,95.0
2026-07-27T21:49:56+00:00,-25.5,25.9,0.0,0.0,0.0,0.0,601,64196,0.0,0.0,6.9,0.0,0.0,0.0,0.0,0.0,6.9,154.0.1,0,0,0,-57.0,112.0
2026-07-27T21:54:56+00:00,-132.0,25.9,0.0,0.0,0.0,0.0,601,64496,0.0,0.0,6.9,0.0,0.0,0.0,0.0,0.0,6.9,154.0.1,0,0,0,38.0,160.0
2026-07-27T21:59:56+00:00,-91.0,26.0,0.0,0.0,0.0,0.0,601,64796,0.0,0.0,6.9,0.0,0.0,0.0,0.0,0.0,6.9,154.0.1,0,0,0,-12.0,127.0
2026-07-27T22:04:57+00:00,-39.0,26.0,0.0,0.0,0.0,0.0,601,65097,0.0,0.0,6.9,0.0,0.0,0.0,0.0,0.0,6.9,154.0.1,0,0,0,-159.0,36.0
2026-07-27T22:09:56+00:00,-21.0,26.0,0.0,0.0,0.0,0.0,601,65396,0.0,0.0,6.9,0.0,0.0,0.0,0.0,0.0,6.9,154.0.1,0,0,0,19.0,-235.0
2026-07-27T22:14:56+00:00,42.0,25.6,0.0,0.0,0.0,0.0,601,65696,0.0,0.0,6.9,0.0,0.0,0.0,0.0,0.0,6.9,154.0.1,0,0,0,,-94.0
2026-07-27T22:19:56+00:00,49.5,25.6,0.0,0.0,0.0,0.0,601,65996,0.0,0.0,6.5,0.0,0.0,0.0,0.0,0.0,6.5,154.0.1,0,0,0,-104.0,-12.0
2026-07-27T22:24:56+00:00,39.0,25.6,0.0,0.0,0.0,0.0,601,66296,0.0,0.0,6.1,0.0,0.0,0.0,0.0,0.0,6.1,154.0.1,0,0,0,209.0,318.0
2026-07-27T22:29:56+00:00,6.0,25.0,0.0,0.0,0.0,0.0,601,66596,0.0,0.0,5.7,0.0,0.0,0.0,0.0,0.0,5.7,154.0.1,0,0,0,-21.0,-121.0
2026-07-27T22:34:56+00:00,-41.0,25.0,0.0,0.0,0.0,0.0,601,66896,0.0,0.0,3.8,0.0,0.0,0.0,0.0,0.0,3.8,154.0.1,0,0,0,148.0,
2026-07-27T22:39:55+00:00,-9.0,25.7,0.0,0.0,0.0,0.0,601,67195,0.0,0.0,1.9,0.0,0.0,0.0,0.0,0.0,1.9,154.0.1,0,0,0,,
2026-07-27T22:44:55+00:00,-16.0,25.4,0.0,0.0,0.0,0.0,601,67495,0.0,0.0,0.0,0.0,0.0,0.0,0.0,0.0,0.0,154.0.1,0,0,0,,
2026-07-27T22:49:55+00:00,43.0,25.4,0.0,0.0,0.0,0.0,601,67795,0.0,0.0,0.0,0.0,0.0,0.0,0.0,0.0,0.0,154.0.1,0,0,0,80.0,
2026-07-27T22:54:56+00:00,4.0,25.4,0.0,0.0,0.0,0.0,601,68096,0.0,0.0,0.0,0.0,0.0,0.0,0.0,0.0,0.0,154.0.1,0,0,0,-16.0,143.0
2026-07-27T22:59:55+00:00,0.5,24.8,0.0,0.0,0.0,0.0,601,68395,0.0,0.0,0.0,0.0,0.0,0.0,0.0,0.0,0.0,154.0.1,0,0,0,40.0,
2026-07-27T23:04:56+00:00,-16.0,24.8,0.0,0.0,0.0,0.0,601,68696,0.0,0.0,0.0,0.0,0.0,0.0,0.0,0.0,0.0,154.0.1,0,0,0,-19.0,-49.0
2026-07-27T23:09:55+00:00,-2.0,24.8,0.0,0.0,0.0,0.0,601,68995,0.0,0.0,0.0,0.0,0.0,0.0,0.0,0.0,0.0,154.0.1,0,0,0,73.0,-400.0
2026-07-27T23:14:56+00:00,-4.5,24.6,0.0,0.0,0.0,0.0,601,69296,0.0,0.0,0.0,0.0,0.0,0.0,0.0,0.0,0.0,154.0.1,0,0,0,53.0,16.0
2026-07-27T23:19:56+00:00,23.0,24.6,0.0,0.0,0.0,0.0,601,69596,0.0,0.0,0.0,0.0,0.0,0.0,0.0,0.0,0.0,154.0.1,0,0,0,70.0,40.0
2026-07-27T23:24:56+00:00,8.0,24.6,0.0,0.0,0.0,0.0,601,69896,0.0,0.0,0.0,0.0,0.0,0.0,0.0,0.0,0.0,154.0.1,0,0,0,-22.0,-89.0
2026-07-27T23:29:55+00:00,-28.0,25.2,0.0,0.0,0.0,0.0,601,70195,0.0,0.0,0.0,0.0,0.0,0.0,0.0,0.0,0.0,154.0.1,0,0,0,,73.0
2026-07-27T23:34:55+00:00,15.0,25.2,0.0,0.0,0.0,0.0,601,70495,0.0,0.0,0.0,0.0,0.0,0.0,0.0,0.0,0.0,154.0.1,0,0,0,,
2026-07-27T23:39:56+00:00,-14.5,25.2,0.0,0.0,0.0,0.0,601,70796,0.0,0.0,0.0,0.0,0.0,0.0,0.0,0.0,0.0,154.0.1,0,0,0,-50.0,-81.0
2026-07-27T23:44:56+00:00,13.0,25.0,0.0,0.0,0.0,0.0,601,71096,0.0,0.0,0.0,0.0,0.0,0.0,0.0,0.0,0.0,154.0.1,0,0,0,-46.0,-110.0
2026-07-27T23:49:56+00:00,-8.5,25.0,0.0,0.0,0.0,0.0,601,71396,0.0,0.0,0.0,0.0,0.0,0.0,0.0,0.0,0.0,154.0.1,0,0,0,-15.0,-38.0
2026-07-27T23:54:55+00:00,60.0,25.0,0.0,0.0,0.0,0.0,601,71695,0.0,0.0,0.0,0.0,0.0,0.0,0.0,0.0,0.0,154.0.1,0,0,0,,
2026-07-27T23:59:55+00:00,35.0,24.9,0.0,0.0,0.0,0.0,601,71995,0.0,0.0,0.0,0.0,0.0,0.0,0.0,0.0,0.0,154.0.1,0,0,0,,343.0
2026-07-28T00:04:55+00:00,179.0,24.9,0.0,0.0,0.0,0.0,601,72295,0.0,0.0,0.0,0.0,0.0,0.0,0.0,0.0,0.0,154.0.1,0,0,0,391.0,361.0
2026-07-28T00:09:55+00:00,199.0,24.9,0.0,0.0,0.0,0.0,601,72595,0.0,0.0,0.0,0.0,0.0,0.0,0.0,0.0,0.0,154.0.1,0,0,0,351.0,
2026-07-28T00:14:55+00:00,295.5,24.5,0.0,0.0,0.0,0.0,601,72895,0.0,0.0,0.0,0.0,0.0,0.0,0.0,0.0,0.0,154.0.1,0,0,0,361.0,
2026-07-28T00:19:55+00:00,251.0,24.5,0.0,0.0,0.0,0.0,601,73195,0.0,0.0,0.0,0.0,0.0,0.0,0.0,0.0,0.0,154.0.1,0,0,0,333.0,
2026-07-28T00:24:55+00:00,216.5,24.5,0.0,0.0,0.0,0.0,601,73495,0.0,0.0,0.0,0.0,0.0,0.0,0.0,0.0,0.0,154.0.1,0,0,0,314.0,391.0
2026-07-28T00:29:55+00:00,197.0,23.9,0.0,0.0,0.0,0.0,601,73795,0.0,0.0,0.0,0.0,0.0,0.0,0.0,0.0,0.0,154.0.1,0,0,0,251.0,351.0
2026-07-28T00:34:55+00:00,205.0,23.6,0.0,0.0,0.0,0.0,601,74095,0.0,0.0,0.0,0.0,0.0,0.0,0.0,0.0,0.0,154.0.1,0,0,0,53.0,361.0
2026-07-28T00:39:55+00:00,188.0,23.6,0.0,0.0,0.0,0.0,601,74395,0.0,0.0,0.0,0.0,0.0,0.0,0.0,0.0,0.0,154.0.1,0,0,0,295.0,333.0
2026-07-28T00:44:55+00:00,175.5,23.1,0.0,0.0,0.0,0.0,601,74695,0.0,0.0,0.0,0.0,0.0,0.0,0.0,0.0,0.0,154.0.1,0,0,0,122.0,357.0
2026-07-28T00:49:55+00:00,148.5,23.1,0.0,0.0,0.0,0.0,601,74995,0.0,0.0,0.0,0.0,0.0,0.0,0.0,0.0,0.0,154.0.1,0,0,0,393.0,341.0
2026-07-28T00:54:55+00:00,199.0,23.1,0.0,0.0,0.0,0.0,601,75295,0.0,0.0,0.0,0.0,0.0,0.0,0.0,0.0,0.0,154.0.1,0,0,0,434.0,403.0
2026-07-28T00:59:55+00:00,168.0,22.8,0.0,0.0,0.0,0.0,601,75595,0.0,0.0,0.0,0.0,0.0,0.0,0.0,0.0,0.0,154.0.1,0,0,0,-34.0,-40.0
2026-07-28T01:04:55+00:00,139.5,22.8,0.0,0.0,0.0,0.0,601,75895,0.0,0.0,0.0,0.0,0.0,0.0,0.0,0.0,0.0,154.0.1,0,0,0,301.0,256.0
2026-07-28T01:09:55+00:00,119.0,22.8,0.0,0.0,0.0,0.0,601,76195,0.0,0.0,0.0,0.0,0.0,0.0,0.0,0.0,0.0,154.0.1,0,0,0,147.0,37.0
2026-07-28T01:14:55+00:00,139.0,22.5,0.0,0.0,0.0,0.0,601,76495,0.0,0.0,0.0,0.0,0.0,0.0,0.0,0.0,0.0,154.0.1,0,0,0,121.0,110.0
2026-07-28T01:19:55+00:00,209.5,22.6,0.0,0.0,0.0,0.0,601,76795,0.0,0.0,0.0,0.0,0.0,0.0,0.0,0.0,0.0,154.0.1,0,0,0,-497.0,289.0
2026-07-28T01:24:55+00:00,329.0,22.6,0.0,0.0,0.0,0.0,601,77095,0.0,0.0,0.0,0.0,0.0,0.0,0.0,0.0,0.0,154.0.1,0,0,0,350.0,212.0
2026-07-28T01:29:55+00:00,237.0,22.3,0.0,0.0,0.0,0.0,601,77395,0.0,0.0,0.0,0.0,0.0,0.0,0.0,0.0,0.0,154.0.1,0,0,0,131.0,269.0
2026-07-28T01:34:55+00:00,224.0,22.3,0.0,0.0,0.0,0.0,601,77695,0.0,0.0,0.0,0.0,0.0,0.0,0.0,0.0,0.0,154.0.1,0,0,0,177.0,154.0
2026-07-28T01:39:55+00:00,179.0,22.3,0.0,0.0,0.0,0.0,601,77995,0.0,0.0,0.0,0.0,0.0,0.0,0.0,0.0,0.0,154.0.1,0,0,0,240.0,119.0
2026-07-28T01:44:55+00:00,219.0,22.0,0.0,0.0,0.0,0.0,601,78295,0.0,0.0,0.0,0.0,0.0,0.0,0.0,0.0,0.0,154.0.1,0,0,0,185.0,229.0
2026-07-28T01:49:55+00:00,251.0,22.0,0.0,0.0,0.0,0.0,601,78595,0.0,0.0,0.0,0.0,0.0,0.0,0.0,0.0,0.0,154.0.1,0,0,0,141.0,131.0
2026-07-28T01:54:55+00:00,197.0,22.0,0.0,0.0,0.0,0.0,601,78895,0.0,0.0,0.0,0.0,0.0,0.0,0.0,0.0,0.0,154.0.1,0,0,0,195.0,-9.0
2026-07-28T01:59:55+00:00,193.0,21.7,0.0,0.0,0.0,0.0,601,79195,0.0,0.0,0.0,0.0,0.0,0.0,0.0,0.0,0.0,154.0.1,0,0,0,488.0,405.0
2026-07-28T02:04:55+00:00,55.5,21.7,0.0,0.0,0.0,0.0,601,79495,0.0,0.0,0.0,0.0,0.0,0.0,0.0,0.0,0.0,154.0.1,0,0,0,287.0,185.0
2026-07-28T02:09:55+00:00,23.5,21.7,0.0,0.0,0.0,0.0,601,79795,0.0,0.0,0.0,0.0,0.0,0.0,0.0,0.0,0.0,154.0.1,0,0,0,-317.0,415.0
2026-07-28T02:14:55+00:00,117.0,21.4,0.0,0.0,0.0,0.0,601,80095,0.0,0.0,0.0,0.0,0.0,0.0,0.0,0.0,0.0,154.0.1,0,0,0,79.0,-552.0
2026-07-28T02:19:55+00:00,83.0,21.4,0.0,0.0,0.0,0.0,601,80395,0.0,0.0,0.0,0.0,0.0,0.0,0.0,0.0,0.0,154.0.1,0,0,0,54.0,488.0
2026-07-28T02:24:55+00:00,98.0,21.4,0.0,0.0,0.0,0.0,601,80695,0.0,0.0,0.0,0.0,0.0,0.0,0.0,0.0,0.0,154.0.1,0,0,0,117.0,54.0
2026-07-28T02:29:55+00:00,87.0,22.4,0.0,0.0,0.0,0.0,601,80995,0.0,0.0,0.0,0.0,0.0,0.0,0.0,0.0,0.0,154.0.1,0,0,0,-4.0,9.0
2026-07-28T02:34:55+00:00,21.0,22.4,0.0,0.0,0.0,0.0,601,81295,0.0,0.0,0.0,0.0,0.0,0.0,0.0,0.0,0.0,154.0.1,0,0,0,-11.0,79.0
2026-07-28T02:39:55+00:00,-20.0,22.4,0.0,0.0,0.0,0.0,601,81595,0.0,0.0,0.0,0.0,0.0,0.0,0.0,0.0,0.0,154.0.1,0,0,0,107.0,54.0
2026-07-28T02:44:55+00:00,-79.0,22.3,0.0,0.0,0.0,0.0,601,81895,0.0,0.0,0.0,0.0,0.0,0.0,0.0,0.0,0.0,154.0.1,0,0,0,373.0,209.0
2026-07-28T02:49:55+00:00,-30.0,22.3,0.0,0.0,0.0,0.0,601,82195,0.0,0.0,0.0,0.0,0.0,0.0,0.0,0.0,0.0,154.0.1,0,0,0,-312.0,196.0
2026-07-28T02:54:55+00:00,-4.5,22.3,0.0,0.0,0.0,0.0,601,82495,0.0,0.0,0.0,0.0,0.0,0.0,0.0,0.0,0.0,154.0.1,0,0,0,86.0,188.0
2026-07-28T02:59:55+00:00,-191.0,22.1,0.0,0.0,0.0,0.0,601,82795,0.0,0.0,0.0,0.0,0.0,0.0,0.0,0.0,0.0,154.0.1,0,0,0,-47.0,-89.0
2026-07-28T03:04:55+00:00,64.0,22.1,0.0,0.0,0.0,0.0,601,83095,0.0,0.0,0.0,0.0,0.0,0.0,0.0,0.0,0.0,154.0.1,0,0,0,128.0,176.0
2026-07-28T03:09:55+00:00,66.0,22.1,0.0,0.0,0.0,0.0,601,83395,0.0,0.0,0.0,0.0,0.0,0.0,0.0,0.0,0.0,154.0.1,0,0,0,143.0,141.0
2026-07-28T03:14:55+00:00,-80.5,22.0,0.1,0.1,0.0,0.0,601,83695,0.1,0.1,0.1,0.0,0.0,0.0,0.1,0.1,0.1,154.0.1,0,0,0,-187.0,-98.0
2026-07-28T03:29:55+00:00,145.0,22.1,0.0,0.0,0.0,0.0,601,84595,0.1,0.1,0.1,0.0,0.0,0.0,0.1,0.1,0.1,154.0.1,0,0,0,,105.0
2026-07-28T03:34:55+00:00,235.0,22.1,0.0,0.0,0.0,0.0,601,84895,0.1,0.1,0.1,0.0,0.0,0.0,0.1,0.1,0.1,154.0.1,0,0,0,,87.0
2026-07-28T03:39:55+00:00,168.0,22.1,0.0,0.0,0.0,0.0,601,85195,0.1,0.1,0.1,0.0,0.0,0.0,0.1,0.1,0.1,154.0.1,0,0,0,219.0,227.0
2026-07-28T03:44:55+00:00,156.0,22.1,0.0,0.0,0.0,0.0,601,85495,0.0,0.1,0.1,0.0,0.0,0.0,0.0,0.1,0.1,154.0.1,0,0,0,286.0,-207.0
2026-07-28T03:49:55+00:00,144.0,22.1,0.0,0.0,0.0,0.0,601,85795,0.0,0.1,0.1,0.0,0.0,0.0,0.0,0.1,0.1,154.0.1,0,0,0,75.0,
2026-07-28T03:54:55+00:00,187.0,22.1,0.0,0.0,0.0,0.0,601,86095,0.0,0.1,0.1,0.0,0.0,0.0,0.0,0.1,0.1,154.0.1,0,0,0,108.0,
2026-07-28T03:59:55+00:00,200.0,21.9,0.0,0.0,0.0,0.0,601,86395,0.0,0.1,0.1,0.0,0.0,0.0,0.0,0.1,0.1,154.0.1,0,0,0,83.0,177.0
2026-07-28T04:04:55+00:00,211.5,21.9,0.0,0.0,0.0,0.0,601,86695,0.0,0.1,0.1,0.0,0.0,0.0,0.0,0.1,0.1,154.0.1,1,0,0,357.0,377.0
2026-07-28T04:09:55+00:00,213.0,21.9,0.0,0.0,0.0,0.0,601,86995,0.0,0.1,0.1,0.0,0.0,0.0,0.0,0.1,0.1,154.0.1,1,0,0,95.0,-552.0
2026-07-28T04:14:55+00:00,253.5,21.6,0.0,0.0,0.0,0.0,601,87295,0.0,0.1,0.1,0.0,0.0,0.0,0.0,0.1,0.1,154.0.1,1,0,0,459.0,338.0
2026-07-28T04:19:55+00:00,215.5,21.6,0.0,0.0,0.0,0.0,601,87595,0.0,0.1,0.1,0.0,0.0,0.0,0.0,0.1,0.1,154.0.1,1,0,0,206.0,-316.0
2026-07-28T04:24:55+00:00,123.0,21.6,0.0,0.0,0.0,0.0,601,87895,0.0,0.0,0.1,0.0,0.0,0.0,0.0,0.0,0.1,154.0.1,1,0,0,-105.0,252.0
2026-07-28T04:29:55+00:00,61.5,21.5,0.0,0.0,0.0,0.0,601,88195,0.0,0.0,0.1,0.0,0.0,0.0,0.0,0.0,0.1,154.0.1,1,0,0,233.0,127.0
2026-07-28T04:34:55+00:00,68.0,21.2,0.0,0.0,0.0,0.0,601,88495,0.0,0.0,0.1,0.0,0.0,0.0,0.0,0.0,0.1,154.0.1,1,0,0,-148.0,-41.0
2026-07-28T04:39:55+00:00,44.0,21.2,0.0,0.0,0.0,0.0,601,88795,0.0,0.0,0.1,0.0,0.0,0.0,0.0,0.0,0.1,154.0.1,1,0,0,147.0,206.0
2026-07-28T04:44:55+00:00,20.5,21.0,0.0,0.0,0.0,0.0,601,89095,0.0,0.0,0.1,0.0,0.0,0.0,0.0,0.0,0.1,154.0.1,1,0,0,68.0,260.0
2026-07-28T04:49:55+00:00,70.5,21.0,0.0,0.0,0.0,0.0,601,89395,0.0,0.0,0.1,0.0,0.0,0.0,0.0,0.0,0.1,154.0.1,1,0,0,-24.0,73.0
2026-07-28T04:54:55+00:00,133.5,21.0,0.0,0.0,0.0,0.0,601,89695,0.0,0.0,0.1,0.0,0.0,0.0,0.0,0.0,0.1,154.0.1,1,0,0,171.0,66.0
2026-07-28T04:59:55+00:00,113.5,21.0,0.0,0.0,0.0,0.0,601,89995,0.0,0.0,0.1,0.0,0.0,0.0,0.0,0.0,0.1,154.0.1,1,0,0,133.0,-584.0
2026-07-28T05:04:55+00:00,141.0,21.0,0.0,0.0,0.0,0.0,601,90295,0.0,0.0,0.1,0.0,0.0,0.0,0.0,0.0,0.1,154.0.1,1,0,0,218.0,-584.0
2026-07-28T05:09:55+00:00,127.0,21.0,0.0,0.0,0.0,0.0,601,90595,0.0,0.0,0.1,0.0,0.0,0.0,0.0,0.0,0.1,154.0.1,1,0,0,192.0,172.0
2026-07-28T05:14:55+00:00,179.0,21.1,0.5,0.5,0.0,0.0,601,90895,0.5,0.5,0.6,0.0,0.0,0.0,0.5,0.5,0.6,154.0.1,1,0,0,190.0,171.0
2026-07-28T05:19:55+00:00,162.0,21.1,0.5,0.5,0.0,0.0,601,91195,1.0,1.0,1.1,0.0,0.0,0.0,1.0,1.0,1.1,154.0.1,1,0,0,172.0,133.0
2026-07-28T05:24:55+00:00,194.0,21.1,0.5,0.5,0.0,0.0,601,91495,1.5,1.5,1.6,0.0,0.0,0.0,1.5,1.5,1.6,154.0.1,1,0,0,179.0,218.0
2026-07-28T05:29:55+00:00,187.0,20.5,0.0,0.0,0.0,0.0,601,91795,1.5,1.5,1.6,0.0,0.0,0.0,1.5,1.5,1.6,154.0.1,1,0,0,162.0,192.0
2026-07-28T08:04:55+00:00,3.0,19.8,0.0,0.0,0.0,0.0,601,101095,1.0,1.5,1.6,0.0,0.0,0.0,1.0,1.5,1.6,154.0.1,1,0,0,,
2026-07-28T08:29:55+00:00,5.0,19.4,0.0,0.0,0.0,0.0,601,102595,0.5,1.5,1.6,0.0,0.0,0.0,0.5,1.5,1.6,154.0.1,1,0,0,,
2026-07-28T08:34:55+00:00,9.0,19.4,0.0,0.0,0.0,0.0,601,102895,0.0,1.5,1.5,0.0,0.0,0.0,0.0,1.5,1.5,154.0.1,1,0,0,,3.0
2026-07-28T08:44:55+00:00,6.0,19.5,0.0,0.0,0.0,0.0,601,103495,0.0,1.5,1.5,0.0,0.0,0.0,0.0,1.5,1.5,154.0.1,1,0,0,9.0,
2026-07-28T08:49:55+00:00,-298.0,19.5,0.0,0.0,0.0,0.0,601,103795,0.0,1.5,1.5,0.0,0.0,0.0,0.0,1.5,1.5,154.0.1,1,0,0,,
2026-07-28T08:54:55+00:00,4.5,19.5,0.0,0.0,0.0,0.0,601,104095,0.0,1.5,1.5,0.0,0.0,0.0,0.0,1.5,1.5,154.0.1,1,0,0,6.0,
2026-07-28T08:59:55+00:00,-150.0,19.5,0.0,0.0,0.0,0.0,601,104395,0.0,1.5,1.5,0.0,0.0,0.0,0.0,1.5,1.5,154.0.1,1,0,0,-298.0,5.0
2026-07-28T09:04:55+00:00,-67.0,19.5,0.0,0.0,0.0,0.0,601,104695,0.0,1.5,1.5,0.0,0.0,0.0,0.0,1.5,1.5,154.0.1,1,0,0,57.0,9.0
2026-07-28T09:09:55+00:00,-73.0,19.5,0.0,0.0,0.0,0.0,601,104995,0.0,1.0,1.5,0.0,0.0,0.0,0.0,1.0,1.5,154.0.1,1,0,0,-413.0,
2026-07-28T09:14:55+00:00,-102.5,19.4,0.0,0.0,0.0,0.0,601,105295,0.0,0.5,1.5,0.0,0.0,0.0,0.0,0.5,1.5,154.0.1,1,0,0,95.0,6.0
2026-07-28T09:19:56+00:00,-134.0,19.4,0.0,0.0,0.0,0.0,601,105596,0.0,0.0,1.5,0.0,0.0,0.0,0.0,0.0,1.5,154.0.1,1,0,0,-168.0,-298.0
2026-07-28T09:24:56+00:00,-129.0,19.4,0.0,0.0,0.0,0.0,601,105896,0.0,0.0,1.5,0.0,0.0,0.0,0.0,0.0,1.5,154.0.1,1,0,0,47.0,57.0
2026-07-28T09:29:56+00:00,-7.0,19.4,0.0,0.0,0.0,0.0,601,106196,0.0,0.0,1.5,0.0,0.0,0.0,0.0,0.0,1.5,154.0.1,1,0,0,5.0,56.0
2026-07-28T09:34:56+00:00,-22.0,19.4,0.0,0.0,0.0,0.0,601,106496,0.0,0.0,1.5,0.0,0.0,0.0,0.0,0.0,1.5,154.0.1,1,0,0,-42.0,-75.0
2026-07-28T09:39:56+00:00,-13.0,19.4,0.0,0.0,0.0,0.0,601,106796,0.0,0.0,1.5,0.0,0.0,0.0,0.0,0.0,1.5,154.0.1,1,0,0,-91.0,-73.0
2026-07-28T09:44:56+00:00,-44.0,19.4,0.0,0.0,0.0,0.0,601,107096,0.0,0.0,1.5,0.0,0.0,0.0,0.0,0.0,1.5,154.0.1,1,0,0,-170.0,-91.0
2026-07-28T09:49:56+00:00,-8.0,19.4,0.0,0.0,0.0,0.0,601,107396,0.0,0.0,1.5,0.0,0.0,0.0,0.0,0.0,1.5,154.0.1,1,0,0,-13.0,-134.0
2026-07-28T09:54:56+00:00,8.0,19.4,0.0,0.0,0.0,0.0,601,107696,0.0,0.0,1.5,0.0,0.0,0.0,0.0,0.0,1.5,154.0.1,1,0,0,158.0,-129.0
2026-07-28T09:59:56+00:00,73.0,19.3,0.0,0.0,0.0,0.0,601,107996,0.0,0.0,1.5,0.0,0.0,0.0,0.0,0.0,1.5,154.0.1,1,0,0,158.0,109.0
2026-07-28T10:04:56+00:00,-28.0,19.3,0.0,0.0,0.0,0.0,601,108296,0.0,0.0,1.5,0.0,0.0,0.0,0.0,0.0,1.5,154.0.1,1,0,0,260.0,99.0
2026-07-28T10:09:56+00:00,-52.5,19.3,0.0,0.0,0.0,0.0,601,108596,0.0,0.0,1.5,0.0,0.0,0.0,0.0,0.0,1.5,154.0.1,1,0,0,249.0,172.0
2026-07-28T10:14:56+00:00,-29.0,19.2,0.0,0.0,0.0,0.0,601,108896,0.0,0.0,1.5,0.0,0.0,0.0,0.0,0.0,1.5,154.0.1,1,0,0,-5.0,-61.0
2026-07-28T10:19:56+00:00,-8.5,19.2,0.0,0.0,0.0,0.0,601,109196,0.0,0.0,1.5,0.0,0.0,0.0,0.0,0.0,1.5,154.0.1,1,0,0,-301.0,98.0
2026-07-28T10:24:56+00:00,-77.0,19.2,0.0,0.0,0.0,0.0,601,109496,0.0,0.0,1.5,0.0,0.0,0.0,0.0,0.0,1.5,154.0.1,1,0,0,186.0,253.0
2026-07-28T10:29:56+00:00,68.0,19.3,0.0,0.0,0.0,0.0,601,109796,0.0,0.0,1.0,0.0,0.0,0.0,0.0,0.0,1.0,154.0.1,1,0,0,228.0,-343.0
2026-07-28T10:34:56+00:00,91.0,19.3,0.0,0.0,0.0,0.0,601,110096,0.0,0.0,0.5,0.0,0.0,0.0,0.0,0.0,0.5,154.0.1,1,0,0,-12.0,364.0
2026-07-28T10:39:56+00:00,-4.0,19.3,0.0,0.0,0.0,0.0,601,110396,0.0,0.0,0.0,0.0,0.0,0.0,0.0,0.0,0.0,154.0.1,1,0,0,151.0,256.0
2026-07-28T10:44:56+00:00,-24.0,19.4,0.0,0.0,0.0,0.0,601,110696,0.0,0.0,0.0,0.0,0.0,0.0,0.0,0.0,0.0,154.0.1,1,0,0,286.0,215.0
2026-07-28T10:49:56+00:00,-27.0,19.4,0.0,0.0,0.0,0.0,601,110996,0.0,0.0,0.0,0.0,0.0,0.0,0.0,0.0,0.0,154.0.1,1,0,0,153.0,64.0
2026-07-28T10:54:56+00:00,43.0,19.4,0.0,0.0,0.0,0.0,601,111296,0.0,0.0,0.0,0.0,0.0,0.0,0.0,0.0,0.0,154.0.1,1,0,0,137.0,-12.0
2026-07-28T10:59:56+00:00,72.0,19.5,0.0,0.0,0.0,0.0,601,111596,0.0,0.0,0.0,0.0,0.0,0.0,0.0,0.0,0.0,154.0.1,1,0,0,32.0,151.0
2026-07-28T11:04:56+00:00,24.0,19.5,0.0,0.0,0.0,0.0,601,111896,0.0,0.0,0.0,0.0,0.0,0.0,0.0,0.0,0.0,154.0.1,1,0,0,73.0,158.0
2026-07-28T11:09:56+00:00,58.5,19.5,0.0,0.0,0.0,0.0,601,112196,0.0,0.0,0.0,0.0,0.0,0.0,0.0,0.0,0.0,154.0.1,1,0,0,65.0,153.0
2026-07-28T11:14:56+00:00,21.5,19.8,0.0,0.0,0.0,0.0,601,112496,0.0,0.0,0.0,0.0,0.0,0.0,0.0,0.0,0.0,154.0.1,1,0,0,45.0,-70.0
2026-07-28T11:19:56+00:00,-6.0,19.8,0.0,0.0,0.0,0.0,601,112796,0.0,0.0,0.0,0.0,0.0,0.0,0.0,0.0,0.0,154.0.1,1,0,0,50.0,193.0
2026-07-28T11:24:56+00:00,11.5,19.8,0.0,0.0,0.0,0.0,601,113096,0.0,0.0,0.0,0.0,0.0,0.0,0.0,0.0,0.0,154.0.1,1,0,0,55.0,177.0
2026-07-28T11:29:56+00:00,49.0,20.1,0.0,0.0,0.0,0.0,601,113396,0.0,0.0,0.0,0.0,0.0,0.0,0.0,0.0,0.0,154.0.1,1,0,0,-81.0,-16.0
2026-07-28T11:34:57+00:00,65.0,20.6,0.0,0.0,0.0,0.0,601,113697,0.0,0.0,0.0,0.0,0.0,0.0,0.0,0.0,0.0,154.0.1,1,0,0,34.0,45.0
2026-07-28T11:39:56+00:00,11.0,20.6,0.0,0.0,0.0,0.0,601,113996,0.0,0.0,0.0,0.0,0.0,0.0,0.0,0.0,0.0,154.0.1,1,0,0,55.0,-101.0
2026-07-28T11:44:56+00:00,3.0,20.8,0.0,0.0,0.0,0.0,601,114296,0.0,0.0,0.0,0.0,0.0,0.0,0.0,0.0,0.0,154.0.1,1,0,0,,-9.0
2026-07-28T11:49:56+00:00,-9.0,20.8,0.0,0.0,0.0,0.0,601,114596,0.0,0.0,0.0,0.0,0.0,0.0,0.0,0.0,0.0,154.0.1,1,0,0,116.0,-70.0
2026-07-28T11:54:57+00:00,-1.0,20.8,0.0,0.0,0.0,0.0,601,114897,0.0,0.0,0.0,0.0,0.0,0.0,0.0,0.0,0.0,154.0.1,1,0,0,42.0,34.0
2026-07-28T11:59:56+00:00,-26.5,20.8,0.0,0.0,0.0,0.0,601,115196,0.0,0.0,0.0,0.0,0.0,0.0,0.0,0.0,0.0,154.0.1,1,0,0,-157.0,-171.0
2026-07-28T12:04:56+00:00,-76.0,20.8,0.0,0.0,0.0,0.0,601,115496,0.0,0.0,0.0,0.0,0.0,0.0,0.0,0.0,0.0,154.0.1,1,0,0,,
2026-07-28T12:09:56+00:00,-36.0,20.8,0.0,0.0,0.0,0.0,601,115796,0.0,0.0,0.0,0.0,0.0,0.0,0.0,0.0,0.0,154.0.1,1,0,0,-178.0,-147.0
2026-07-28T12:14:56+00:00,51.0,20.9,0.0,0.0,0.0,0.0,601,116096,0.0,0.0,0.0,0.0,0.0,0.0,0.0,0.0,0.0,154.0.1,1,0,0,-170.0,-109.0
2026-07-28T12:19:56+00:00,-12.0,20.9,0.0,0.0,0.0,0.0,601,116396,0.0,0.0,0.0,0.0,0.0,0.0,0.0,0.0,0.0,154.0.1,1,0,0,-59.0,-157.0
2026-07-28T12:24:56+00:00,-51.0,20.9,0.0,0.0,0.0,0.0,601,116696,0.0,0.0,0.0,0.0,0.0,0.0,0.0,0.0,0.0,154.0.1,1,0,0,-50.0,
2026-07-28T12:29:56+00:00,-42.0,21.1,0.0,0.0,0.0,0.0,601,116996,0.0,0.0,0.0,0.0,0.0,0.0,0.0,0.0,0.0,154.0.1,1,0,0,-12.0,-9.0
2026-07-28T12:34:56+00:00,-33.0,21.0,0.0,0.0,0.0,0.0,601,117296,0.0,0.0,0.0,0.0,0.0,0.0,0.0,0.0,0.0,154.0.1,1,0,0,-143.0,-170.0
2026-07-28T12:39:56+00:00,24.0,21.0,0.0,0.0,0.0,0.0,601,117596,0.0,0.0,0.0,0.0,0.0,0.0,0.0,0.0,0.0,154.0.1,1,0,0,302.0,237.0
2026-07-28T12:44:56+00:00,35.0,21.2,0.0,0.0,0.0,0.0,601,117896,0.0,0.0,0.0,0.0,0.0,0.0,0.0,0.0,0.0,154.0.1,1,0,0,78.0,216.0
2026-07-28T12:49:56+00:00,39.0,21.2,0.0,0.0,0.0,0.0,601,118196,0.0,0.0,0.0,0.0,0.0,0.0,0.0,0.0,0.0,154.0.1,1,0,0,-463.0,255.0
2026-07-28T12:54:56+00:00,57.0,21.2,0.0,0.0,0.0,0.0,601,118496,0.0,0.0,0.0,0.0,0.0,0.0,0.0,0.0,0.0,154.0.1,1,0,0,-463.0,360.0
2026-07-28T12:59:56+00:00,46.0,21.2,0.0,0.0,0.0,0.0,601,118796,0.0,0.0,0.0,0.0,0.0,0.0,0.0,0.0,0.0,154.0.1,1,0,0,135.0,302.0
2026-07-28T13:04:56+00:00,45.0,21.2,0.0,0.0,0.0,0.0,601,119096,0.0,0.0,0.0,0.0,0.0,0.0,0.0,0.0,0.0,154.0.1,1,0,0,112.0,-188.0
2026-07-28T13:09:56+00:00,87.0,21.2,0.0,0.0,0.0,0.0,601,119396,0.0,0.0,0.0,0.0,0.0,0.0,0.0,0.0,0.0,154.0.1,1,0,0,-69.0,-1.0
2026-07-28T13:14:56+00:00,66.0,21.4,0.0,0.0,0.0,0.0,601,119696,0.0,0.0,0.0,0.0,0.0,0.0,0.0,0.0,0.0,154.0.1,1,0,0,92.0,-463.0
2026-07-28T13:19:56+00:00,74.0,21.4,0.0,0.0,0.0,0.0,601,119996,0.0,0.0,0.0,0.0,0.0,0.0,0.0,0.0,0.0,154.0.1,1,0,0,57.0,135.0
2026-07-28T13:24:56+00:00,43.0,21.4,0.0,0.0,0.0,0.0,601,120296,0.0,0.0,0.0,0.0,0.0,0.0,0.0,0.0,0.0,154.0.1,1,0,0,272.0,96.0
2026-07-28T13:29:56+00:00,30.0,21.1,0.0,0.0,0.0,0.0,601,120596,0.0,0.0,0.0,0.0,0.0,0.0,0.0,0.0,0.0,154.0.1,1,0,0,93.0,5.0
2026-07-28T13:34:56+00:00,6.0,21.1,0.0,0.0,0.0,0.0,601,120896,0.0,0.0,0.0,0.0,0.0,0.0,0.0,0.0,0.0,154.0.1,1,0,0,184.0,45.0
2026-07-28T13:39:56+00:00,39.0,21.1,0.0,0.0,0.0,0.0,601,121196,0.0,0.0,0.0,0.0,0.0,0.0,0.0,0.0,0.0,154.0.1,1,0,0,-105.0,117.0
2026-07-28T13:44:56+00:00,-6.0,21.1,0.0,0.0,0.0,0.0,601,121496,0.0,0.0,0.0,0.0,0.0,0.0,0.0,0.0,0.0,154.0.1,1,0,0,200.0,216.0
2026-07-28T13:49:56+00:00,-42.5,21.1,0.0,0.0,0.0,0.0,601,121796,0.0,0.0,0.0,0.0,0.0,0.0,0.0,0.0,0.0,154.0.1,1,0,0,241.0,93.0
2026-07-28T13:54:56+00:00,59.5,21.1,0.0,0.0,0.0,0.0,601,122096,0.0,0.0,0.0,0.0,0.0,0.0,0.0,0.0,0.0,154.0.1,1,0,0,-80.0,-51.0
2026-07-28T13:59:56+00:00,102.5,21.2,0.0,0.0,0.0,0.0,601,122396,0.0,0.0,0.0,0.0,0.0,0.0,0.0,0.0,0.0,154.0.1,1,0,0,241.0,53.0
2026-07-28T14:04:56+00:00,80.0,21.2,0.0,0.0,0.0,0.0,601,122696,0.0,0.0,0.0,0.0,0.0,0.0,0.0,0.0,0.0,154.0.1,1,0,0,278.0,35.0
2026-07-28T14:09:56+00:00,170.5,21.2,0.0,0.0,0.0,0.0,601,122996,0.0,0.0,0.0,0.0,0.0,0.0,0.0,0.0,0.0,154.0.1,1,0,0,71.0,14.0
2026-07-28T14:14:56+00:00,229.5,21.3,0.0,0.0,0.0,0.0,601,123296,0.0,0.0,0.0,0.0,0.0,0.0,0.0,0.0,0.0,154.0.1,1,0,0,144.0,343.0
2026-07-28T14:19:56+00:00,170.0,21.3,0.0,0.0,0.0,0.0,601,123596,0.0,0.0,0.0,0.0,0.0,0.0,0.0,0.0,0.0,154.0.1,1,0,0,108.0,248.0
2026-07-28T14:24:56+00:00,120.0,21.3,0.0,0.0,0.0,0.0,601,123896,0.0,0.0,0.0,0.0,0.0,0.0,0.0,0.0,0.0,154.0.1,1,0,0,91.0,309.0
2026-07-28T14:29:56+00:00,113.0,21.9,0.0,0.0,0.0,0.0,601,124196,0.0,0.0,0.0,0.0,0.0,0.0,0.0,0.0,0.0,154.0.1,1,0,0,170.0,-26.0
2026-07-28T14:34:56+00:00,158.0,21.9,0.0,0.0,0.0,0.0,601,124496,0.0,0.0,0.0,0.0,0.0,0.0,0.0,0.0,0.0,154.0.1,1,0,0,118.0,80.0
2026-07-28T14:39:56+00:00,101.0,21.9,0.0,0.0,0.0,0.0,601,124796,0.0,0.0,0.0,0.0,0.0,0.0,0.0,0.0,0.0,154.0.1,1,0,0,25.0,-214.0
2026-07-28T14:44:56+00:00,90.5,22.4,0.0,0.0,0.0,0.0,601,125096,0.0,0.0,0.0,0.0,0.0,0.0,0.0,0.0,0.0,154.0.1,1,0,0,74.0,91.0
2026-07-28T14:49:56+00:00,3.0,22.4,0.0,0.0,0.0,0.0,601,125396,0.0,0.0,0.0,0.0,0.0,0.0,0.0,0.0,0.0,154.0.1,1,0,0,42.0,110.0
2026-07-28T14:54:56+00:00,58.5,22.4,0.0,0.0,0.0,0.0,601,125696,0.0,0.0,0.0,0.0,0.0,0.0,0.0,0.0,0.0,154.0.1,1,0,0,77.0,118.0
2026-07-28T14:59:56+00:00,-7.5,22.7,0.0,0.0,0.0,0.0,601,125996,0.0,0.0,0.0,0.0,0.0,0.0,0.0,0.0,0.0,154.0.1,1,0,0,-20.0,-292.0
2026-07-28T15:04:56+00:00,35.0,22.7,0.0,0.0,0.0,0.0,601,126296,0.0,0.0,0.0,0.0,0.0,0.0,0.0,0.0,0.0,154.0.1,1,0,0,-69.0,74.0
2026-07-28T15:09:56+00:00,29.0,22.7,0.0,0.0,0.0,0.0,601,126596,0.0,0.0,0.0,0.0,0.0,0.0,0.0,0.0,0.0,154.0.1,1,0,0,-156.0,-120.0
2026-07-28T15:14:55+00:00,-21.5,22.8,0.0,0.0,0.0,0.0,601,126895,0.0,0.0,0.0,0.0,0.0,0.0,0.0,0.0,0.0,154.0.1,1,0,0,,
2026-07-28T15:19:55+00:00,-15.0,22.8,0.0,0.0,0.0,0.0,601,127195,0.0,0.0,0.0,0.0,0.0,0.0,0.0,0.0,0.0,154.0.1,1,0,0,,
2026-07-28T15:24:56+00:00,-20.0,22.8,0.0,0.0,0.0,0.0,601,127496,0.0,0.0,0.0,0.0,0.0,0.0,0.0,0.0,0.0,154.0.1,1,0,0,-81.0,-69.0
2026-07-28T15:29:55+00:00,-48.5,23.6,0.0,0.0,0.0,0.0,601,127795,0.0,0.0,0.0,0.0,0.0,0.0,0.0,0.0,0.0,154.0.1,1,0,0,-88.0,
2026-07-28T15:34:55+00:00,20.0,23.6,0.0,0.0,0.0,0.0,601,128095,0.0,0.0,0.0,0.0,0.0,0.0,0.0,0.0,0.0,154.0.1,1,0,0,,
2026-07-28T15:39:55+00:00,-5.0,23.6,0.0,0.0,0.0,0.0,601,128395,0.0,0.0,0.0,0.0,0.0,0.0,0.0,0.0,0.0,154.0.1,1,0,0,278.0,
2026-07-28T15:44:56+00:00,34.5,23.6,0.0,0.0,0.0,0.0,601,128696,0.0,0.0,0.0,0.0,0.0,0.0,0.0,0.0,0.0,154.0.1,1,0,0,-150.0,-81.0
2026-07-28T15:49:56+00:00,-5.0,23.6,0.0,0.0,0.0,0.0,601,128996,0.0,0.0,0.0,0.0,0.0,0.0,0.0,0.0,0.0,154.0.1,1,0,0,-169.0,-88.0
2026-07-28T15:54:56+00:00,42.0,23.6,0.0,0.0,0.0,0.0,601,129296,0.0,0.0,0.0,0.0,0.0,0.0,0.0,0.0,0.0,154.0.1,1,0,0,126.0,262.0
2026-07-28T15:59:56+00:00,-22.0,23.5,0.0,0.0,0.0,0.0,601,129596,0.0,0.0,0.0,0.0,0.0,0.0,0.0,0.0,0.0,154.0.1,1,0,0,-50.0,278.0
2026-07-28T16:04:55+00:00,29.0,23.5,0.0,0.0,0.0,0.0,601,129895,0.0,0.0,0.0,0.0,0.0,0.0,0.0,0.0,0.0,154.0.1,1,0,0,,137.0
2026-07-28T16:09:56+00:00,56.0,23.5,0.0,0.0,0.0,0.0,601,130196,0.0,0.0,0.0,0.0,0.0,0.0,0.0,0.0,0.0,154.0.1,1,0,0,-22.0,162.0
2026-07-28T16:14:55+00:00,39.0,22.3,0.0,0.0,0.0,0.0,601,130495,0.0,0.0,0.0,0.0,0.0,0.0,0.0,0.0,0.0,154.0.1,1,0,0,-34.0,
2026-07-28T16:19:55+00:00,59.0,22.3,0.0,0.0,0.0,0.0,601,130795,0.0,0.0,0.0,0.0,0.0,0.0,0.0,0.0,0.0,154.0.1,1,0,0,,
2026-07-28T16:24:55+00:00,72.5,22.3,0.0,0.0,0.0,0.0,601,131095,0.0,0.0,0.0,0.0,0.0,0.0,0.0,0.0,0.0,154.0.1,1,0,0,-23.0,
2026-07-28T16:29:55+00:00,106.0,24.0,0.0,0.0,0.0,0.0,601,131395,0.0,0.0,0.0,0.0,0.0,0.0,0.0,0.0,0.0,154.0.1,1,0,0,94.0,
2026-07-28T16:34:55+00:00,59.5,24.7,0.0,0.0,0.0,0.0,601,131695,0.0,0.0,0.0,0.0,0.0,0.0,0.0,0.0,0.0,154.0.1,1,0,0,90.0,-34.0
2026-07-28T16:39:55+00:00,112.0,24.7,0.0,0.0,0.0,0.0,601,131995,0.0,0.0,0.0,0.0,0.0,0.0,0.0,0.0,0.0,154.0.1,1,0,0,11.0,
2026-07-28T16:44:55+00:00,160.0,24.9,0.0,0.0,0.0,0.0,601,132295,0.0,0.0,0.0,0.0,0.0,0.0,0.0,0.0,0.0,154.0.1,1,0,0,324.0,418.0
2026-07-28T16:49:55+00:00,146.5,24.9,0.0,0.0,0.0,0.0,601,132595,0.0,0.0,0.0,0.0,0.0,0.0,0.0,0.0,0.0,154.0.1,1,0,0,254.0,36.0
2026-07-28T16:54:56+00:00,127.0,24.9,0.0,0.0,0.0,0.0,601,132896,0.0,0.0,0.0,0.0,0.0,0.0,0.0,0.0,0.0,154.0.1,1,0,0,376.0,193.0
2026-07-28T16:59:56+00:00,196.0,25.2,0.0,0.0,0.0,0.0,601,133196,0.0,0.0,0.0,0.0,0.0,0.0,0.0,0.0,0.0,154.0.1,1,0,0,88.0,106.0
2026-07-28T17:04:56+00:00,286.5,25.2,0.0,0.0,0.0,0.0,601,133496,0.0,0.0,0.0,0.0,0.0,0.0,0.0,0.0,0.0,154.0.1,1,0,0,419.0,387.0
2026-07-28T17:09:56+00:00,275.0,25.2,0.0,0.0,0.0,0.0,601,133796,0.0,0.0,0.0,0.0,0.0,0.0,0.0,0.0,0.0,154.0.1,1,0,0,288.0,61.0
2026-07-28T17:14:56+00:00,265.5,25.4,0.0,0.0,0.0,0.0,601,134096,0.0,0.0,0.0,0.0,0.0,0.0,0.0,0.0,0.0,154.0.1,1,0,0,-13.0,-129.0
2026-07-28T17:19:56+00:00,182.0,25.4,0.0,0.0,0.0,0.0,601,134396,0.0,0.0,0.0,0.0,0.0,0.0,0.0,0.0,0.0,154.0.1,1,0,0,353.0,407.0
2026-07-28T17:24:56+00:00,174.0,25.4,0.0,0.0,0.0,0.0,601,134696,0.0,0.0,0.0,0.0,0.0,0.0,0.0,0.0,0.0,154.0.1,1,0,0,100.0,48.0
2026-07-28T17:29:56+00:00,191.5,24.4,0.0,0.0,0.0,0.0,601,134996,0.0,0.0,0.0,0.0,0.0,0.0,0.0,0.0,0.0,154.0.1,1,0,0,182.0,61.0
2026-07-28T17:34:56+00:00,253.0,24.4,0.0,0.0,0.0,0.0,601,135296,0.0,0.0,0.0,0.0,0.0,0.0,0.0,0.0,0.0,154.0.1,1,0,0,42.0,-13.0
2026-07-28T17:39:56+00:00,245.5,24.4,0.0,0.0,0.0,0.0,601,135596,0.0,0.0,0.0,0.0,0.0,0.0,0.0,0.0,0.0,154.0.1,1,0,0,302.0,45.0
2026-07-28T17:44:56+00:00,172.0,24.7,0.0,0.0,0.0,0.0,601,135896,0.0,0.0,0.0,0.0,0.0,0.0,0.0,0.0,0.0,154.0.1,1,0,0,304.0,221.0
2026-07-28T17:49:56+00:00,224.5,24.7,0.0,0.0,0.0,0.0,601,136196,0.0,0.0,0.0,0.0,0.0,0.0,0.0,0.0,0.0,154.0.1,1,0,0,218.0,335.0
2026-07-28T17:54:56+00:00,113.0,24.7,0.0,0.0,0.0,0.0,601,136496,0.0,0.0,0.0,0.0,0.0,0.0,0.0,0.0,0.0,154.0.1,1,0,0,167.0,42.0
2026-07-28T17:59:56+00:00,27.0,24.9,0.0,0.0,0.0,0.0,601,136796,0.0,0.0,0.0,0.0,0.0,0.0,0.0,0.0,0.0,154.0.1,1,0,0,202.0,126.0
2026-07-28T18:04:56+00:00,-7.0,24.9,0.0,0.0,0.0,0.0,601,137096,0.0,0.0,0.0,0.0,0.0,0.0,0.0,0.0,0.0,154.0.1,1,0,0,237.0,304.0
2026-07-28T18:09:56+00:00,-30.0,24.9,0.0,0.0,0.0,0.0,601,137396,0.0,0.0,0.0,0.0,0.0,0.0,0.0,0.0,0.0,154.0.1,1,0,0,311.0,304.0
2026-07-28T18:14:56+00:00,-55.0,24.9,0.0,0.0,0.0,0.0,601,137696,0.0,0.0,0.0,0.0,0.0,0.0,0.0,0.0,0.0,154.0.1,1,0,0,186.0,167.0
2026-07-28T18:19:56+00:00,-53.5,24.9,0.0,0.0,0.0,0.0,601,137996,0.0,0.0,0.0,0.0,0.0,0.0,0.0,0.0,0.0,154.0.1,1,0,0,220.0,254.0
2026-07-28T18:24:56+00:00,-36.0,24.9,0.0,0.0,0.0,0.0,601,138296,0.0,0.0,0.0,0.0,0.0,0.0,0.0,0.0,0.0,154.0.1,1,0,0,-166.0,-58.0
2026-07-28T18:29:56+00:00,35.0,25.0,0.0,0.0,0.0,0.0,601,138596,0.0,0.0,0.0,0.0,0.0,0.0,0.0,0.0,0.0,154.0.1,1,0,0,148.0,143.0
2026-07-28T18:34:56+00:00,-47.0,25.1,0.0,0.0,0.0,0.0,601,138896,0.0,0.0,0.0,0.0,0.0,0.0,0.0,0.0,0.0,154.0.1,1,0,0,-48.0,186.0
2026-07-28T18:39:57+00:00,-31.0,25.1,0.0,0.0,0.0,0.0,601,139197,0.0,0.0,0.0,0.0,0.0,0.0,0.0,0.0,0.0,154.0.1,1,0,0,-120.0,220.0
2026-07-28T18:44:56+00:00,-7.0,24.8,0.0,0.0,0.0,0.0,601,139496,0.0,0.0,0.0,0.0,0.0,0.0,0.0,0.0,0.0,154.0.1,1,0,0,-155.0,246.0
2026-07-28T18:49:56+00:00,-48.0,24.8,0.0,0.0,0.0,0.0,601,139796,0.0,0.0,0.0,0.0,0.0,0.0,0.0,0.0,0.0,154.0.1,1,0,0,,-80.0
2026-07-28T18:54:56+00:00,33.0,24.8,0.0,0.0,0.0,0.0,601,140096,0.0,0.0,0.0,0.0,0.0,0.0,0.0,0.0,0.0,154.0.1,1,0,0,-53.0,-115.0
2026-07-28T18:59:56+00:00,94.0,25.1,0.0,0.0,0.0,0.0,601,140396,0.0,0.0,0.0,0.0,0.0,0.0,0.0,0.0,0.0,154.0.1,1,0,0,-48.0,-171.0
2026-07-28T19:04:56+00:00,-4.0,25.1,0.0,0.0,0.0,0.0,601,140696,0.0,0.0,0.0,0.0,0.0,0.0,0.0,0.0,0.0,154.0.1,1,0,0,-201.0,-155.0
2026-07-28T19:09:56+00:00,29.0,25.1,0.0,0.0,0.0,0.0,601,140996,0.0,0.0,0.0,0.0,0.0,0.0,0.0,0.0,0.0,154.0.1,1,0,0,178.0,
2026-07-28T19:14:56+00:00,55.5,24.9,0.0,0.0,0.0,0.0,601,141296,0.0,0.0,0.0,0.0,0.0,0.0,0.0,0.0,0.0,154.0.1,1,0,0,-11.0,-217.0
2026-07-28T19:19:57+00:00,65.0,24.9,0.0,0.0,0.0,0.0,601,141597,0.0,0.0,0.0,0.0,0.0,0.0,0.0,0.0,0.0,154.0.1,1,0,0,-114.0,-258.0
2026-07-28T19:24:56+00:00,94.0,24.9,0.0,0.0,0.0,0.0,601,141896,0.0,0.0,0.0,0.0,0.0,0.0,0.0,0.0,0.0,154.0.1,1,0,0,-32.0,-201.0
2026-07-28T19:29:56+00:00,83.5,24.6,0.0,0.0,0.0,0.0,601,142196,0.0,0.0,0.0,0.0,0.0,0.0,0.0,0.0,0.0,154.0.1,1,0,0,,25.0
2026-07-28T19:34:56+00:00,94.0,24.6,0.0,0.0,0.0,0.0,601,142496,0.0,0.0,0.0,0.0,0.0,0.0,0.0,0.0,0.0,154.0.1,1,0,0,129.0,-126.0
2026-07-28T19:39:56+00:00,108.5,24.6,0.0,0.0,0.0,0.0,601,142796,0.0,0.0,0.0,0.0,0.0,0.0,0.0,0.0,0.0,154.0.1,1,0,0,106.0,141.0
2026-07-28T19:44:56+00:00,77.5,24.9,0.0,0.0,0.0,0.0,601,143096,0.0,0.0,0.0,0.0,0.0,0.0,0.0,0.0,0.0,154.0.1,1,0,0,120.0,262.0
2026-07-28T19:49:56+00:00,93.0,24.9,0.0,0.0,0.0,0.0,601,143396,0.0,0.0,0.0,0.0,0.0,0.0,0.0,0.0,0.0,154.0.1,1,0,0,-3.0,
2026-07-28T19:54:56+00:00,42.0,24.9,0.0,0.0,0.0,0.0,601,143696,0.0,0.0,0.0,0.0,0.0,0.0,0.0,0.0,0.0,154.0.1,1,0,0,-476.0,129.0
2026-07-28T19:59:57+00:00,82.0,24.7,0.0,0.0,0.0,0.0,601,143997,0.0,0.0,0.0,0.0,0.0,0.0,0.0,0.0,0.0,154.0.1,1,0,0,-56.0,250.0
2026-07-28T20:04:57+00:00,122.0,24.7,0.0,0.0,0.0,0.0,601,144297,0.0,0.0,0.0,0.0,0.0,0.0,0.0,0.0,0.0,154.0.1,1,0,0,184.0,120.0
2026-07-28T20:09:56+00:00,74.0,24.7,0.0,0.0,0.0,0.0,601,144596,0.0,0.0,0.0,0.0,0.0,0.0,0.0,0.0,0.0,154.0.1,1,0,0,,76.0
2026-07-28T20:14:56+00:00,103.0,24.7,0.0,0.0,0.0,0.0,601,144896,0.0,0.0,0.0,0.0,0.0,0.0,0.0,0.0,0.0,154.0.1,1,0,0,,204.0
2026-07-28T20:19:56+00:00,126.0,24.7,0.0,0.0,0.0,0.0,601,145196,0.0,0.0,0.0,0.0,0.0,0.0,0.0,0.0,0.0,154.0.1,1,0,0,62.0,31.0
2026-07-28T20:24:56+00:00,84.0,24.7,0.0,0.0,0.0,0.0,601,145496,0.0,0.0,0.0,0.0,0.0,0.0,0.0,0.0,0.0,154.0.1,1,0,0,103.0,16.0
2026-07-28T20:29:56+00:00,66.0,24.6,0.0,0.0,0.0,0.0,601,145796,0.0,0.0,0.0,0.0,0.0,0.0,0.0,0.0,0.0,154.0.1,1,0,0,126.0,
2026-07-28T20:34:56+00:00,148.0,24.6,0.0,0.0,0.0,0.0,601,146096,0.0,0.0,0.0,0.0,0.0,0.0,0.0,0.0,0.0,154.0.1,1,0,0,85.0,
2026-07-28T20:39:56+00:00,178.0,24.6,0.0,0.0,0.0,0.0,601,146396,0.0,0.0,0.0,0.0,0.0,0.0,0.0,0.0,0.0,154.0.1,1,0,0,-12.0,62.0
2026-07-28T20:44:57+00:00,170.5,24.3,0.0,0.0,0.0,0.0,601,146697,0.0,0.0,0.0,0.0,0.0,0.0,0.0,0.0,0.0,154.0.1,1,0,0,191.0,59.0
2026-07-28T20:49:56+00:00,99.5,24.3,0.0,0.0,0.0,0.0,601,146996,0.0,0.0,0.0,0.0,0.0,0.0,0.0,0.0,0.0,154.0.1,1,0,0,178.0,94.0
2026-07-28T20:54:56+00:00,61.0,24.3,0.0,0.0,0.0,0.0,601,147296,0.0,0.0,0.0,0.0,0.0,0.0,0.0,0.0,0.0,154.0.1,1,0,0,,106.0
2026-07-28T20:59:56+00:00,18.0,24.1,0.0,0.0,0.0,0.0,601,147596,0.0,0.0,0.0,0.0,0.0,0.0,0.0,0.0,0.0,154.0.1,1,0,0,262.0,62.0
2026-07-28T21:04:56+00:00,-11.0,24.1,0.0,0.0,0.0,0.0,601,147896,0.0,0.0,0.0,0.0,0.0,0.0,0.0,0.0,0.0,154.0.1,1,0,0,249.0,22.0
2026-07-28T21:09:56+00:00,-7.0,24.1,0.0,0.0,0.0,0.0,601,148196,0.0,0.0,0.0,0.0,0.0,0.0,0.0,0.0,0.0,154.0.1,1,0,0,-410.0,178.0
2026-07-28T21:14:57+00:00,62.0,23.8,0.0,0.0,0.0,0.0,601,148497,0.0,0.0,0.0,0.0,0.0,0.0,0.0,0.0,0.0,154.0.1,1,0,0,66.0,102.0
2026-07-28T21:19:56+00:00,-12.0,23.8,0.0,0.0,0.0,0.0,601,148796,0.0,0.0,0.0,0.0,0.0,0.0,0.0,0.0,0.0,154.0.1,1,0,0,91.0,65.0
2026-07-28T21:24:57+00:00,-5.0,23.8,0.0,0.0,0.0,0.0,601,149097,0.0,0.0,0.0,0.0,0.0,0.0,0.0,0.0,0.0,154.0.1,1,0,0,62.0,-14.0
2026-07-28T21:29:56+00:00,20.0,23.4,0.0,0.0,0.0,0.0,601,149396,0.0,0.0,0.0,0.0,0.0,0.0,0.0,0.0,0.0,154.0.1,1,0,0,-159.0,-8.0
2026-07-28T21:34:56+00:00,-10.0,23.4,0.0,0.0,0.0,0.0,601,149696,0.0,0.0,0.0,0.0,0.0,0.0,0.0,0.0,0.0,154.0.1,1,0,0,,66.0
2026-07-28T21:39:57+00:00,5.0,23.4,0.0,0.0,0.0,0.0,601,149997,0.0,0.0,0.0,0.0,0.0,0.0,0.0,0.0,0.0,154.0.1,1,0,0,-19.0,91.0
2026-07-28T21:44:56+00:00,2.5,23.2,0.0,0.0,0.0,0.0,601,150296,0.0,0.0,0.0,0.0,0.0,0.0,0.0,0.0,0.0,154.0.1,1,0,0,-103.0,
2026-07-28T21:49:56+00:00,17.5,23.2,0.0,0.0,0.0,0.0,601,150596,0.0,0.0,0.0,0.0,0.0,0.0,0.0,0.0,0.0,154.0.1,1,0,0,,-50.0
2026-07-28T21:54:56+00:00,94.0,23.2,0.0,0.0,0.0,0.0,601,150896,0.0,0.0,0.0,0.0,0.0,0.0,0.0,0.0,0.0,154.0.1,1,0,0,-27.0,
2026-07-28T21:59:57+00:00,84.0,23.1,0.0,0.0,0.0,0.0,601,151197,0.0,0.0,0.0,0.0,0.0,0.0,0.0,0.0,0.0,154.0.1,1,0,0,-43.0,-62.0
2026-07-28T22:04:56+00:00,38.0,23.1,0.0,0.0,0.0,0.0,601,151496,0.0,0.0,0.0,0.0,0.0,0.0,0.0,0.0,0.0,154.0.1,1,0,0,-55.0,101.0
2026-07-28T22:09:56+00:00,100.0,23.1,0.0,0.0,0.0,0.0,601,151796,0.0,0.0,0.0,0.0,0.0,0.0,0.0,0.0,0.0,154.0.1,1,0,0,,
2026-07-28T22:14:56+00:00,115.0,22.9,0.0,0.0,0.0,0.0,601,152096,0.0,0.0,0.0,0.0,0.0,0.0,0.0,0.0,0.0,154.0.1,1,0,0,304.0,489.0
2026-07-28T22:19:57+00:00,163.0,22.9,0.0,0.0,0.0,0.0,601,152397,0.0,0.0,0.0,0.0,0.0,0.0,0.0,0.0,0.0,154.0.1,1,0,0,-17.0,16.0
2026-07-28T22:24:56+00:00,148.0,22.9,0.0,0.0,0.0,0.0,601,152696,0.0,0.0,0.0,0.0,0.0,0.0,0.0,0.0,0.0,154.0.1,1,0,0,222.0,-555.0
2026-07-28T22:29:56+00:00,77.5,22.6,0.0,0.0,0.0,0.0,601,152996,0.0,0.0,0.0,0.0,0.0,0.0,0.0,0.0,0.0,154.0.1,1,0,0,,
2026-07-28T22:34:56+00:00,149.5,22.5,0.0,0.0,0.0,0.0,601,153296,0.0,0.0,0.0,0.0,0.0,0.0,0.0,0.0,0.0,154.0.1,1,0,0,135.0,304.0
2026-07-28T22:39:56+00:00,137.0,22.5,0.0,0.0,0.0,0.0,601,153596,0.0,0.0,0.0,0.0,0.0,0.0,0.0,0.0,0.0,154.0.1,1,0,0,-7.0,232.0
2026-07-28T22:44:56+00:00,115.0,22.3,0.0,0.0,0.0,0.0,601,153896,0.0,0.0,0.0,0.0,0.0,0.0,0.0,0.0,0.0,154.0.1,1,0,0,-110.0,115.0
2026-07-28T22:49:56+00:00,158.0,22.3,0.0,0.0,0.0,0.0,601,154196,0.0,0.0,0.0,0.0,0.0,0.0,0.0,0.0,0.0,154.0.1,1,0,0,-124.0,
2026-07-28T22:54:56+00:00,1.0,22.3,0.0,0.0,0.0,0.0,601,154496,0.0,0.0,0.0,0.0,0.0,0.0,0.0,0.0,0.0,154.0.1,1,0,0,102.0,282.0
2026-07-28T22:59:56+00:00,-33.0,22.1,0.0,0.0,0.0,0.0,601,154796,0.0,0.0,0.0,0.0,0.0,0.0,0.0,0.0,0.0,154.0.1,1,0,0,2.0,90.0
2026-07-28T23:04:56+00:00,-88.0,22.1,0.0,0.0,0.0,0.0,601,155096,0.0,0.0,0.0,0.0,0.0,0.0,0.0,0.0,0.0,154.0.1,1,0,0,189.0,159.0
2026-07-28T23:09:56+00:00,-109.0,22.1,0.0,0.0,0.0,0.0,601,155396,0.0,0.0,0.0,0.0,0.0,0.0,0.0,0.0,0.0,154.0.1,1,0,0,-107.0,-124.0
2026-07-28T23:14:56+00:00,-138.0,21.9,0.0,0.0,0.0,0.0,601,155696,0.0,0.0,0.0,0.0,0.0,0.0,0.0,0.0,0.0,154.0.1,1,0,0,-108.0,-139.0
2026-07-28T23:19:56+00:00,-74.5,21.9,0.0,0.0,0.0,0.0,601,155996,0.0,0.0,0.0,0.0,0.0,0.0,0.0,0.0,0.0,154.0.1,1,0,0,369.0,158.0
2026-07-28T23:24:56+00:00,-24.0,21.9,0.0,0.0,0.0,0.0,601,156296,0.0,0.0,0.0,0.0,0.0,0.0,0.0,0.0,0.0,154.0.1,1,0,0,-230.0,-72.0
2026-07-28T23:29:56+00:00,22.0,22.2,0.0,0.0,0.0,0.0,601,156596,0.0,0.0,0.0,0.0,0.0,0.0,0.0,0.0,0.0,154.0.1,1,0,0,-491.0,-358.0
2026-07-28T23:34:56+00:00,-25.5,22.2,0.0,0.0,0.0,0.0,601,156896,0.0,0.0,0.0,0.0,0.0,0.0,0.0,0.0,0.0,154.0.1,1,0,0,280.0,-106.0
2026-07-28T23:39:56+00:00,-80.5,22.2,0.0,0.0,0.0,0.0,601,157196,0.0,0.0,0.0,0.0,0.0,0.0,0.0,0.0,0.0,154.0.1,1,0,0,76.0,-256.0
2026-07-28T23:44:56+00:00,36.0,22.0,0.0,0.0,0.0,0.0,601,157496,0.0,0.0,0.0,0.0,0.0,0.0,0.0,0.0,0.0,154.0.1,1,0,0,206.0,-161.0
2026-07-28T23:49:56+00:00,22.0,22.0,0.0,0.0,0.0,0.0,601,157796,0.0,0.0,0.0,0.0,0.0,0.0,0.0,0.0,0.0,154.0.1,1,0,0,193.0,-491.0
2026-07-28T23:54:56+00:00,58.0,22.0,0.0,0.0,0.0,0.0,601,158096,0.0,0.0,0.0,0.0,0.0,0.0,0.0,0.0,0.0,154.0.1,1,0,0,60.0,302.0
2026-07-28T23:59:56+00:00,257.0,21.7,0.0,0.0,0.0,0.0,601,158396,0.0,0.0,0.0,0.0,0.0,0.0,0.0,0.0,0.0,154.0.1,1,0,0,181.0,76.0
2026-07-29T00:04:56+00:00,192.0,21.7,0.0,0.0,0.0,0.0,601,158696,0.0,0.0,0.0,0.0,0.0,0.0,0.0,0.0,0.0,154.0.1,1,0,0,359.0,206.0
2026-07-29T00:09:56+00:00,181.0,21.7,0.0,0.0,0.0,0.0,601,158996,0.0,0.0,0.0,0.0,0.0,0.0,0.0,0.0,0.0,154.0.1,1,0,0,300.0,313.0
2026-07-29T00:14:56+00:00,98.5,21.5,0.0,0.0,0.0,0.0,601,159296,0.0,0.0,0.0,0.0,0.0,0.0,0.0,0.0,0.0,154.0.1,1,0,0,192.0,60.0
2026-07-29T00:19:55+00:00,118.0,21.5,0.0,0.0,0.0,0.0,601,159595,0.0,0.0,0.0,0.0,0.0,0.0,0.0,0.0,0.0,154.0.1,1,0,0,,
2026-07-29T00:24:56+00:00,117.0,21.5,0.0,0.0,0.0,0.0,601,159896,0.0,0.0,0.0,0.0,0.0,0.0,0.0,0.0,0.0,154.0.1,1,0,0,525.0,58.0
2026-07-29T00:29:55+00:00,216.0,21.9,0.0,0.0,0.0,0.0,601,160195,0.0,0.0,0.0,0.0,0.0,0.0,0.0,0.0,0.0,154.0.1,1,0,0,118.0,
2026-07-29T00:34:55+00:00,265.0,21.9,0.0,0.0,0.0,0.0,601,160495,0.0,0.0,0.0,0.0,0.0,0.0,0.0,0.0,0.0,154.0.1,1,0,0,,
2026-07-29T00:39:56+00:00,236.0,21.9,0.0,0.0,0.0,0.0,601,160796,0.0,0.0,0.0,0.0,0.0,0.0,0.0,0.0,0.0,154.0.1,1,0,0,61.0,-446.0
2026-07-29T00:44:55+00:00,74.0,20.9,0.0,0.0,0.0,0.0,601,161095,0.0,0.0,0.0,0.0,0.0,0.0,0.0,0.0,0.0,154.0.1,1,0,0,419.0,
2026-07-29T00:49:55+00:00,130.0,20.9,0.0,0.0,0.0,0.0,601,161395,0.0,0.0,0.0,0.0,0.0,0.0,0.0,0.0,0.0,154.0.1,1,0,0,,-169.0
2026-07-29T00:54:55+00:00,113.0,20.9,0.0,0.0,0.0,0.0,601,161695,0.0,0.0,0.0,0.0,0.0,0.0,0.0,0.0,0.0,154.0.1,1,0,0,-385.0,
2026-07-29T00:59:55+00:00,92.0,21.1,0.0,0.0,0.0,0.0,601,161995,0.0,0.0,0.0,0.0,0.0,0.0,0.0,0.0,0.0,154.0.1,1,0,0,130.0,101.0
2026-07-29T01:04:55+00:00,173.5,21.1,0.0,0.0,0.0,0.0,601,162295,0.0,0.0,0.0,0.0,0.0,0.0,0.0,0.0,0.0,154.0.1,1,0,0,113.0,306.0
2026-07-29T01:09:56+00:00,229.0,21.1,0.0,0.0,0.0,0.0,601,162596,0.0,0.0,0.0,0.0,0.0,0.0,0.0,0.0,0.0,154.0.1,1,0,0,-15.0,409.0
2026-07-29T01:14:55+00:00,230.0,20.7,0.0,0.0,0.0,0.0,601,162895,0.0,0.0,0.0,0.0,0.0,0.0,0.0,0.0,0.0,154.0.1,1,0,0,506.0,-9.0
2026-07-29T01:19:57+00:00,215.0,20.7,0.0,0.0,0.0,0.0,601,163197,0.0,0.0,0.0,0.0,0.0,0.0,0.0,0.0,0.0,154.0.1,1,0,0,498.0,130.0
2026-07-29T01:24:55+00:00,293.5,20.5,0.0,0.0,0.0,0.0,601,163495,0.0,0.0,0.0,0.0,0.0,0.0,0.0,0.0,0.0,154.0.1,1,0,0,336.0,1.0
2026-07-29T01:29:55+00:00,284.0,20.2,0.0,0.0,0.0,0.0,601,163795,0.0,0.0,0.0,0.0,0.0,0.0,0.0,0.0,0.0,154.0.1,1,0,0,,60.0
2026-07-29T01:34:55+00:00,177.0,20.2,0.0,0.0,0.0,0.0,601,164095,0.0,0.0,0.0,0.0,0.0,0.0,0.0,0.0,0.0,154.0.1,1,0,0,367.0,506.0
2026-07-29T01:39:55+00:00,180.0,20.2,0.0,0.0,0.0,0.0,601,164395,0.0,0.0,0.0,0.0,0.0,0.0,0.0,0.0,0.0,154.0.1,1,0,0,284.0,
2026-07-29T01:44:55+00:00,276.0,20.5,0.0,0.0,0.0,0.0,601,164695,0.0,0.0,0.0,0.0,0.0,0.0,0.0,0.0,0.0,154.0.1,1,0,0,19.0,215.0
2026-07-29T01:49:55+00:00,287.0,20.5,0.0,0.0,0.0,0.0,601,164995,0.0,0.0,0.0,0.0,0.0,0.0,0.0,0.0,0.0,154.0.1,1,0,0,174.0,
2026-07-29T01:54:56+00:00,267.5,20.5,0.0,0.0,0.0,0.0,601,165296,0.0,0.0,0.0,0.0,0.0,0.0,0.0,0.0,0.0,154.0.1,1,0,0,234.0,528.0
2026-07-29T01:59:55+00:00,312.0,20.4,0.0,0.0,0.0,0.0,601,165595,0.0,0.0,0.0,0.0,0.0,0.0,0.0,0.0,0.0,154.0.1,1,0,0,375.0,59.0
2026-07-29T02:04:55+00:00,320.0,20.4,0.0,0.0,0.0,0.0,601,165895,0.0,0.0,0.0,0.0,0.0,0.0,0.0,0.0,0.0,154.0.1,1,0,0,,78.0
2026-07-29T02:09:55+00:00,299.5,20.4,0.0,0.0,0.0,0.0,601,166195,0.0,0.0,0.0,0.0,0.0,0.0,0.0,0.0,0.0,154.0.1,1,0,0,142.0,-313.0
2026-07-29T02:14:55+00:00,358.0,20.2,0.0,0.0,0.0,0.0,601,166495,0.0,0.0,0.0,0.0,0.0,0.0,0.0,0.0,0.0,154.0.1,1,0,0,408.0,234.0
2026-07-29T02:19:55+00:00,353.0,20.2,0.0,0.0,0.0,0.0,601,166795,0.0,0.0,0.0,0.0,0.0,0.0,0.0,0.0,0.0,154.0.1,1,0,0,244.0,375.0
2026-07-29T02:24:55+00:00,328.0,20.2,0.0,0.0,0.0,0.0,601,167095,0.0,0.0,0.0,0.0,0.0,0.0,0.0,0.0,0.0,154.0.1,1,0,0,381.0,
2026-07-29T02:29:56+00:00,358.0,19.5,0.0,0.0,0.0,0.0,601,167396,0.0,0.0,0.0,0.0,0.0,0.0,0.0,0.0,0.0,154.0.1,1,0,0,353.0,399.0
2026-07-29T02:34:55+00:00,383.5,19.5,0.0,0.0,0.0,0.0,601,167695,0.0,0.0,0.0,0.0,0.0,0.0,0.0,0.0,0.0,154.0.1,1,0,0,554.0,291.0
2026-07-29T02:39:55+00:00,176.5,19.5,0.0,0.0,0.0,0.0,601,167995,0.0,0.0,0.0,0.0,0.0,0.0,0.0,0.0,0.0,154.0.1,1,0,0,,308.0
2026-07-29T02:44:55+00:00,145.0,19.4,0.0,0.0,0.0,0.0,601,168295,0.0,0.0,0.0,0.0,0.0,0.0,0.0,0.0,0.0,154.0.1,1,0,0,467.0,381.0
2026-07-29T02:49:56+00:00,164.0,19.4,0.0,0.0,0.0,0.0,601,168596,0.0,0.0,0.0,0.0,0.0,0.0,0.0,0.0,0.0,154.0.1,1,0,0,530.0,353.0
2026-07-29T02:54:55+00:00,178.5,19.4,0.0,0.0,0.0,0.0,601,168895,0.0,0.0,0.0,0.0,0.0,0.0,0.0,0.0,0.0,154.0.1,1,0,0,525.0,545.0
2026-07-29T02:59:55+00:00,74.5,19.4,0.0,0.0,0.0,0.0,601,169195,0.0,0.0,0.0,0.0,0.0,0.0,0.0,0.0,0.0,154.0.1,1,0,0,,
2026-07-29T03:04:55+00:00,135.0,19.4,0.0,0.0,0.0,0.0,601,169495,0.0,0.0,0.0,0.0,0.0,0.0,0.0,0.0,0.0,154.0.1,1,0,0,498.0,575.0
2026-07-29T03:09:55+00:00,155.0,19.4,0.0,0.0,0.0,0.0,601,169795,0.0,0.0,0.0,0.0,0.0,0.0,0.0,0.0,0.0,154.0.1,1,0,0,448.0,530.0
2026-07-29T03:14:55+00:00,98.0,19.5,0.0,0.0,0.0,0.0,601,170095,0.0,0.0,0.0,0.0,0.0,0.0,0.0,0.0,0.0,154.0.1,1,0,0,349.0,145.0
2026-07-29T03:19:55+00:00,182.0,19.5,0.0,0.0,0.0,0.0,601,170395,0.0,0.0,0.0,0.0,0.0,0.0,0.0,0.0,0.0,154.0.1,1,0,0,108.0,
2026-07-29T03:24:56+00:00,210.5,19.5,0.0,0.0,0.0,0.0,601,170696,0.0,0.0,0.0,0.0,0.0,0.0,0.0,0.0,0.0,154.0.1,1,0,0,98.0,322.0
2026-07-29T03:29:55+00:00,370.0,19.0,0.0,0.0,0.0,0.0,601,170995,0.0,0.0,0.0,0.0,0.0,0.0,0.0,0.0,0.0,154.0.1,1,0,0,-145.0,-68.0
2026-07-29T03:34:55+00:00,399.0,19.0,0.0,0.0,0.0,0.0,601,171295,0.0,0.0,0.0,0.0,0.0,0.0,0.0,0.0,0.0,154.0.1,1,0,0,,202.0
2026-07-29T03:39:55+00:00,417.5,19.0,0.0,0.0,0.0,0.0,601,171595,0.0,0.0,0.0,0.0,0.0,0.0,0.0,0.0,0.0,154.0.1,1,0,0,384.0,108.0
2026-07-29T03:44:55+00:00,457.0,18.9,0.0,0.0,0.0,0.0,601,171895,0.0,0.0,0.0,0.0,0.0,0.0,0.0,0.0,0.0,154.0.1,1,0,0,514.0,422.0
2026-07-29T03:49:55+00:00,277.5,18.9,0.0,0.0,0.0,0.0,601,172195,0.0,0.0,0.0,0.0,0.0,0.0,0.0,0.0,0.0,154.0.1,1,0,0,335.0,-21.0
2026-07-29T03:54:55+00:00,282.0,18.9,0.0,0.0,0.0,0.0,601,172495,0.0,0.0,0.0,0.0,0.0,0.0,0.0,0.0,0.0,154.0.1,1,0,0,457.0,
2026-07-29T03:59:56+00:00,345.0,18.9,0.0,0.0,0.0,0.0,601,172796,0.0,0.0,0.0,0.0,0.0,0.0,0.0,0.0,0.0,154.0.1,1,0,0,286.0,370.0
2026-07-29T04:04:55+00:00,305.0,18.9,0.0,0.0,0.0,0.0,601,173095,0.0,0.0,0.0,0.0,0.0,0.0,0.0,0.0,0.0,154.0.1,2,0,0,282.0,88.0
2026-07-29T04:09:55+00:00,293.0,18.9,0.0,0.0,0.0,0.0,601,173395,0.0,0.0,0.0,0.0,0.0,0.0,0.0,0.0,0.0,154.0.1,2,0,0,,187.0
2026-07-29T04:14:55+00:00,255.5,18.9,0.0,0.0,0.0,0.0,601,173695,0.0,0.0,0.0,0.0,0.0,0.0,0.0,0.0,0.0,154.0.1,2,0,0,350.0,230.0
2026-07-29T04:19:55+00:00,281.0,18.9,0.0,0.0,0.0,0.0,601,173995,0.0,0.0,0.0,0.0,0.0,0.0,0.0,0.0,0.0,154.0.1,2,0,0,133.0,269.0
2026-07-29T04:24:55+00:00,254.0,18.9,0.0,0.0,0.0,0.0,601,174295,0.0,0.0,0.0,0.0,0.0,0.0,0.0,0.0,0.0,154.0.1,2,0,0,370.0,61.0
2026-07-29T04:29:55+00:00,328.0,18.8,0.0,0.0,0.0,0.0,601,174595,0.0,0.0,0.0,0.0,0.0,0.0,0.0,0.0,0.0,154.0.1,2,0,0,379.0,
2026-07-29T04:34:55+00:00,253.5,19.1,0.0,0.0,0.0,0.0,601,174895,0.0,0.0,0.0,0.0,0.0,0.0,0.0,0.0,0.0,154.0.1,2,0,0,243.0,149.0
2026-07-29T04:39:55+00:00,264.5,19.1,0.0,0.0,0.0,0.0,601,175195,0.0,0.0,0.0,0.0,0.0,0.0,0.0,0.0,0.0,154.0.1,2,0,0,406.0,348.0
2026-07-29T04:44:55+00:00,282.0,19.0,0.0,0.0,0.0,0.0,601,175495,0.0,0.0,0.0,0.0,0.0,0.0,0.0,0.0,0.0,154.0.1,2,0,0,205.0,153.0
2026-07-29T04:49:55+00:00,147.0,19.0,0.0,0.0,0.0,0.0,601,175795,0.0,0.0,0.0,0.0,0.0,0.0,0.0,0.0,0.0,154.0.1,2,0,0,153.0,394.0
2026-07-29T04:54:55+00:00,354.5,19.0,0.0,0.0,0.0,0.0,601,176095,0.0,0.0,0.0,0.0,0.0,0.0,0.0,0.0,0.0,154.0.1,2,0,0,139.0,238.0
2026-07-29T04:59:55+00:00,374.0,18.9,0.0,0.0,0.0,0.0,601,176395,0.0,0.0,0.0,0.0,0.0,0.0,0.0,0.0,0.0,154.0.1,2,0,0,508.0,328.0
2026-07-29T05:04:55+00:00,390.5,18.9,0.0,0.0,0.0,0.0,601,176695,0.0,0.0,0.0,0.0,0.0,0.0,0.0,0.0,0.0,154.0.1,2,0,0,229.0,-501.0
2026-07-29T05:09:55+00:00,375.0,18.9,0.0,0.0,0.0,0.0,601,176995,0.0,0.0,0.0,0.0,0.0,0.0,0.0,0.0,0.0,154.0.1,2,0,0,212.0,153.0
2026-07-29T05:14:56+00:00,276.0,18.8,0.0,0.0,0.0,0.0,601,177296,0.0,0.0,0.0,0.0,0.0,0.0,0.0,0.0,0.0,154.0.1,2,0,0,270.0,139.0
2026-07-29T05:19:55+00:00,241.0,18.8,0.0,0.0,0.0,0.0,601,177595,0.0,0.0,0.0,0.0,0.0,0.0,0.0,0.0,0.0,154.0.1,2,0,0,227.0,147.0
2026-07-29T05:24:55+00:00,220.0,18.8,0.0,0.0,0.0,0.0,601,177895,0.0,0.0,0.0,0.0,0.0,0.0,0.0,0.0,0.0,154.0.1,2,0,0,,229.0
2026-07-29T05:29:55+00:00,197.0,19.0,0.0,0.0,0.0,0.0,601,178195,0.0,0.0,0.0,0.0,0.0,0.0,0.0,0.0,0.0,154.0.1,2,0,0,241.0,212.0
2026-07-29T07:49:55+00:00,46.0,18.2,0.0,0.0,0.0,0.0,601,186595,0.0,0.0,0.0,0.0,0.0,0.0,0.0,0.0,0.0,154.0.1,2,0,0,,
2026-07-29T07:54:55+00:00,61.0,18.2,0.0,0.0,0.0,0.0,601,186895,0.0,0.0,0.0,0.0,0.0,0.0,0.0,0.0,0.0,154.0.1,2,0,0,,
2026-07-29T07:59:55+00:00,-23.5,18.1,0.0,0.0,0.0,0.0,601,187195,0.0,0.0,0.0,0.0,0.0,0.0,0.0,0.0,0.0,154.0.1,2,0,0,46.0,
2026-07-29T08:04:55+00:00,-41.0,18.1,0.0,0.0,0.0,0.0,601,187495,0.0,0.0,0.0,0.0,0.0,0.0,0.0,0.0,0.0,154.0.1,2,0,0,61.0,
2026-07-29T08:09:55+00:00,-114.0,18.1,0.0,0.0,0.0,0.0,601,187795,0.0,0.0,0.0,0.0,0.0,0.0,0.0,0.0,0.0,154.0.1,2,0,0,48.0,
2026-07-29T08:14:55+00:00,-42.5,17.9,0.0,0.0,0.0,0.0,601,188095,0.0,0.0,0.0,0.0,0.0,0.0,0.0,0.0,0.0,154.0.1,2,0,0,-55.0,
2026-07-29T08:19:55+00:00,-16.5,17.9,0.0,0.0,0.0,0.0,601,188395,0.0,0.0,0.0,0.0,0.0,0.0,0.0,0.0,0.0,154.0.1,2,0,0,-120.0,46.0
2026-07-29T08:24:55+00:00,27.0,17.9,0.0,0.0,0.0,0.0,601,188695,0.0,0.0,0.0,0.0,0.0,0.0,0.0,0.0,0.0,154.0.1,2,0,0,-111.0,61.0
2026-07-29T08:29:55+00:00,-58.0,17.8,0.0,0.0,0.0,0.0,601,188995,0.0,0.0,0.0,0.0,0.0,0.0,0.0,0.0,0.0,154.0.1,2,0,0,-136.0,48.0
2026-07-29T08:34:55+00:00,-50.0,17.9,0.0,0.0,0.0,0.0,601,189295,0.0,0.0,0.0,0.0,0.0,0.0,0.0,0.0,0.0,154.0.1,2,0,0,-157.0,-55.0
2026-07-29T08:39:55+00:00,-112.0,17.9,0.0,0.0,0.0,0.0,601,189595,0.0,0.0,0.0,0.0,0.0,0.0,0.0,0.0,0.0,154.0.1,2,0,0,-179.0,-120.0
2026-07-29T08:44:55+00:00,-62.5,17.9,0.0,0.0,0.0,0.0,601,189895,0.0,0.0,0.0,0.0,0.0,0.0,0.0,0.0,0.0,154.0.1,2,0,0,-16.0,74.0
2026-07-29T08:49:55+00:00,-95.0,17.9,0.0,0.0,0.0,0.0,601,190195,0.0,0.0,0.0,0.0,0.0,0.0,0.0,0.0,0.0,154.0.1,2,0,0,10.0,74.0
2026-07-29T08:54:55+00:00,-139.0,17.9,0.0,0.0,0.0,0.0,601,190495,0.0,0.0,0.0,0.0,0.0,0.0,0.0,0.0,0.0,154.0.1,2,0,0,-70.0,27.0
2026-07-29T08:59:55+00:00,-192.0,17.8,0.0,0.0,0.0,0.0,601,190795,0.0,0.0,0.0,0.0,0.0,0.0,0.0,0.0,0.0,154.0.1,2,0,0,31.0,8.0
2026-07-29T09:04:56+00:00,-54.0,17.8,0.0,0.0,0.0,0.0,601,191096,0.0,0.0,0.0,0.0,0.0,0.0,0.0,0.0,0.0,154.0.1,2,0,0,70.0,-16.0
2026-07-29T09:09:56+00:00,-65.5,17.8,0.0,0.0,0.0,0.0,601,191396,0.0,0.0,0.0,0.0,0.0,0.0,0.0,0.0,0.0,154.0.1,2,0,0,42.0,10.0
2026-07-29T09:14:56+00:00,-23.0,17.7,0.0,0.0,0.0,0.0,601,191696,0.0,0.0,0.0,0.0,0.0,0.0,0.0,0.0,0.0,154.0.1,2,0,0,-54.0,-70.0
2026-07-29T09:19:56+00:00,-96.0,17.7,0.0,0.0,0.0,0.0,601,191996,0.0,0.0,0.0,0.0,0.0,0.0,0.0,0.0,0.0,154.0.1,2,0,0,250.0,-81.0
2026-07-29T09:24:56+00:00,-98.5,17.7,0.0,0.0,0.0,0.0,601,192296,0.0,0.0,0.0,0.0,0.0,0.0,0.0,0.0,0.0,154.0.1,2,0,0,29.0,70.0
2026-07-29T09:29:56+00:00,-62.0,17.7,0.0,0.0,0.0,0.0,601,192596,0.0,0.0,0.0,0.0,0.0,0.0,0.0,0.0,0.0,154.0.1,2,0,0,-109.0,42.0
2026-07-29T09:34:56+00:00,-48.0,17.7,0.0,0.0,0.0,0.0,601,192896,0.0,0.0,0.0,0.0,0.0,0.0,0.0,0.0,0.0,154.0.1,2,0,0,8.0,164.0
2026-07-29T09:39:56+00:00,-45.0,17.7,0.0,0.0,0.0,0.0,601,193196,0.0,0.0,0.0,0.0,0.0,0.0,0.0,0.0,0.0,154.0.1,2,0,0,-152.0,19.0
2026-07-29T09:44:56+00:00,-15.0,17.6,0.0,0.0,0.0,0.0,601,193496,0.0,0.0,0.0,0.0,0.0,0.0,0.0,0.0,0.0,154.0.1,2,0,0,13.0,-104.0
2026-07-29T09:49:56+00:00,-19.0,17.6,0.0,0.0,0.0,0.0,601,193796,0.0,0.0,0.0,0.0,0.0,0.0,0.0,0.0,0.0,154.0.1,2,0,0,-25.0,-590.0
2026-07-29T09:54:56+00:00,-13.0,17.6,0.0,0.0,0.0,0.0,601,194096,0.0,0.0,0.0,0.0,0.0,0.0,0.0,0.0,0.0,154.0.1,2,0,0,70.0,-590.0
2026-07-29T09:59:56+00:00,-21.0,17.5,0.0,0.0,0.0,0.0,601,194396,0.0,0.0,0.0,0.0,0.0,0.0,0.0,0.0,0.0,154.0.1,2,0,0,92.0,-32.0
2026-07-29T10:04:56+00:00,-64.0,17.5,0.0,0.0,0.0,0.0,601,194696,0.0,0.0,0.0,0.0,0.0,0.0,0.0,0.0,0.0,154.0.1,2,0,0,169.0,-544.0
2026-07-29T10:09:56+00:00,-44.0,17.5,0.0,0.0,0.0,0.0,601,194996,0.0,0.0,0.0,0.0,0.0,0.0,0.0,0.0,0.0,154.0.1,2,0,0,128.0,44.0
2026-07-29T10:14:56+00:00,-43.0,17.5,0.0,0.0,0.0,0.0,601,195296,0.0,0.0,0.0,0.0,0.0,0.0,0.0,0.0,0.0,154.0.1,2,0,0,-65.0,55.0
2026-07-29T10:19:56+00:00,-15.0,17.5,0.0,0.0,0.0,0.0,601,195596,0.0,0.0,0.0,0.0,0.0,0.0,0.0,0.0,0.0,154.0.1,2,0,0,-46.0,-54.0
2026-07-29T10:24:56+00:00,-33.0,17.5,0.0,0.0,0.0,0.0,601,195896,0.0,0.0,0.0,0.0,0.0,0.0,0.0,0.0,0.0,154.0.1,2,0,0,124.0,169.0
2026-07-29T10:29:56+00:00,-5.0,17.5,0.0,0.0,0.0,0.0,601,196196,0.0,0.0,0.0,0.0,0.0,0.0,0.0,0.0,0.0,154.0.1,2,0,0,-59.0,8.0
2026-07-29T10:34:56+00:00,-14.0,17.5,0.0,0.0,0.0,0.0,601,196496,0.0,0.0,0.0,0.0,0.0,0.0,0.0,0.0,0.0,154.0.1,2,0,0,-128.0,-88.0
2026-07-29T10:39:56+00:00,3.0,17.8,0.0,0.0,0.0,0.0,601,196796,0.0,0.0,0.0,0.0,0.0,0.0,0.0,0.0,0.0,154.0.1,2,0,0,-91.0,188.0
2026-07-29T10:44:56+00:00,-30.0,18.0,0.0,0.0,0.0,0.0,601,197096,0.0,0.0,0.0,0.0,0.0,0.0,0.0,0.0,0.0,154.0.1,2,0,0,-599.0,-25.0
2026-07-29T10:49:56+00:00,-43.5,18.0,0.0,0.0,0.0,0.0,601,197396,0.0,0.0,0.0,0.0,0.0,0.0,0.0,0.0,0.0,154.0.1,2,0,0,115.0,148.0
2026-07-29T10:54:56+00:00,-18.5,18.0,0.0,0.0,0.0,0.0,601,197696,0.0,0.0,0.0,0.0,0.0,0.0,0.0,0.0,0.0,154.0.1,2,0,0,-233.0,-128.0
2026-07-29T10:59:56+00:00,-37.5,18.3,0.0,0.0,0.0,0.0,601,197996,0.0,0.0,0.0,0.0,0.0,0.0,0.0,0.0,0.0,154.0.1,2,0,0,-174.0,-91.0
2026-07-29T11:04:56+00:00,-43.0,18.3,0.0,0.0,0.0,0.0,601,198296,0.0,0.0,0.0,0.0,0.0,0.0,0.0,0.0,0.0,154.0.1,2,0,0,-51.0,60.0
2026-07-29T11:09:56+00:00,-27.0,18.3,0.0,0.0,0.0,0.0,601,198596,0.0,0.0,0.0,0.0,0.0,0.0,0.0,0.0,0.0,154.0.1,2,0,0,-164.0,-233.0
2026-07-29T11:14:56+00:00,-32.5,18.5,0.0,0.0,0.0,0.0,601,198896,0.0,0.0,0.0,0.0,0.0,0.0,0.0,0.0,0.0,154.0.1,2,0,0,-156.0,55.0
2026-07-29T11:19:57+00:00,28.0,18.5,0.0,0.0,0.0,0.0,601,199197,0.0,0.0,0.0,0.0,0.0,0.0,0.0,0.0,0.0,154.0.1,2,0,0,-124.0,-215.0
2026-07-29T11:24:56+00:00,60.5,18.5,0.0,0.0,0.0,0.0,601,199496,0.0,0.0,0.0,0.0,0.0,0.0,0.0,0.0,0.0,154.0.1,2,0,0,109.0,20.0
2026-07-29T11:29:56+00:00,33.5,18.9,0.0,0.0,0.0,0.0,601,199796,0.0,0.0,0.0,0.0,0.0,0.0,0.0,0.0,0.0,154.0.1,2,0,0,,-566.0
2026-07-29T11:34:56+00:00,53.0,18.9,0.0,0.0,0.0,0.0,601,200096,0.0,0.0,0.0,0.0,0.0,0.0,0.0,0.0,0.0,154.0.1,2,0,0,101.0,-566.0
2026-07-29T11:39:56+00:00,-52.0,18.9,0.0,0.0,0.0,0.0,601,200396,0.0,0.0,0.0,0.0,0.0,0.0,0.0,0.0,0.0,154.0.1,2,0,0,24.0,-124.0
2026-07-29T11:44:56+00:00,20.0,19.3,0.0,0.0,0.0,0.0,601,200696,0.0,0.0,0.0,0.0,0.0,0.0,0.0,0.0,0.0,154.0.1,2,0,0,69.0,-45.0
2026-07-29T11:49:56+00:00,-95.0,19.3,0.0,0.0,0.0,0.0,601,200996,0.0,0.0,0.0,0.0,0.0,0.0,0.0,0.0,0.0,154.0.1,2,0,0,226.0,
2026-07-29T11:54:56+00:00,-52.0,19.3,0.0,0.0,0.0,0.0,601,201296,0.0,0.0,0.0,0.0,0.0,0.0,0.0,0.0,0.0,154.0.1,2,0,0,34.0,101.0
2026-07-29T11:59:56+00:00,20.0,19.8,0.0,0.0,0.0,0.0,601,201596,0.0,0.0,0.0,0.0,0.0,0.0,0.0,0.0,0.0,154.0.1,2,0,0,-4.0,170.0
2026-07-29T12:04:57+00:00,26.0,19.8,0.0,0.0,0.0,0.0,601,201897,0.0,0.0,0.0,0.0,0.0,0.0,0.0,0.0,0.0,154.0.1,2,0,0,-18.0,240.0
2026-07-29T12:09:56+00:00,55.0,19.8,0.0,0.0,0.0,0.0,601,202196,0.0,0.0,0.0,0.0,0.0,0.0,0.0,0.0,0.0,154.0.1,2,0,0,38.0,130.0
2026-07-29T12:14:56+00:00,-31.0,20.1,0.0,0.0,0.0,0.0,601,202496,0.0,0.0,0.0,0.0,0.0,0.0,0.0,0.0,0.0,154.0.1,2,0,0,,20.0
2026-07-29T12:19:56+00:00,-9.5,20.1,0.0,0.0,0.0,0.0,601,202796,0.0,0.0,0.0,0.0,0.0,0.0,0.0,0.0,0.0,154.0.1,2,0,0,63.0,63.0
2026-07-29T12:24:56+00:00,-25.0,20.1,0.0,0.0,0.0,0.0,601,203096,0.0,0.0,0.0,0.0,0.0,0.0,0.0,0.0,0.0,154.0.1,2,0,0,150.0,-18.0
2026-07-29T12:29:56+00:00,27.0,20.5,0.0,0.0,0.0,0.0,601,203396,0.0,0.0,0.0,0.0,0.0,0.0,0.0,0.0,0.0,154.0.1,2,0,0,47.0,38.0
2026-07-29T12:34:56+00:00,-23.0,20.5,0.0,0.0,0.0,0.0,601,203696,0.0,0.0,0.0,0.0,0.0,0.0,0.0,0.0,0.0,154.0.1,2,0,0,-93.0,
2026-07-29T12:39:56+00:00,-29.0,20.3,0.0,0.0,0.0,0.0,601,203996,0.0,0.0,0.0,0.0,0.0,0.0,0.0,0.0,0.0,154.0.1,2,0,0,107.0,-122.0
2026-07-29T12:44:56+00:00,-104.5,20.7,0.0,0.0,0.0,0.0,601,204296,0.0,0.0,0.0,0.0,0.0,0.0,0.0,0.0,0.0,154.0.1,2,0,0,-76.0,-40.0
2026-07-29T12:49:56+00:00,-51.5,20.7,0.0,0.0,0.0,0.0,601,204596,0.0,0.0,0.0,0.0,0.0,0.0,0.0,0.0,0.0,154.0.1,2,0,0,-57.0,325.0
2026-07-29T12:54:56+00:00,28.5,20.7,0.0,0.0,0.0,0.0,601,204896,0.0,0.0,0.0,0.0,0.0,0.0,0.0,0.0,0.0,154.0.1,2,0,0,-189.0,40.0
2026-07-29T12:59:56+00:00,94.0,20.9,0.0,0.0,0.0,0.0,601,205196,0.0,0.0,0.0,0.0,0.0,0.0,0.0,0.0,0.0,154.0.1,2,0,0,-137.0,-133.0
2026-07-29T13:04:57+00:00,66.5,20.9,0.0,0.0,0.0,0.0,601,205497,0.0,0.0,0.0,0.0,0.0,0.0,0.0,0.0,0.0,154.0.1,2,0,0,-553.0,34.0
2026-07-29T13:09:56+00:00,12.0,20.9,0.0,0.0,0.0,0.0,601,205796,0.0,0.0,0.0,0.0,0.0,0.0,0.0,0.0,0.0,154.0.1,2,0,0,-257.0,-122.0
2026-07-29T13:14:56+00:00,68.5,21.1,0.0,0.0,0.0,0.0,601,206096,0.0,0.0,0.0,0.0,0.0,0.0,0.0,0.0,0.0,154.0.1,2,0,0,,-189.0
2026-07-29T13:19:56+00:00,107.0,21.1,0.0,0.0,0.0,0.0,601,206396,0.0,0.0,0.0,0.0,0.0,0.0,0.0,0.0,0.0,154.0.1,2,0,0,-99.0,-553.0
2026-07-29T13:24:56+00:00,16.5,21.1,0.0,0.0,0.0,0.0,601,206696,0.0,0.0,0.0,0.0,0.0,0.0,0.0,0.0,0.0,154.0.1,2,0,0,-158.0,-553.0
2026-07-29T13:29:56+00:00,23.5,21.4,0.0,0.0,0.0,0.0,601,206996,0.0,0.0,0.0,0.0,0.0,0.0,0.0,0.0,0.0,154.0.1,2,0,0,400.0,350.0
2026-07-29T13:34:56+00:00,73.0,21.4,0.0,0.0,0.0,0.0,601,207296,0.0,0.0,0.0,0.0,0.0,0.0,0.0,0.0,0.0,154.0.1,2,0,0,-86.0,
2026-07-29T13:39:56+00:00,17.0,21.4,0.0,0.0,0.0,0.0,601,207596,0.0,0.0,0.0,0.0,0.0,0.0,0.0,0.0,0.0,154.0.1,2,0,0,-47.0,-99.0
2026-07-29T13:44:56+00:00,-8.0,21.7,0.0,0.0,0.0,0.0,601,207896,0.0,0.0,0.0,0.0,0.0,0.0,0.0,0.0,0.0,154.0.1,2,0,0,-111.0,-158.0
2026-07-29T13:49:56+00:00,32.0,21.7,0.0,0.0,0.0,0.0,601,208196,0.0,0.0,0.0,0.0,0.0,0.0,0.0,0.0,0.0,154.0.1,2,0,0,-78.0,-217.0
2026-07-29T13:54:56+00:00,4.5,21.7,0.0,0.0,0.0,0.0,601,208496,0.0,0.0,0.0,0.0,0.0,0.0,0.0,0.0,0.0,154.0.1,2,0,0,-57.0,243.0
2026-07-29T13:59:56+00:00,108.5,21.9,0.0,0.0,0.0,0.0,601,208796,0.0,0.0,0.0,0.0,0.0,0.0,0.0,0.0,0.0,154.0.1,2,0,0,49.0,34.0
2026-07-29T14:04:56+00:00,69.5,21.9,0.0,0.0,0.0,0.0,601,209096,0.0,0.0,0.0,0.0,0.0,0.0,0.0,0.0,0.0,154.0.1,2,0,0,242.0,154.0
2026-07-29T14:09:56+00:00,88.0,21.9,0.0,0.0,0.0,0.0,601,209396,0.0,0.0,0.0,0.0,0.0,0.0,0.0,0.0,0.0,154.0.1,2,0,0,-173.0,-78.0
2026-07-29T14:14:56+00:00,52.5,22.2,0.0,0.0,0.0,0.0,601,209696,0.0,0.0,0.0,0.0,0.0,0.0,0.0,0.0,0.0,154.0.1,2,0,0,234.0,156.0
2026-07-29T14:19:56+00:00,128.0,22.2,0.0,0.0,0.0,0.0,601,209996,0.0,0.0,0.0,0.0,0.0,0.0,0.0,0.0,0.0,154.0.1,2,0,0,190.0,-52.0
2026-07-29T14:24:56+00:00,70.5,22.2,0.0,0.0,0.0,0.0,601,210296,0.0,0.0,0.0,0.0,0.0,0.0,0.0,0.0,0.0,154.0.1,2,0,0,36.0,134.0
2026-07-29T14:29:56+00:00,-18.0,22.5,0.0,0.0,0.0,0.0,601,210596,0.0,0.0,0.0,0.0,0.0,0.0,0.0,0.0,0.0,154.0.1,2,0,0,292.0,203.0
2026-07-29T14:34:56+00:00,46.5,22.3,0.0,0.0,0.0,0.0,601,210896,0.0,0.0,0.0,0.0,0.0,0.0,0.0,0.0,0.0,154.0.1,2,0,0,-4.0,74.0
2026-07-29T14:39:56+00:00,-9.0,22.3,0.0,0.0,0.0,0.0,601,211196,0.0,0.0,0.0,0.0,0.0,0.0,0.0,0.0,0.0,154.0.1,2,0,0,-203.0,108.0
2026-07-29T14:44:56+00:00,-29.0,22.6,0.0,0.0,0.0,0.0,601,211496,0.0,0.0,0.0,0.0,0.0,0.0,0.0,0.0,0.0,154.0.1,2,0,0,55.0,-24.0
2026-07-29T14:49:56+00:00,55.0,22.6,0.0,0.0,0.0,0.0,601,211796,0.0,0.0,0.0,0.0,0.0,0.0,0.0,0.0,0.0,154.0.1,2,0,0,18.0,25.0
2026-07-29T14:54:56+00:00,105.0,22.6,0.0,0.0,0.0,0.0,601,212096,0.0,0.0,0.0,0.0,0.0,0.0,0.0,0.0,0.0,154.0.1,2,0,0,-94.0,209.0
2026-07-29T14:59:56+00:00,112.0,22.9,0.0,0.0,0.0,0.0,601,212396,0.0,0.0,0.0,0.0,0.0,0.0,0.0,0.0,0.0,154.0.1,2,0,0,-4.0,-203.0
2026-07-29T15:04:56+00:00,-41.0,22.9,0.0,0.0,0.0,0.0,601,212696,0.0,0.0,0.0,0.0,0.0,0.0,0.0,0.0,0.0,154.0.1,2,0,0,-85.0,-114.0
2026-07-29T15:09:56+00:00,0.0,22.9,0.0,0.0,0.0,0.0,601,212996,0.0,0.0,0.0,0.0,0.0,0.0,0.0,0.0,0.0,154.0.1,2,0,0,-130.0,18.0
2026-07-29T15:14:56+00:00,-26.5,23.2,0.0,0.0,0.0,0.0,601,213296,0.0,0.0,0.0,0.0,0.0,0.0,0.0,0.0,0.0,154.0.1,2,0,0,-152.0,-94.0
2026-07-29T15:19:56+00:00,-34.0,23.2,0.0,0.0,0.0,0.0,601,213596,0.0,0.0,0.0,0.0,0.0,0.0,0.0,0.0,0.0,154.0.1,2,0,0,191.0,151.0
2026-07-29T15:24:56+00:00,-90.0,23.2,0.0,0.0,0.0,0.0,601,213896,0.0,0.0,0.0,0.0,0.0,0.0,0.0,0.0,0.0,154.0.1,2,0,0,-149.0,-117.0
2026-07-29T15:29:56+00:00,20.5,23.4,0.0,0.0,0.0,0.0,601,214196,0.0,0.0,0.0,0.0,0.0,0.0,0.0,0.0,0.0,154.0.1,2,0,0,-165.0,-130.0
2026-07-29T15:34:56+00:00,57.5,23.4,0.0,0.0,0.0,0.0,601,214496,0.0,0.0,0.0,0.0,0.0,0.0,0.0,0.0,0.0,154.0.1,2,0,0,-225.0,-152.0
2026-07-29T15:39:56+00:00,121.0,23.4,0.0,0.0,0.0,0.0,601,214796,0.0,0.0,0.0,0.0,0.0,0.0,0.0,0.0,0.0,154.0.1,2,0,0,-221.0,-173.0
2026-07-29T15:44:57+00:00,107.0,23.7,0.0,0.0,0.0,0.0,601,215097,0.0,0.0,0.0,0.0,0.0,0.0,0.0,0.0,0.0,154.0.1,2,0,0,-187.0,-149.0
2026-07-29T15:49:56+00:00,98.0,23.7,0.0,0.0,0.0,0.0,601,215396,0.0,0.0,0.0,0.0,0.0,0.0,0.0,0.0,0.0,154.0.1,2,0,0,-211.0,-165.0
2026-07-29T15:54:56+00:00,153.0,23.7,0.0,0.0,0.0,0.0,601,215696,0.0,0.0,0.0,0.0,0.0,0.0,0.0,0.0,0.0,154.0.1,2,0,0,,22.0
2026-07-29T15:59:56+00:00,207.0,24.0,0.0,0.0,0.0,0.0,601,215996,0.0,0.0,0.0,0.0,0.0,0.0,0.0,0.0,0.0,154.0.1,2,0,0,97.0,77.0
2026-07-29T16:04:56+00:00,119.0,24.0,0.0,0.0,0.0,0.0,601,216296,0.0,0.0,0.0,0.0,0.0,0.0,0.0,0.0,0.0,154.0.1,2,0,0,232.0,185.0
2026-07-29T16:09:56+00:00,148.0,24.0,0.0,0.0,0.0,0.0,601,216596,0.0,0.0,0.0,0.0,0.0,0.0,0.0,0.0,0.0,154.0.1,2,0,0,286.0,121.0
2026-07-29T16:14:56+00:00,106.0,24.2,0.0,0.0,0.0,0.0,601,216896,0.0,0.0,0.0,0.0,0.0,0.0,0.0,0.0,0.0,154.0.1,2,0,0,284.0,
2026-07-29T16:19:56+00:00,29.0,24.2,0.0,0.0,0.0,0.0,601,217196,0.0,0.0,0.0,0.0,0.0,0.0,0.0,0.0,0.0,154.0.1,2,0,0,342.0,198.0
2026-07-29T16:24:56+00:00,35.0,24.2,0.0,0.0,0.0,0.0,601,217496,0.0,0.0,0.0,0.0,0.0,0.0,0.0,0.0,0.0,154.0.1,2,0,0,51.0,160.0
2026-07-29T16:29:56+00:00,77.0,24.4,0.0,0.0,0.0,0.0,601,217796,0.0,0.0,0.0,0.0,0.0,0.0,0.0,0.0,0.0,154.0.1,2,0,0,158.0,207.0
2026-07-29T16:34:56+00:00,114.0,24.7,0.0,0.0,0.0,0.0,601,218096,0.0,0.0,0.0,0.0,0.0,0.0,0.0,0.0,0.0,154.0.1,2,0,0,36.0,217.0
2026-07-29T16:39:56+00:00,103.0,24.7,0.0,0.0,0.0,0.0,601,218396,0.0,0.0,0.0,0.0,0.0,0.0,0.0,0.0,0.0,154.0.1,2,0,0,101.0,196.0
2026-07-29T16:44:56+00:00,117.0,24.9,0.0,0.0,0.0,0.0,601,218696,0.0,0.0,0.0,0.0,0.0,0.0,0.0,0.0,0.0,154.0.1,2,0,0,181.0,276.0
2026-07-29T16:49:56+00:00,93.0,24.9,0.0,0.0,0.0,0.0,601,218996,0.0,0.0,0.0,0.0,0.0,0.0,0.0,0.0,0.0,154.0.1,2,0,0,79.0,37.0
2026-07-29T16:54:56+00:00,76.0,24.9,0.0,0.0,0.0,0.0,601,219296,0.0,0.0,0.0,0.0,0.0,0.0,0.0,0.0,0.0,154.0.1,2,0,0,243.0,34.0
2026-07-29T16:59:57+00:00,113.0,25.1,0.0,0.0,0.0,0.0,601,219597,0.0,0.0,0.0,0.0,0.0,0.0,0.0,0.0,0.0,154.0.1,2,0,0,337.0,-32.0
2026-07-29T17:04:56+00:00,48.0,25.1,0.0,0.0,0.0,0.0,601,219896,0.0,0.0,0.0,0.0,0.0,0.0,0.0,0.0,0.0,154.0.1,2,0,0,76.0,64.0
2026-07-29T17:09:56+00:00,129.0,25.1,0.0,0.0,0.0,0.0,601,220196,0.0,0.0,0.0,0.0,0.0,0.0,0.0,0.0,0.0,154.0.1,2,0,0,,79.0
2026-07-29T17:14:56+00:00,96.5,25.1,0.0,0.0,0.0,0.0,601,220496,0.0,0.0,0.0,0.0,0.0,0.0,0.0,0.0,0.0,154.0.1,2,0,0,244.0,243.0
2026-07-29T17:19:56+00:00,135.0,25.1,0.0,0.0,0.0,0.0,601,220796,0.0,0.0,0.0,0.0,0.0,0.0,0.0,0.0,0.0,154.0.1,2,0,0,161.0,337.0
2026-07-29T17:24:56+00:00,130.0,25.1,0.0,0.0,0.0,0.0,601,221096,0.0,0.0,0.0,0.0,0.0,0.0,0.0,0.0,0.0,154.0.1,2,0,0,81.0,277.0
2026-07-29T17:29:56+00:00,157.0,25.3,0.0,0.0,0.0,0.0,601,221396,0.0,0.0,0.0,0.0,0.0,0.0,0.0,0.0,0.0,154.0.1,2,0,0,195.0,
2026-07-29T17:34:56+00:00,165.0,25.5,0.0,0.0,0.0,0.0,601,221696,0.0,0.0,0.0,0.0,0.0,0.0,0.0,0.0,0.0,154.0.1,2,0,0,228.0,-72.0
2026-07-29T17:39:56+00:00,133.0,25.5,0.0,0.0,0.0,0.0,601,221996,0.0,0.0,0.0,0.0,0.0,0.0,0.0,0.0,0.0,154.0.1,2,0,0,98.0,-22.0
2026-07-29T17:44:56+00:00,139.0,25.6,0.0,0.0,0.0,0.0,601,222296,0.0,0.0,0.0,0.0,0.0,0.0,0.0,0.0,0.0,154.0.1,2,0,0,510.0,391.0
2026-07-29T17:49:56+00:00,134.0,25.6,0.0,0.0,0.0,0.0,601,222596,0.0,0.0,0.0,0.0,0.0,0.0,0.0,0.0,0.0,154.0.1,2,0,0,133.0,288.0
2026-07-29T17:54:56+00:00,106.0,25.6,0.0,0.0,0.0,0.0,601,222896,0.0,0.0,0.0,0.0,0.0,0.0,0.0,0.0,0.0,154.0.1,2,0,0,101.0,228.0
2026-07-29T17:59:56+00:00,57.0,25.6,0.0,0.0,0.0,0.0,601,223196,0.0,0.0,0.0,0.0,0.0,0.0,0.0,0.0,0.0,154.0.1,2,0,0,234.0,157.0
2026-07-29T18:04:56+00:00,32.0,25.6,0.0,0.0,0.0,0.0,601,223496,0.0,0.0,0.0,0.0,0.0,0.0,0.0,0.0,0.0,154.0.1,2,0,0,218.0,153.0
2026-07-29T18:09:56+00:00,78.0,25.6,0.0,0.0,0.0,0.0,601,223796,0.0,0.0,0.0,0.0,0.0,0.0,0.0,0.0,0.0,154.0.1,2,0,0,303.0,133.0
2026-07-29T18:14:56+00:00,64.0,25.7,0.0,0.0,0.0,0.0,601,224096,0.0,0.0,0.0,0.0,0.0,0.0,0.0,0.0,0.0,154.0.1,2,0,0,-127.0,101.0
2026-07-29T18:19:56+00:00,54.5,25.7,0.0,0.0,0.0,0.0,601,224396,0.0,0.0,0.0,0.0,0.0,0.0,0.0,0.0,0.0,154.0.1,2,0,0,154.0,234.0
2026-07-29T18:24:56+00:00,101.5,25.7,0.0,0.0,0.0,0.0,601,224696,0.0,0.0,0.0,0.0,0.0,0.0,0.0,0.0,0.0,154.0.1,2,0,0,142.0,218.0
2026-07-29T18:29:57+00:00,52.0,25.8,0.0,0.0,0.0,0.0,601,224997,0.0,0.0,0.0,0.0,0.0,0.0,0.0,0.0,0.0,154.0.1,2,0,0,3.0,303.0
2026-07-29T18:34:56+00:00,-40.0,25.9,0.0,0.0,0.0,0.0,601,225296,0.0,0.0,0.0,0.0,0.0,0.0,0.0,0.0,0.0,154.0.1,2,0,0,56.0,193.0
2026-07-29T18:39:56+00:00,-52.0,25.9,0.0,0.0,0.0,0.0,601,225596,0.0,0.0,0.0,0.0,0.0,0.0,0.0,0.0,0.0,154.0.1,2,0,0,,154.0
2026-07-29T18:44:56+00:00,-96.0,25.9,0.0,0.0,0.0,0.0,601,225896,0.0,0.0,0.0,0.0,0.0,0.0,0.0,0.0,0.0,154.0.1,2,0,0,-45.0,142.0
2026-07-29T18:49:56+00:00,-167.0,25.9,0.0,0.0,0.0,0.0,601,226196,0.0,0.0,0.0,0.0,0.0,0.0,0.0,0.0,0.0,154.0.1,2,0,0,-52.0,3.0
2026-07-29T18:54:56+00:00,-155.0,25.9,0.0,0.0,0.0,0.0,601,226496,0.0,0.0,0.0,0.0,0.0,0.0,0.0,0.0,0.0,154.0.1,2,0,0,-510.0,56.0
2026-07-29T18:59:56+00:00,-99.0,25.9,0.0,0.0,0.0,0.0,601,226796,0.0,0.0,0.0,0.0,0.0,0.0,0.0,0.0,0.0,154.0.1,2,0,0,-510.0,
2026-07-29T19:04:56+00:00,-45.0,25.9,0.0,0.0,0.0,0.0,601,227096,0.0,0.0,0.0,0.0,0.0,0.0,0.0,0.0,0.0,154.0.1,2,0,0,-78.0,-147.0
2026-07-29T19:09:56+00:00,-58.0,25.9,0.0,0.0,0.0,0.0,601,227396,0.0,0.0,0.0,0.0,0.0,0.0,0.0,0.0,0.0,154.0.1,2,0,0,-109.0,-237.0
2026-07-29T19:14:57+00:00,-59.0,25.8,0.0,0.0,0.0,0.0,601,227697,0.0,0.0,0.0,0.0,0.0,0.0,0.0,0.0,0.0,154.0.1,2,0,0,-242.0,-261.0
2026-07-29T19:19:56+00:00,-6.0,25.8,0.0,0.0,0.0,0.0,601,227996,0.0,0.0,0.0,0.0,0.0,0.0,0.0,0.0,0.0,154.0.1,2,0,0,43.0,-94.0
2026-07-29T19:24:57+00:00,2.0,25.8,0.0,0.0,0.0,0.0,601,228297,0.0,0.0,0.0,0.0,0.0,0.0,0.0,0.0,0.0,154.0.1,2,0,0,189.0,-160.0
2026-07-29T19:29:56+00:00,-20.0,26.0,0.0,0.0,0.0,0.0,601,228596,0.0,0.0,0.0,0.0,0.0,0.0,0.0,0.0,0.0,154.0.1,2,0,0,-115.0,-37.0
2026-07-29T19:34:56+00:00,-11.0,26.0,0.0,0.0,0.0,0.0,601,228896,0.0,0.0,0.0,0.0,0.0,0.0,0.0,0.0,0.0,154.0.1,2,0,0,,-63.0
2026-07-29T19:39:56+00:00,-15.0,26.0,0.0,0.0,0.0,0.0,601,229196,0.0,0.0,0.0,0.0,0.0,0.0,0.0,0.0,0.0,154.0.1,2,0,0,23.0,43.0
2026-07-29T19:44:56+00:00,-24.0,26.0,0.0,0.0,0.0,0.0,601,229496,0.0,0.0,0.0,0.0,0.0,0.0,0.0,0.0,0.0,154.0.1,2,0,0,-26.0,
2026-07-29T19:49:56+00:00,11.0,26.0,0.0,0.0,0.0,0.0,601,229796,0.0,0.0,0.0,0.0,0.0,0.0,0.0,0.0,0.0,154.0.1,2,0,0,-113.0,-115.0
2026-07-29T19:54:56+00:00,105.0,26.0,0.0,0.0,0.0,0.0,601,230096,0.0,0.0,0.0,0.0,0.0,0.0,0.0,0.0,0.0,154.0.1,2,0,0,238.0,
2026-07-29T19:59:56+00:00,89.0,26.0,0.0,0.0,0.0,0.0,601,230396,0.0,0.0,0.0,0.0,0.0,0.0,0.0,0.0,0.0,154.0.1,2,0,0,-84.0,5.0
2026-07-29T20:04:56+00:00,46.0,26.0,0.0,0.0,0.0,0.0,601,230696,0.0,0.0,0.0,0.0,0.0,0.0,0.0,0.0,0.0,154.0.1,2,0,0,-181.0,-76.0
2026-07-29T20:09:56+00:00,47.5,26.0,0.0,0.0,0.0,0.0,601,230996,0.0,0.0,0.0,0.0,0.0,0.0,0.0,0.0,0.0,154.0.1,2,0,0,-186.0,-113.0
2026-07-29T20:14:56+00:00,92.0,25.7,0.0,0.0,0.0,0.0,601,231296,0.0,0.0,0.0,0.0,0.0,0.0,0.0,0.0,0.0,154.0.1,2,0,0,-215.0,-147.0
2026-07-29T20:19:57+00:00,45.0,25.7,0.0,0.0,0.0,0.0,601,231597,0.0,0.0,0.0,0.0,0.0,0.0,0.0,0.0,0.0,154.0.1,2,0,0,-187.0,-84.0
2026-07-29T20:24:56+00:00,76.0,25.7,0.0,0.0,0.0,0.0,601,231896,0.0,0.0,0.0,0.0,0.0,0.0,0.0,0.0,0.0,154.0.1,2,0,0,118.0,-181.0
2026-07-29T20:29:56+00:00,32.0,25.1,0.0,0.0,0.0,0.0,601,232196,0.0,0.0,0.0,0.0,0.0,0.0,0.0,0.0,0.0,154.0.1,2,0,0,,-186.0
2026-07-29T20:34:56+00:00,94.5,25.1,0.0,0.0,0.0,0.0,601,232496,0.0,0.0,0.0,0.0,0.0,0.0,0.0,0.0,0.0,154.0.1,2,0,0,-277.0,-215.0
2026-07-29T20:39:56+00:00,104.0,25.1,0.0,0.0,0.0,0.0,601,232796,0.0,0.0,0.0,0.0,0.0,0.0,0.0,0.0,0.0,154.0.1,2,0,0,6.0,-35.0
2026-07-29T20:44:56+00:00,-15.5,24.9,0.0,0.0,0.0,0.0,601,233096,0.0,0.0,0.0,0.0,0.0,0.0,0.0,0.0,0.0,154.0.1,2,0,0,89.0,403.0
2026-07-29T20:49:57+00:00,-7.0,24.9,0.0,0.0,0.0,0.0,601,233397,0.0,0.0,0.0,0.0,0.0,0.0,0.0,0.0,0.0,154.0.1,2,0,0,110.0,-136.0
2026-07-29T20:54:56+00:00,63.5,24.9,0.0,0.0,0.0,0.0,601,233696,0.0,0.0,0.0,0.0,0.0,0.0,0.0,0.0,0.0,154.0.1,2,0,0,-71.0,-411.0
2026-07-29T20:59:56+00:00,60.0,24.6,0.0,0.0,0.0,0.0,601,233996,0.0,0.0,0.0,0.0,0.0,0.0,0.0,0.0,0.0,154.0.1,2,0,0,,153.0
2026-07-29T21:04:56+00:00,-6.0,24.6,0.0,0.0,0.0,0.0,601,234296,0.0,0.0,0.0,0.0,0.0,0.0,0.0,0.0,0.0,154.0.1,2,0,0,68.0,-60.0
2026-07-29T21:09:57+00:00,28.0,24.6,0.0,0.0,0.0,0.0,601,234597,0.0,0.0,0.0,0.0,0.0,0.0,0.0,0.0,0.0,154.0.1,2,0,0,117.0,-252.0
2026-07-29T21:14:56+00:00,49.0,24.3,0.0,0.0,0.0,0.0,601,234896,0.0,0.0,0.0,0.0,0.0,0.0,0.0,0.0,0.0,154.0.1,2,0,0,-56.0,-71.0
2026-07-29T21:19:56+00:00,64.0,24.3,0.0,0.0,0.0,0.0,601,235196,0.0,0.0,0.0,0.0,0.0,0.0,0.0,0.0,0.0,154.0.1,2,0,0,,
2026-07-29T21:24:56+00:00,117.0,24.3,0.0,0.0,0.0,0.0,601,235496,0.0,0.0,0.0,0.0,0.0,0.0,0.0,0.0,0.0,154.0.1,2,0,0,-61.0,-107.0
2026-07-29T21:29:56+00:00,134.0,24.1,0.0,0.0,0.0,0.0,601,235796,0.0,0.0,0.0,0.0,0.0,0.0,0.0,0.0,0.0,154.0.1,2,0,0,-2.0,396.0
2026-07-29T21:34:56+00:00,162.5,24.1,0.0,0.0,0.0,0.0,601,236096,0.0,0.0,0.0,0.0,0.0,0.0,0.0,0.0,0.0,154.0.1,2,0,0,310.0,-68.0
2026-07-29T21:39:56+00:00,198.0,24.1,0.0,0.0,0.0,0.0,601,236396,0.0,0.0,0.0,0.0,0.0,0.0,0.0,0.0,0.0,154.0.1,2,0,0,84.0,
2026-07-29T21:44:56+00:00,127.0,24.0,0.0,0.0,0.0,0.0,601,236696,0.0,0.0,0.0,0.0,0.0,0.0,0.0,0.0,0.0,154.0.1,2,0,0,218.0,151.0
2026-07-29T21:49:57+00:00,186.5,24.0,0.0,0.0,0.0,0.0,601,236997,0.0,0.0,0.0,0.0,0.0,0.0,0.0,0.0,0.0,154.0.1,2,0,0,161.0,233.0
2026-07-29T21:54:57+00:00,141.0,24.0,0.0,0.0,0.0,0.0,601,237297,0.0,0.0,0.0,0.0,0.0,0.0,0.0,0.0,0.0,154.0.1,2,0,0,223.0,121.0
2026-07-29T21:59:57+00:00,91.0,23.8,0.0,0.0,0.0,0.0,601,237597,0.0,0.0,0.0,0.0,0.0,0.0,0.0,0.0,0.0,154.0.1,2,0,0,-11.0,84.0
2026-07-29T22:04:57+00:00,63.0,23.8,0.0,0.0,0.0,0.0,601,237897,0.0,0.0,0.0,0.0,0.0,0.0,0.0,0.0,0.0,154.0.1,2,0,0,238.0,218.0
2026-07-29T22:09:56+00:00,33.0,23.8,0.0,0.0,0.0,0.0,601,238196,0.0,0.0,0.0,0.0,0.0,0.0,0.0,0.0,0.0,154.0.1,2,0,0,,198.0
2026-07-29T22:14:57+00:00,47.0,23.6,0.0,0.0,0.0,0.0,601,238497,0.0,0.0,0.0,0.0,0.0,0.0,0.0,0.0,0.0,154.0.1,2,0,0,-49.0,218.0
2026-07-29T22:19:56+00:00,-46.0,23.6,0.0,0.0,0.0,0.0,601,238796,0.0,0.0,0.0,0.0,0.0,0.0,0.0,0.0,0.0,154.0.1,2,0,0,-27.0,
2026-07-29T22:24:57+00:00,-45.5,23.6,0.0,0.0,0.0,0.0,601,239097,0.0,0.0,0.0,0.0,0.0,0.0,0.0,0.0,0.0,154.0.1,2,0,0,45.0,-6.0
2026-07-29T22:29:56+00:00,76.0,23.6,0.0,0.0,0.0,0.0,601,239396,0.0,0.0,0.0,0.0,0.0,0.0,0.0,0.0,0.0,154.0.1,2,0,0,-98.0,
2026-07-29T22:34:56+00:00,81.0,23.6,0.0,0.0,0.0,0.0,601,239696,0.0,0.0,0.0,0.0,0.0,0.0,0.0,0.0,0.0,154.0.1,2,0,0,,
2026-07-29T22:39:56+00:00,82.0,23.6,0.0,0.0,0.0,0.0,601,239996,0.0,0.0,0.0,0.0,0.0,0.0,0.0,0.0,0.0,154.0.1,2,0,0,76.0,69.0
2026-07-29T22:44:57+00:00,-2.0,23.5,0.0,0.0,0.0,0.0,601,240297,0.0,0.0,0.0,0.0,0.0,0.0,0.0,0.0,0.0,154.0.1,2,0,0,-28.0,45.0
2026-07-29T22:49:57+00:00,-6.0,23.5,0.0,0.0,0.0,0.0,601,240597,0.0,0.0,0.0,0.0,0.0,0.0,0.0,0.0,0.0,154.0.1,2,0,0,-66.0,133.0
2026-07-29T22:54:57+00:00,-53.0,23.5,0.0,0.0,0.0,0.0,601,240897,0.0,0.0,0.0,0.0,0.0,0.0,0.0,0.0,0.0,154.0.1,2,0,0,183.0,-131.0
2026-07-29T22:59:56+00:00,-27.0,23.3,0.0,0.0,0.0,0.0,601,241196,0.0,0.0,0.0,0.0,0.0,0.0,0.0,0.0,0.0,154.0.1,2,0,0,,76.0
2026-07-29T23:04:56+00:00,-29.0,23.3,0.0,0.0,0.0,0.0,601,241496,0.0,0.0,0.0,0.0,0.0,0.0,0.0,0.0,0.0,154.0.1,2,0,0,,-55.0
2026-07-29T23:09:56+00:00,-14.0,23.3,0.0,0.0,0.0,0.0,601,241796,0.0,0.0,0.0,0.0,0.0,0.0,0.0,0.0,0.0,154.0.1,2,0,0,-84.0,145.0
2026-07-29T23:14:56+00:00,6.5,23.1,0.0,0.0,0.0,0.0,601,242096,0.0,0.0,0.0,0.0,0.0,0.0,0.0,0.0,0.0,154.0.1,2,0,0,92.0,
2026-07-29T23:19:56+00:00,43.0,23.1,0.0,0.0,0.0,0.0,601,242396,0.0,0.0,0.0,0.0,0.0,0.0,0.0,0.0,0.0,154.0.1,2,0,0,-81.0,
2026-07-29T23:24:56+00:00,45.0,23.1,0.0,0.0,0.0,0.0,601,242696,0.0,0.0,0.0,0.0,0.0,0.0,0.0,0.0,0.0,154.0.1,2,0,0,-75.0,
2026-07-29T23:29:57+00:00,11.0,23.1,0.0,0.0,0.0,0.0,601,242997,0.0,0.0,0.0,0.0,0.0,0.0,0.0,0.0,0.0,154.0.1,2,0,0,103.0,-84.0
2026-07-29T23:34:56+00:00,38.5,23.1,0.0,0.0,0.0,0.0,601,243296,0.0,0.0,0.0,0.0,0.0,0.0,0.0,0.0,0.0,154.0.1,2,0,0,360.0,-454.0
2026-07-29T23:39:56+00:00,-17.0,23.1,0.0,0.0,0.0,0.0,601,243596,0.0,0.0,0.0,0.0,0.0,0.0,0.0,0.0,0.0,154.0.1,2,0,0,,-81.0
2026-07-29T23:44:56+00:00,22.0,22.8,0.0,0.0,0.0,0.0,601,243896,0.0,0.0,0.0,0.0,0.0,0.0,0.0,0.0,0.0,154.0.1,2,0,0,85.0,58.0
2026-07-29T23:49:56+00:00,-9.0,22.8,0.0,0.0,0.0,0.0,601,244196,0.0,0.0,0.0,0.0,0.0,0.0,0.0,0.0,0.0,154.0.1,2,0,0,48.0,103.0
2026-07-29T23:54:56+00:00,96.5,22.8,0.0,0.0,0.0,0.0,601,244496,0.0,0.0,0.0,0.0,0.0,0.0,0.0,0.0,0.0,154.0.1,2,0,0,235.0,-180.0
2026-07-29T23:59:56+00:00,160.5,22.3,0.0,0.0,0.0,0.0,601,244796,0.0,0.0,0.0,0.0,0.0,0.0,0.0,0.0,0.0,154.0.1,2,0,0,212.0,
2026-07-30T00:04:56+00:00,132.0,22.3,0.0,0.0,0.0,0.0,601,245096,0.0,0.0,0.0,0.0,0.0,0.0,0.0,0.0,0.0,154.0.1,2,0,0,97.0,88.0
2026-07-30T00:09:56+00:00,147.0,22.3,0.0,0.0,0.0,0.0,601,245396,0.0,0.0,0.0,0.0,0.0,0.0,0.0,0.0,0.0,154.0.1,2,0,0,150.0,89.0
2026-07-30T00:14:56+00:00,207.0,21.7,0.0,0.0,0.0,0.0,601,245696,0.0,0.0,0.0,0.0,0.0,0.0,0.0,0.0,0.0,154.0.1,2,0,0,150.0,135.0
2026-07-30T00:19:56+00:00,201.0,21.7,0.0,0.0,0.0,0.0,601,245996,0.0,0.0,0.0,0.0,0.0,0.0,0.0,0.0,0.0,154.0.1,2,0,0,144.0,212.0
2026-07-30T00:24:56+00:00,199.0,21.7,0.0,0.0,0.0,0.0,601,246296,0.0,0.0,0.0,0.0,0.0,0.0,0.0,0.0,0.0,154.0.1,2,0,0,147.0,97.0
2026-07-30T00:29:56+00:00,280.0,21.4,0.0,0.0,0.0,0.0,601,246596,0.0,0.0,0.0,0.0,0.0,0.0,0.0,0.0,0.0,154.0.1,2,0,0,129.0,150.0
2026-07-30T00:34:56+00:00,231.0,21.4,0.0,0.0,0.0,0.0,601,246896,0.0,0.0,0.0,0.0,0.0,0.0,0.0,0.0,0.0,154.0.1,2,0,0,197.0,114.0
2026-07-30T00:39:56+00:00,226.0,21.4,0.0,0.0,0.0,0.0,601,247196,0.0,0.0,0.0,0.0,0.0,0.0,0.0,0.0,0.0,154.0.1,2,0,0,421.0,229.0
2026-07-30T00:44:56+00:00,206.0,21.0,0.0,0.0,0.0,0.0,601,247496,0.0,0.0,0.0,0.0,0.0,0.0,0.0,0.0,0.0,154.0.1,2,0,0,152.0,115.0
2026-07-30T00:49:56+00:00,121.0,21.0,0.0,0.0,0.0,0.0,601,247796,0.0,0.0,0.0,0.0,0.0,0.0,0.0,0.0,0.0,154.0.1,2,0,0,4.0,78.0
2026-07-30T00:54:56+00:00,129.5,21.0,0.0,0.0,0.0,0.0,601,248096,0.0,0.0,0.0,0.0,0.0,0.0,0.0,0.0,0.0,154.0.1,2,0,0,236.0,274.0
2026-07-30T00:59:57+00:00,176.0,20.6,0.0,0.0,0.0,0.0,601,248397,0.0,0.0,0.0,0.0,0.0,0.0,0.0,0.0,0.0,154.0.1,2,0,0,193.0,295.0
2026-07-30T01:04:56+00:00,212.0,20.6,0.0,0.0,0.0,0.0,601,248696,0.0,0.0,0.0,0.0,0.0,0.0,0.0,0.0,0.0,154.0.1,2,0,0,421.0,231.0
2026-07-30T01:09:56+00:00,181.0,20.6,0.0,0.0,0.0,0.0,601,248996,0.0,0.0,0.0,0.0,0.0,0.0,0.0,0.0,0.0,154.0.1,2,0,0,,4.0
2026-07-30T01:39:56+00:00,333.0,20.6,0.0,0.0,0.0,0.0,601,250796,0.0,0.0,0.0,0.0,0.0,0.0,0.0,0.0,0.0,154.0.1,2,0,0,,102.0
2026-07-30T01:44:56+00:00,157.0,20.5,0.0,0.0,0.0,0.0,601,251096,0.0,0.0,0.0,0.0,0.0,0.0,0.0,0.0,0.0,154.0.1,2,0,0,,
2026-07-30T01:49:56+00:00,279.5,20.5,0.0,0.0,0.0,0.0,601,251396,0.0,0.0,0.0,0.0,0.0,0.0,0.0,0.0,0.0,154.0.1,2,0,0,178.0,
2026-07-30T01:54:56+00:00,210.5,20.5,0.0,0.0,0.0,0.0,601,251696,0.0,0.0,0.0,0.0,0.0,0.0,0.0,0.0,0.0,154.0.1,2,0,0,409.0,
2026-07-30T01:59:56+00:00,297.0,20.2,0.0,0.0,0.0,0.0,601,251996,0.0,0.0,0.0,0.0,0.0,0.0,0.0,0.0,0.0,154.0.1,2,0,0,241.0,
2026-07-30T02:04:56+00:00,159.0,20.2,0.0,0.0,0.0,0.0,601,252296,0.0,0.0,0.0,0.0,0.0,0.0,0.0,0.0,0.0,154.0.1,2,0,0,48.0,
2026-07-30T02:09:56+00:00,46.0,20.2,0.0,0.0,0.0,0.0,601,252596,0.0,0.0,0.0,0.0,0.0,0.0,0.0,0.0,0.0,154.0.1,2,0,0,-129.0,-403.0
2026-07-30T02:14:55+00:00,201.0,20.0,0.0,0.0,0.0,0.0,601,252895,0.0,0.0,0.0,0.0,0.0,0.0,0.0,0.0,0.0,154.0.1,2,0,0,,
2026-07-30T02:19:55+00:00,126.0,20.0,0.0,0.0,0.0,0.0,601,253195,0.0,0.0,0.0,0.0,0.0,0.0,0.0,0.0,0.0,154.0.1,2,0,0,,
2026-07-30T02:24:55+00:00,58.0,20.0,0.0,0.0,0.0,0.0,601,253495,0.0,0.0,0.0,0.0,0.0,0.0,0.0,0.0,0.0,154.0.1,2,0,0,-198.0,
2026-07-30T02:29:55+00:00,173.0,19.9,0.0,0.0,0.0,0.0,601,253795,0.0,0.0,0.0,0.0,0.0,0.0,0.0,0.0,0.0,154.0.1,2,0,0,-436.0,
2026-07-30T02:34:55+00:00,87.0,19.9,0.0,0.0,0.0,0.0,601,254095,0.0,0.0,0.0,0.0,0.0,0.0,0.0,0.0,0.0,154.0.1,2,0,0,503.0,
2026-07-30T02:39:56+00:00,123.5,19.9,0.0,0.0,0.0,0.0,601,254396,0.0,0.0,0.0,0.0,0.0,0.0,0.0,0.0,0.0,154.0.1,2,0,0,-47.0,-145.0
2026-07-30T02:44:56+00:00,59.0,19.7,0.0,0.0,0.0,0.0,601,254696,0.0,0.0,0.0,0.0,0.0,0.0,0.0,0.0,0.0,154.0.1,2,0,0,138.0,-198.0
2026-07-30T02:49:56+00:00,124.5,19.7,0.0,0.0,0.0,0.0,601,254996,0.0,0.0,0.0,0.0,0.0,0.0,0.0,0.0,0.0,154.0.1,2,0,0,-77.0,-137.0
2026-07-30T02:54:55+00:00,164.0,19.7,0.0,0.0,0.0,0.0,601,255295,0.0,0.0,0.0,0.0,0.0,0.0,0.0,0.0,0.0,154.0.1,2,0,0,,158.0
2026-07-30T02:59:55+00:00,1.5,19.4,0.0,0.0,0.0,0.0,601,255595,0.0,0.0,0.0,0.0,0.0,0.0,0.0,0.0,0.0,154.0.1,2,0,0,,182.0
2026-07-30T03:04:55+00:00,136.0,19.4,0.0,0.0,0.0,0.0,601,255895,0.0,0.0,0.0,0.0,0.0,0.0,0.0,0.0,0.0,154.0.1,2,0,0,254.0,138.0
2026-07-30T03:09:56+00:00,153.0,19.4,0.0,0.0,0.0,0.0,601,256196,0.0,0.0,0.0,0.0,0.0,0.0,0.0,0.0,0.0,154.0.1,2,0,0,-80.0,288.0
2026-07-30T03:14:56+00:00,21.0,19.2,0.0,0.0,0.0,0.0,601,256496,0.0,0.0,0.0,0.0,0.0,0.0,0.0,0.0,0.0,154.0.1,2,0,0,329.0,-34.0
2026-07-30T03:19:56+00:00,47.5,19.2,0.0,0.0,0.0,0.0,601,256796,0.0,0.0,0.0,0.0,0.0,0.0,0.0,0.0,0.0,154.0.1,2,0,0,36.0,182.0
2026-07-30T03:24:55+00:00,85.0,19.2,0.0,0.0,0.0,0.0,601,257095,0.0,0.0,0.0,0.0,0.0,0.0,0.0,0.0,0.0,154.0.1,2,0,0,,-42.0
2026-07-30T03:29:55+00:00,77.5,18.8,0.0,0.0,0.0,0.0,601,257395,0.0,0.0,0.0,0.0,0.0,0.0,0.0,0.0,0.0,154.0.1,2,0,0,,238.0
2026-07-30T03:34:55+00:00,158.0,18.8,0.0,0.0,0.0,0.0,601,257695,0.0,0.0,0.0,0.0,0.0,0.0,0.0,0.0,0.0,154.0.1,2,0,0,487.0,184.0
2026-07-30T03:39:55+00:00,217.0,18.8,0.0,0.0,0.0,0.0,601,257995,0.0,0.0,0.0,0.0,0.0,0.0,0.0,0.0,0.0,154.0.1,2,0,0,214.0,
2026-07-30T03:44:56+00:00,190.0,18.7,0.0,0.0,0.0,0.0,601,258296,0.0,0.0,0.0,0.0,0.0,0.0,0.0,0.0,0.0,154.0.1,2,0,0,-435.0,-155.0
2026-07-30T03:49:55+00:00,273.0,18.7,0.0,0.0,0.0,0.0,601,258595,0.0,0.0,0.0,0.0,0.0,0.0,0.0,0.0,0.0,154.0.1,2,0,0,44.0,
2026-07-30T03:54:55+00:00,205.0,18.7,0.0,0.0,0.0,0.0,601,258895,0.0,0.0,0.0,0.0,0.0,0.0,0.0,0.0,0.0,154.0.1,2,0,0,,183.0
2026-07-30T03:59:55+00:00,227.0,18.5,0.0,0.0,0.0,0.0,601,259195,0.0,0.0,0.0,0.0,0.0,0.0,0.0,0.0,0.0,154.0.1,2,0,0,350.0,214.0
2026-07-30T04:04:55+00:00,363.0,18.5,0.0,0.0,0.0,0.0,601,259495,0.0,0.0,0.0,0.0,0.0,0.0,0.0,0.0,0.0,154.0.1,3,0,0,75.0,-545.0
2026-07-30T04:09:55+00:00,334.0,18.5,0.0,0.0,0.0,0.0,601,259795,0.0,0.0,0.0,0.0,0.0,0.0,0.0,0.0,0.0,154.0.1,3,0,0,408.0,281.0
2026-07-30T04:14:55+00:00,345.5,18.4,0.0,0.0,0.0,0.0,601,260095,0.0,0.0,0.0,0.0,0.0,0.0,0.0,0.0,0.0,154.0.1,3,0,0,249.0,
2026-07-30T04:19:55+00:00,235.0,18.4,0.0,0.0,0.0,0.0,601,260395,0.0,0.0,0.0,0.0,0.0,0.0,0.0,0.0,0.0,154.0.1,3,0,0,107.0,106.0
2026-07-30T04:24:55+00:00,130.0,18.4,0.0,0.0,0.0,0.0,601,260695,0.0,0.0,0.0,0.0,0.0,0.0,0.0,0.0,0.0,154.0.1,3,0,0,502.0,268.0
2026-07-30T04:29:56+00:00,127.5,18.3,0.0,0.0,0.0,0.0,601,260996,0.0,0.0,0.0,0.0,0.0,0.0,0.0,0.0,0.0,154.0.1,3,0,0,127.0,181.0
2026-07-30T04:34:55+00:00,31.0,18.5,0.0,0.0,0.0,0.0,601,261295,0.0,0.0,0.0,0.0,0.0,0.0,0.0,0.0,0.0,154.0.1,3,0,0,130.0,167.0
2026-07-30T04:39:55+00:00,51.0,18.5,0.0,0.0,0.0,0.0,601,261595,0.0,0.0,0.0,0.0,0.0,0.0,0.0,0.0,0.0,154.0.1,3,0,0,,193.0
2026-07-30T04:44:55+00:00,96.0,18.3,0.0,0.0,0.0,0.0,601,261895,0.0,0.0,0.0,0.0,0.0,0.0,0.0,0.0,0.0,154.0.1,3,0,0,31.0,131.0
2026-07-30T04:49:55+00:00,86.0,18.3,0.0,0.0,0.0,0.0,601,262195,0.0,0.0,0.0,0.0,0.0,0.0,0.0,0.0,0.0,154.0.1,3,0,0,101.0,551.0
2026-07-30T04:54:55+00:00,62.0,18.3,0.0,0.0,0.0,0.0,601,262495,0.0,0.0,0.0,0.0,0.0,0.0,0.0,0.0,0.0,154.0.1,3,0,0,121.0,-84.0
2026-07-30T04:59:55+00:00,26.0,18.3,0.0,0.0,0.0,0.0,601,262795,0.0,0.0,0.0,0.0,0.0,0.0,0.0,0.0,0.0,154.0.1,3,0,0,158.0,
2026-07-30T05:04:55+00:00,12.5,18.3,0.0,0.0,0.0,0.0,601,263095,0.0,0.0,0.0,0.0,0.0,0.0,0.0,0.0,0.0,154.0.1,3,0,0,212.0,-453.0
2026-07-30T05:09:55+00:00,5.5,18.3,0.0,0.0,0.0,0.0,601,263395,0.0,0.0,0.0,0.0,0.0,0.0,0.0,0.0,0.0,154.0.1,3,0,0,180.0,101.0
2026-07-30T05:14:56+00:00,268.0,18.1,0.0,0.0,0.0,0.0,601,263696,0.0,0.0,0.0,0.0,0.0,0.0,0.0,0.0,0.0,154.0.1,3,0,0,195.0,121.0
2026-07-30T05:19:55+00:00,320.0,18.1,0.0,0.0,0.0,0.0,601,263995,0.0,0.0,0.0,0.0,0.0,0.0,0.0,0.0,0.0,154.0.1,3,0,0,206.0,158.0
2026-07-30T05:24:55+00:00,292.0,18.1,0.0,0.0,0.0,0.0,601,264295,0.0,0.0,0.0,0.0,0.0,0.0,0.0,0.0,0.0,154.0.1,3,0,0,,212.0
2026-07-30T05:29:55+00:00,355.0,17.9,0.0,0.0,0.0,0.0,601,264595,0.0,0.0,0.0,0.0,0.0,0.0,0.0,0.0,0.0,154.0.1,3,0,0,320.0,180.0
2026-07-30T07:49:55+00:00,41.0,17.1,0.0,0.0,0.0,0.0,601,272995,0.0,0.0,0.0,0.0,0.0,0.0,0.0,0.0,0.0,154.0.1,3,0,0,,
2026-07-30T07:54:55+00:00,76.0,17.1,0.0,0.0,0.0,0.0,601,273295,0.0,0.0,0.0,0.0,0.0,0.0,0.0,0.0,0.0,154.0.1,3,0,0,,
2026-07-30T07:59:55+00:00,83.5,17.1,0.0,0.0,0.0,0.0,601,273595,0.0,0.0,0.0,0.0,0.0,0.0,0.0,0.0,0.0,154.0.1,3,0,0,41.0,
2026-07-30T08:04:55+00:00,47.0,17.1,0.0,0.0,0.0,0.0,601,273895,0.0,0.0,0.0,0.0,0.0,0.0,0.0,0.0,0.0,154.0.1,3,0,0,76.0,
2026-07-30T08:09:55+00:00,51.0,17.1,0.0,0.0,0.0,0.0,601,274195,0.0,0.0,0.0,0.0,0.0,0.0,0.0,0.0,0.0,154.0.1,3,0,0,188.0,
2026-07-30T08:14:55+00:00,-30.0,17.1,0.0,0.0,0.0,0.0,601,274495,0.0,0.0,0.0,0.0,0.0,0.0,0.0,0.0,0.0,154.0.1,3,0,0,137.0,
2026-07-30T08:19:55+00:00,-28.0,17.1,0.0,0.0,0.0,0.0,601,274795,0.0,0.0,0.0,0.0,0.0,0.0,0.0,0.0,0.0,154.0.1,3,0,0,-440.0,41.0
2026-07-30T08:24:55+00:00,-102.5,17.1,0.0,0.0,0.0,0.0,601,275095,0.0,0.0,0.0,0.0,0.0,0.0,0.0,0.0,0.0,154.0.1,3,0,0,-5.0,76.0
2026-07-30T08:29:55+00:00,-167.5,16.8,0.0,0.0,0.0,0.0,601,275395,0.0,0.0,0.0,0.0,0.0,0.0,0.0,0.0,0.0,154.0.1,3,0,0,-28.0,-21.0
2026-07-30T08:34:55+00:00,-34.0,16.8,0.0,0.0,0.0,0.0,601,275695,0.0,0.0,0.0,0.0,0.0,0.0,0.0,0.0,0.0,154.0.1,3,0,0,12.0,-440.0
2026-07-30T08:39:55+00:00,-42.0,16.8,0.0,0.0,0.0,0.0,601,275995,0.0,0.0,0.0,0.0,0.0,0.0,0.0,0.0,0.0,154.0.1,3,0,0,-158.0,51.0
2026-07-30T08:44:56+00:00,-39.0,16.7,0.0,0.0,0.0,0.0,601,276296,0.0,0.0,0.0,0.0,0.0,0.0,0.0,0.0,0.0,154.0.1,3,0,0,-184.0,-32.0
2026-07-30T08:49:56+00:00,-80.0,16.7,0.0,0.0,0.0,0.0,601,276596,0.0,0.0,0.0,0.0,0.0,0.0,0.0,0.0,0.0,154.0.1,3,0,0,-42.0,68.0
2026-07-30T08:54:56+00:00,-37.0,16.7,0.0,0.0,0.0,0.0,601,276896,0.0,0.0,0.0,0.0,0.0,0.0,0.0,0.0,0.0,154.0.1,3,0,0,30.0,12.0
2026-07-30T08:59:56+00:00,-15.0,16.7,0.0,0.0,0.0,0.0,601,277196,0.0,0.0,0.0,0.0,0.0,0.0,0.0,0.0,0.0,154.0.1,3,0,0,-102.0,57.0
2026-07-30T09:04:56+00:00,-41.0,16.7,0.0,0.0,0.0,0.0,601,277496,0.0,0.0,0.0,0.0,0.0,0.0,0.0,0.0,0.0,154.0.1,3,0,0,184.0,9.0
2026-07-30T09:09:56+00:00,-39.0,16.7,0.0,0.0,0.0,0.0,601,277796,0.0,0.0,0.0,0.0,0.0,0.0,0.0,0.0,0.0,154.0.1,3,0,0,162.0,-19.0
2026-07-30T09:14:56+00:00,-56.0,16.6,0.0,0.0,0.0,0.0,601,278096,0.0,0.0,0.0,0.0,0.0,0.0,0.0,0.0,0.0,154.0.1,3,0,0,94.0,-30.0
2026-07-30T09:19:56+00:00,-57.5,16.6,0.0,0.0,0.0,0.0,601,278396,0.0,0.0,0.0,0.0,0.0,0.0,0.0,0.0,0.0,154.0.1,3,0,0,35.0,112.0
2026-07-30T09:24:56+00:00,-59.0,16.6,0.0,0.0,0.0,0.0,601,278696,0.0,0.0,0.0,0.0,0.0,0.0,0.0,0.0,0.0,154.0.1,3,0,0,-43.0,184.0
2026-07-30T09:29:56+00:00,-25.0,16.7,0.0,0.0,0.0,0.0,601,278996,0.0,0.0,0.0,0.0,0.0,0.0,0.0,0.0,0.0,154.0.1,3,0,0,-127.0,162.0
2026-07-30T09:34:56+00:00,84.5,16.7,0.0,0.0,0.0,0.0,601,279296,0.0,0.0,0.0,0.0,0.0,0.0,0.0,0.0,0.0,154.0.1,3,0,0,-178.0,13.0
2026-07-30T09:39:56+00:00,72.5,16.7,0.0,0.0,0.0,0.0,601,279596,0.0,0.0,0.0,0.0,0.0,0.0,0.0,0.0,0.0,154.0.1,3,0,0,187.0,-39.0
2026-07-30T09:44:57+00:00,125.0,16.8,0.0,0.0,0.0,0.0,601,279897,0.0,0.0,0.0,0.0,0.0,0.0,0.0,0.0,0.0,154.0.1,3,0,0,179.0,-56.0
2026-07-30T09:49:56+00:00,109.5,16.8,0.0,0.0,0.0,0.0,601,280196,0.0,0.0,0.0,0.0,0.0,0.0,0.0,0.0,0.0,154.0.1,3,0,0,199.0,106.0
2026-07-30T09:54:56+00:00,157.0,16.8,0.0,0.0,0.0,0.0,601,280496,0.0,0.0,0.0,0.0,0.0,0.0,0.0,0.0,0.0,154.0.1,3,0,0,,-8.0
2026-07-30T09:59:56+00:00,148.0,16.8,0.0,0.0,0.0,0.0,601,280796,0.0,0.0,0.0,0.0,0.0,0.0,0.0,0.0,0.0,154.0.1,3,0,0,111.0,38.0
2026-07-30T10:04:56+00:00,115.0,16.8,0.0,0.0,0.0,0.0,601,281096,0.0,0.0,0.0,0.0,0.0,0.0,0.0,0.0,0.0,154.0.1,3,0,0,183.0,179.0
2026-07-30T10:09:56+00:00,105.0,16.8,0.0,0.0,0.0,0.0,601,281396,0.0,0.0,0.0,0.0,0.0,0.0,0.0,0.0,0.0,154.0.1,3,0,0,148.0,199.0
2026-07-30T10:14:56+00:00,104.0,16.7,0.0,0.0,0.0,0.0,601,281696,0.0,0.0,0.0,0.0,0.0,0.0,0.0,0.0,0.0,154.0.1,3,0,0,135.0,
2026-07-30T10:19:56+00:00,76.0,16.7,0.0,0.0,0.0,0.0,601,281996,0.0,0.0,0.0,0.0,0.0,0.0,0.0,0.0,0.0,154.0.1,3,0,0,104.0,134.0
2026-07-30T10:24:56+00:00,22.5,16.7,0.0,0.0,0.0,0.0,601,282296,0.0,0.0,0.0,0.0,0.0,0.0,0.0,0.0,0.0,154.0.1,3,0,0,-24.0,-409.0
2026-07-30T10:29:57+00:00,20.5,16.8,0.0,0.0,0.0,0.0,601,282597,0.0,0.0,0.0,0.0,0.0,0.0,0.0,0.0,0.0,154.0.1,3,0,0,59.0,148.0
2026-07-30T10:34:56+00:00,45.0,17.0,0.0,0.0,0.0,0.0,601,282896,0.0,0.0,0.0,0.0,0.0,0.0,0.0,0.0,0.0,154.0.1,3,0,0,45.0,135.0
2026-07-30T10:39:56+00:00,-23.0,17.0,0.0,0.0,0.0,0.0,601,283196,0.0,0.0,0.0,0.0,0.0,0.0,0.0,0.0,0.0,154.0.1,3,0,0,,104.0
2026-07-30T10:44:56+00:00,-38.0,17.2,0.0,0.0,0.0,0.0,601,283496,0.0,0.0,0.0,0.0,0.0,0.0,0.0,0.0,0.0,154.0.1,3,0,0,77.0,42.0
2026-07-30T10:49:57+00:00,62.0,17.2,0.0,0.0,0.0,0.0,601,283797,0.0,0.0,0.0,0.0,0.0,0.0,0.0,0.0,0.0,154.0.1,3,0,0,105.0,65.0
2026-07-30T10:54:57+00:00,8.0,17.2,0.0,0.0,0.0,0.0,601,284097,0.0,0.0,0.0,0.0,0.0,0.0,0.0,0.0,0.0,154.0.1,3,0,0,-38.0,-10.0
2026-07-30T10:59:56+00:00,51.5,17.5,0.0,0.0,0.0,0.0,601,284396,0.0,0.0,0.0,0.0,0.0,0.0,0.0,0.0,0.0,154.0.1,3,0,0,,
2026-07-30T11:04:56+00:00,29.5,17.5,0.0,0.0,0.0,0.0,601,284696,0.0,0.0,0.0,0.0,0.0,0.0,0.0,0.0,0.0,154.0.1,3,0,0,,-42.0
2026-07-30T11:09:57+00:00,37.0,17.5,0.0,0.0,0.0,0.0,601,284997,0.0,0.0,0.0,0.0,0.0,0.0,0.0,0.0,0.0,154.0.1,3,0,0,-188.0,-101.0
2026-07-30T11:14:56+00:00,55.0,17.9,0.0,0.0,0.0,0.0,601,285296,0.0,0.0,0.0,0.0,0.0,0.0,0.0,0.0,0.0,154.0.1,3,0,0,-440.0,60.0
2026-07-30T11:19:56+00:00,89.0,17.9,0.0,0.0,0.0,0.0,601,285596,0.0,0.0,0.0,0.0,0.0,0.0,0.0,0.0,0.0,154.0.1,3,0,0,,
2026-07-30T11:24:56+00:00,77.5,17.9,0.0,0.0,0.0,0.0,601,285896,0.0,0.0,0.0,0.0,0.0,0.0,0.0,0.0,0.0,154.0.1,3,0,0,62.0,
2026-07-30T11:29:56+00:00,71.0,18.2,0.0,0.0,0.0,0.0,601,286196,0.0,0.0,0.0,0.0,0.0,0.0,0.0,0.0,0.0,154.0.1,3,0,0,108.0,-440.0
2026-07-30T11:34:57+00:00,89.5,18.2,0.0,0.0,0.0,0.0,601,286497,0.0,0.0,0.0,0.0,0.0,0.0,0.0,0.0,0.0,154.0.1,3,0,0,97.0,-440.0
2026-07-30T11:39:56+00:00,92.0,18.2,0.0,0.0,0.0,0.0,601,286796,0.0,0.0,0.0,0.0,0.0,0.0,0.0,0.0,0.0,154.0.1,3,0,0,105.0,
2026-07-30T11:44:56+00:00,31.0,18.6,0.0,0.0,0.0,0.0,601,287096,0.0,0.0,0.0,0.0,0.0,0.0,0.0,0.0,0.0,154.0.1,3,0,0,,48.0
2026-07-30T11:49:57+00:00,36.0,18.6,0.0,0.0,0.0,0.0,601,287397,0.0,0.0,0.0,0.0,0.0,0.0,0.0,0.0,0.0,154.0.1,3,0,0,93.0,108.0
2026-07-30T11:54:56+00:00,37.5,18.6,0.0,0.0,0.0,0.0,601,287696,0.0,0.0,0.0,0.0,0.0,0.0,0.0,0.0,0.0,154.0.1,3,0,0,154.0,-192.0
2026-07-30T11:59:57+00:00,-49.0,19.0,0.0,0.0,0.0,0.0,601,287997,0.0,0.0,0.0,0.0,0.0,0.0,0.0,0.0,0.0,154.0.1,3,0,0,49.0,105.0
2026-07-30T12:04:57+00:00,-8.5,19.0,0.0,0.0,0.0,0.0,601,288297,0.0,0.0,0.0,0.0,0.0,0.0,0.0,0.0,0.0,154.0.1,3,0,0,77.0,86.0
2026-07-30T12:09:56+00:00,47.0,19.0,0.0,0.0,0.0,0.0,601,288596,0.0,0.0,0.0,0.0,0.0,0.0,0.0,0.0,0.0,154.0.1,3,0,0,,-10.0
2026-07-30T12:14:56+00:00,-18.5,19.5,0.0,0.0,0.0,0.0,601,288896,0.0,0.0,0.0,0.0,0.0,0.0,0.0,0.0,0.0,154.0.1,3,0,0,,43.0
2026-07-30T12:19:57+00:00,-27.0,19.5,0.0,0.0,0.0,0.0,601,289197,0.0,0.0,0.0,0.0,0.0,0.0,0.0,0.0,0.0,154.0.1,3,0,0,-61.0,60.0
2026-07-30T12:24:57+00:00,-90.0,19.5,0.0,0.0,0.0,0.0,601,289497,0.0,0.0,0.0,0.0,0.0,0.0,0.0,0.0,0.0,154.0.1,3,0,0,-26.0,58.0
2026-07-30T12:29:57+00:00,-85.0,20.0,0.0,0.0,0.0,0.0,601,289797,0.0,0.0,0.0,0.0,0.0,0.0,0.0,0.0,0.0,154.0.1,3,0,0,-256.0,-217.0
2026-07-30T12:34:57+00:00,-24.0,20.0,0.0,0.0,0.0,0.0,601,290097,0.0,0.0,0.0,0.0,0.0,0.0,0.0,0.0,0.0,154.0.1,3,0,0,-328.0,32.0
2026-07-30T12:39:56+00:00,-29.5,20.0,0.0,0.0,0.0,0.0,601,290396,0.0,0.0,0.0,0.0,0.0,0.0,0.0,0.0,0.0,154.0.1,3,0,0,,132.0
2026-07-30T12:44:57+00:00,-28.0,20.5,0.0,0.0,0.0,0.0,601,290697,0.0,0.0,0.0,0.0,0.0,0.0,0.0,0.0,0.0,154.0.1,3,0,0,31.0,22.0
2026-07-30T12:49:56+00:00,30.0,20.5,0.0,0.0,0.0,0.0,601,290996,0.0,0.0,0.0,0.0,0.0,0.0,0.0,0.0,0.0,154.0.1,3,0,0,213.0,
2026-07-30T12:54:57+00:00,51.5,20.5,0.0,0.0,0.0,0.0,601,291297,0.0,0.0,0.0,0.0,0.0,0.0,0.0,0.0,0.0,154.0.1,3,0,0,338.0,-158.0
2026-07-30T12:59:56+00:00,-32.0,21.0,0.0,0.0,0.0,0.0,601,291596,0.0,0.0,0.0,0.0,0.0,0.0,0.0,0.0,0.0,154.0.1,3,0,0,130.0,
2026-07-30T13:04:56+00:00,6.5,21.0,0.0,0.0,0.0,0.0,601,291896,0.0,0.0,0.0,0.0,0.0,0.0,0.0,0.0,0.0,154.0.1,3,0,0,,
2026-07-30T13:09:56+00:00,69.0,21.0,0.0,0.0,0.0,0.0,601,292196,0.0,0.0,0.0,0.0,0.0,0.0,0.0,0.0,0.0,154.0.1,3,0,0,267.0,200.0
2026-07-30T13:14:56+00:00,58.5,21.5,0.0,0.0,0.0,0.0,601,292496,0.0,0.0,0.0,0.0,0.0,0.0,0.0,0.0,0.0,154.0.1,3,0,0,49.0,
2026-07-30T13:19:57+00:00,69.5,21.7,0.0,0.0,0.0,0.0,601,292797,0.0,0.0,0.0,0.0,0.0,0.0,0.0,0.0,0.0,154.0.1,3,0,0,69.0,130.0
2026-07-30T13:24:56+00:00,35.5,21.7,0.0,0.0,0.0,0.0,601,293096,0.0,0.0,0.0,0.0,0.0,0.0,0.0,0.0,0.0,154.0.1,3,0,0,62.0,
2026-07-30T13:29:56+00:00,41.0,22.1,0.0,0.0,0.0,0.0,601,293396,0.0,0.0,0.0,0.0,0.0,0.0,0.0,0.0,0.0,154.0.1,3,0,0,,11.0
2026-07-30T13:34:56+00:00,18.0,22.1,0.0,0.0,0.0,0.0,601,293696,0.0,0.0,0.0,0.0,0.0,0.0,0.0,0.0,0.0,154.0.1,3,0,0,13.0,104.0
2026-07-30T13:39:56+00:00,-9.0,22.1,0.0,0.0,0.0,0.0,601,293996,0.0,0.0,0.0,0.0,0.0,0.0,0.0,0.0,0.0,154.0.1,3,0,0,41.0,-82.0
2026-07-30T13:44:56+00:00,43.0,22.7,0.0,0.0,0.0,0.0,601,294296,0.0,0.0,0.0,0.0,0.0,0.0,0.0,0.0,0.0,154.0.1,3,0,0,-60.0,62.0
2026-07-30T13:49:56+00:00,37.0,22.7,0.0,0.0,0.0,0.0,601,294596,0.0,0.0,0.0,0.0,0.0,0.0,0.0,0.0,0.0,154.0.1,3,0,0,-161.0,
2026-07-30T13:54:56+00:00,-2.0,22.7,0.0,0.0,0.0,0.0,601,294896,0.0,0.0,0.0,0.0,0.0,0.0,0.0,0.0,0.0,154.0.1,3,0,0,-11.0,35.0
2026-07-30T13:59:56+00:00,-9.5,23.0,0.0,0.0,0.0,0.0,601,295196,0.0,0.0,0.0,0.0,0.0,0.0,0.0,0.0,0.0,154.0.1,3,0,0,176.0,26.0
2026-07-30T14:04:56+00:00,70.0,23.0,0.0,0.0,0.0,0.0,601,295496,0.0,0.0,0.0,0.0,0.0,0.0,0.0,0.0,0.0,154.0.1,3,0,0,155.0,160.0
2026-07-30T14:09:56+00:00,109.0,23.0,0.0,0.0,0.0,0.0,601,295796,0.0,0.0,0.0,0.0,0.0,0.0,0.0,0.0,0.0,154.0.1,3,0,0,192.0,-9.0
2026-07-30T14:14:56+00:00,13.0,23.5,0.0,0.0,0.0,0.0,601,296096,0.0,0.0,0.0,0.0,0.0,0.0,0.0,0.0,0.0,154.0.1,3,0,0,169.0,38.0
2026-07-30T14:19:56+00:00,-17.5,23.5,0.0,0.0,0.0,0.0,601,296396,0.0,0.0,0.0,0.0,0.0,0.0,0.0,0.0,0.0,154.0.1,3,0,0,113.0,96.0
2026-07-30T14:24:56+00:00,62.0,23.5,0.0,0.0,0.0,0.0,601,296696,0.0,0.0,0.0,0.0,0.0,0.0,0.0,0.0,0.0,154.0.1,3,0,0,-96.0,-23.0
2026-07-30T14:29:56+00:00,40.0,23.9,0.0,0.0,0.0,0.0,601,296996,0.0,0.0,0.0,0.0,0.0,0.0,0.0,0.0,0.0,154.0.1,3,0,0,-373.0,192.0
2026-07-30T14:34:56+00:00,71.0,23.9,0.0,0.0,0.0,0.0,601,297296,0.0,0.0,0.0,0.0,0.0,0.0,0.0,0.0,0.0,154.0.1,3,0,0,-79.0,169.0
2026-07-30T14:39:56+00:00,6.0,23.9,0.0,0.0,0.0,0.0,601,297596,0.0,0.0,0.0,0.0,0.0,0.0,0.0,0.0,0.0,154.0.1,3,0,0,-193.0,-45.0
2026-07-30T14:44:56+00:00,-12.0,24.3,0.0,0.0,0.0,0.0,601,297896,0.0,0.0,0.0,0.0,0.0,0.0,0.0,0.0,0.0,154.0.1,3,0,0,202.0,-157.0
2026-07-30T14:49:56+00:00,-28.5,24.3,0.0,0.0,0.0,0.0,601,298196,0.0,0.0,0.0,0.0,0.0,0.0,0.0,0.0,0.0,154.0.1,3,0,0,-92.0,-373.0
2026-07-30T14:54:56+00:00,21.0,24.3,0.0,0.0,0.0,0.0,601,298496,0.0,0.0,0.0,0.0,0.0,0.0,0.0,0.0,0.0,154.0.1,3,0,0,174.0,56.0
2026-07-30T14:59:56+00:00,18.0,24.6,0.0,0.0,0.0,0.0,601,298796,0.0,0.0,0.0,0.0,0.0,0.0,0.0,0.0,0.0,154.0.1,3,0,0,-360.0,-109.0
2026-07-30T15:04:56+00:00,44.0,24.6,0.0,0.0,0.0,0.0,601,299096,0.0,0.0,0.0,0.0,0.0,0.0,0.0,0.0,0.0,154.0.1,3,0,0,347.0,226.0
2026-07-30T15:09:56+00:00,109.5,24.6,0.0,0.0,0.0,0.0,601,299396,0.0,0.0,0.0,0.0,0.0,0.0,0.0,0.0,0.0,154.0.1,3,0,0,27.0,-92.0
2026-07-30T15:14:56+00:00,116.0,25.0,0.0,0.0,0.0,0.0,601,299696,0.0,0.0,0.0,0.0,0.0,0.0,0.0,0.0,0.0,154.0.1,3,0,0,21.0,-18.0
2026-07-30T15:19:56+00:00,213.0,25.0,0.0,0.0,0.0,0.0,601,299996,0.0,0.0,0.0,0.0,0.0,0.0,0.0,0.0,0.0,154.0.1,3,0,0,171.0,-360.0
2026-07-30T15:24:56+00:00,190.5,25.0,0.0,0.0,0.0,0.0,601,300296,0.0,0.0,0.0,0.0,0.0,0.0,0.0,0.0,0.0,154.0.1,3,0,0,409.0,332.0
2026-07-30T15:29:56+00:00,178.0,25.2,0.0,0.0,0.0,0.0,601,300596,0.0,0.0,0.0,0.0,0.0,0.0,0.0,0.0,0.0,154.0.1,3,0,0,224.0,27.0
2026-07-30T15:34:56+00:00,111.0,25.2,0.0,0.0,0.0,0.0,601,300896,0.0,0.0,0.0,0.0,0.0,0.0,0.0,0.0,0.0,154.0.1,3,0,0,357.0,21.0
2026-07-30T15:39:56+00:00,216.0,25.2,0.0,0.0,0.0,0.0,601,301196,0.0,0.0,0.0,0.0,0.0,0.0,0.0,0.0,0.0,154.0.1,3,0,0,422.0,171.0
2026-07-30T15:44:56+00:00,148.0,25.4,0.0,0.0,0.0,0.0,601,301496,0.0,0.0,0.0,0.0,0.0,0.0,0.0,0.0,0.0,154.0.1,3,0,0,394.0,202.0
2026-07-30T15:49:56+00:00,152.0,25.4,0.0,0.0,0.0,0.0,601,301796,0.0,0.0,0.0,0.0,0.0,0.0,0.0,0.0,0.0,154.0.1,3,0,0,-45.0,224.0
2026-07-30T15:54:56+00:00,178.0,25.4,0.0,0.0,0.0,0.0,601,302096,0.0,0.0,0.0,0.0,0.0,0.0,0.0,0.0,0.0,154.0.1,3,0,0,465.0,357.0
2026-07-30T15:59:56+00:00,192.5,25.6,0.0,0.0,0.0,0.0,601,302396,0.0,0.0,0.0,0.0,0.0,0.0,0.0,0.0,0.0,154.0.1,3,0,0,573.0,511.0
2026-07-30T16:04:56+00:00,111.0,25.6,0.0,0.0,0.0,0.0,601,302696,0.0,0.0,0.0,0.0,0.0,0.0,0.0,0.0,0.0,154.0.1,3,0,0,477.0,394.0
2026-07-30T16:09:56+00:00,66.0,25.6,0.0,0.0,0.0,0.0,601,302996,0.0,0.0,0.0,0.0,0.0,0.0,0.0,0.0,0.0,154.0.1,3,0,0,473.0,309.0
2026-07-30T16:14:56+00:00,71.5,25.9,0.0,0.0,0.0,0.0,601,303296,0.0,0.0,0.0,0.0,0.0,0.0,0.0,0.0,0.0,154.0.1,3,0,0,-28.0,424.0
2026-07-30T16:19:56+00:00,53.0,25.9,0.0,0.0,0.0,0.0,601,303596,0.0,0.0,0.0,0.0,0.0,0.0,0.0,0.0,0.0,154.0.1,3,0,0,-58.0,466.0
2026-07-30T16:24:56+00:00,98.0,25.9,0.0,0.0,0.0,0.0,601,303896,0.0,0.0,0.0,0.0,0.0,0.0,0.0,0.0,0.0,154.0.1,3,0,0,54.0,-17.0
2026-07-30T16:29:56+00:00,108.0,26.1,0.0,0.0,0.0,0.0,601,304196,0.0,0.0,0.0,0.0,0.0,0.0,0.0,0.0,0.0,154.0.1,3,0,0,12.0,-67.0
2026-07-30T16:34:56+00:00,-2.0,26.1,0.0,0.0,0.0,0.0,601,304496,0.0,0.0,0.0,0.0,0.0,0.0,0.0,0.0,0.0,154.0.1,3,0,0,319.0,203.0
2026-07-30T16:39:56+00:00,81.0,26.1,0.0,0.0,0.0,0.0,601,304796,0.0,0.0,0.0,0.0,0.0,0.0,0.0,0.0,0.0,154.0.1,3,0,0,274.0,-82.0
2026-07-30T16:44:56+00:00,178.5,26.5,0.0,0.0,0.0,0.0,601,305096,0.0,0.0,0.0,0.0,0.0,0.0,0.0,0.0,0.0,154.0.1,3,0,0,-55.0,54.0
2026-07-30T16:49:56+00:00,130.0,26.5,0.0,0.0,0.0,0.0,601,305396,0.0,0.0,0.0,0.0,0.0,0.0,0.0,0.0,0.0,154.0.1,3,0,0,-84.0,12.0
2026-07-30T16:54:56+00:00,81.0,26.5,0.0,0.0,0.0,0.0,601,305696,0.0,0.0,0.0,0.0,0.0,0.0,0.0,0.0,0.0,154.0.1,3,0,0,-190.0,-129.0
2026-07-30T16:59:56+00:00,115.0,26.6,0.0,0.0,0.0,0.0,601,305996,0.0,0.0,0.0,0.0,0.0,0.0,0.0,0.0,0.0,154.0.1,3,0,0,226.0,-84.0
2026-07-30T17:04:56+00:00,194.0,26.6,0.0,0.0,0.0,0.0,601,306296,0.0,0.0,0.0,0.0,0.0,0.0,0.0,0.0,0.0,154.0.1,3,0,0,81.0,253.0
2026-07-30T17:09:56+00:00,186.5,26.6,0.0,0.0,0.0,0.0,601,306596,0.0,0.0,0.0,0.0,0.0,0.0,0.0,0.0,0.0,154.0.1,3,0,0,115.0,-84.0
2026-07-30T17:14:56+00:00,186.5,26.7,0.0,0.0,0.0,0.0,601,306896,0.0,0.0,0.0,0.0,0.0,0.0,0.0,0.0,0.0,154.0.1,3,0,0,96.0,219.0
2026-07-30T17:19:56+00:00,220.5,26.7,0.0,0.0,0.0,0.0,601,307196,0.0,0.0,0.0,0.0,0.0,0.0,0.0,0.0,0.0,154.0.1,3,0,0,161.0,226.0
2026-07-30T17:24:56+00:00,164.0,26.7,0.0,0.0,0.0,0.0,601,307496,0.0,0.0,0.0,0.0,0.0,0.0,0.0,0.0,0.0,154.0.1,3,0,0,76.0,193.0
2026-07-30T17:29:56+00:00,153.0,26.9,0.0,0.0,0.0,0.0,601,307796,0.0,0.0,0.0,0.0,0.0,0.0,0.0,0.0,0.0,154.0.1,3,0,0,151.0,115.0
2026-07-30T17:34:56+00:00,170.0,27.0,0.0,0.0,0.0,0.0,601,308096,0.0,0.0,0.0,0.0,0.0,0.0,0.0,0.0,0.0,154.0.1,3,0,0,164.0,-20.0
2026-07-30T17:39:57+00:00,219.0,27.0,0.0,0.0,0.0,0.0,601,308397,0.0,0.0,0.0,0.0,0.0,0.0,0.0,0.0,0.0,154.0.1,3,0,0,102.0,111.0
2026-07-30T17:44:56+00:00,126.0,27.2,0.0,0.0,0.0,0.0,601,308696,0.0,0.0,0.0,0.0,0.0,0.0,0.0,0.0,0.0,154.0.1,3,0,0,40.0,230.0
2026-07-30T17:49:56+00:00,229.0,27.2,0.0,0.0,0.0,0.0,601,308996,0.0,0.0,0.0,0.0,0.0,0.0,0.0,0.0,0.0,154.0.1,3,0,0,,251.0
2026-07-30T17:54:57+00:00,117.0,27.2,0.0,0.0,0.0,0.0,601,309297,0.0,0.0,0.0,0.0,0.0,0.0,0.0,0.0,0.0,154.0.1,3,0,0,42.0,50.0
2026-07-30T17:59:56+00:00,130.0,27.3,0.0,0.0,0.0,0.0,601,309596,0.0,0.0,0.0,0.0,0.0,0.0,0.0,0.0,0.0,154.0.1,3,0,0,79.0,102.0
2026-07-30T18:04:57+00:00,91.0,27.3,0.0,0.0,0.0,0.0,601,309897,0.0,0.0,0.0,0.0,0.0,0.0,0.0,0.0,0.0,154.0.1,3,0,0,117.0,40.0
2026-07-30T18:09:57+00:00,103.0,27.3,0.0,0.0,0.0,0.0,601,310197,0.0,0.0,0.0,0.0,0.0,0.0,0.0,0.0,0.0,154.0.1,3,0,0,136.0,-314.0
2026-07-30T18:14:57+00:00,120.0,27.4,0.0,0.0,0.0,0.0,601,310497,0.0,0.0,0.0,0.0,0.0,0.0,0.0,0.0,0.0,154.0.1,3,0,0,93.0,42.0
2026-07-30T18:19:56+00:00,126.0,27.4,0.0,0.0,0.0,0.0,601,310796,0.0,0.0,0.0,0.0,0.0,0.0,0.0,0.0,0.0,154.0.1,3,0,0,,79.0
2026-07-30T18:24:56+00:00,128.5,27.4,0.0,0.0,0.0,0.0,601,311096,0.0,0.0,0.0,0.0,0.0,0.0,0.0,0.0,0.0,154.0.1,3,0,0,,
2026-07-30T18:29:57+00:00,119.0,27.4,0.0,0.0,0.0,0.0,601,311397,0.0,0.0,0.0,0.0,0.0,0.0,0.0,0.0,0.0,154.0.1,3,0,0,235.0,130.0
2026-07-30T18:34:56+00:00,121.5,27.3,0.0,0.0,0.0,0.0,601,311696,0.0,0.0,0.0,0.0,0.0,0.0,0.0,0.0,0.0,154.0.1,3,0,0,97.0,
2026-07-30T18:39:56+00:00,35.0,27.3,0.0,0.0,0.0,0.0,601,311996,0.0,0.0,0.0,0.0,0.0,0.0,0.0,0.0,0.0,154.0.1,3,0,0,,
2026-07-30T18:44:56+00:00,66.5,27.5,0.0,0.0,0.0,0.0,601,312296,0.0,0.0,0.0,0.0,0.0,0.0,0.0,0.0,0.0,154.0.1,3,0,0,-49.0,
2026-07-30T18:49:56+00:00,90.0,27.5,0.0,0.0,0.0,0.0,601,312596,0.0,0.0,0.0,0.0,0.0,0.0,0.0,0.0,0.0,154.0.1,3,0,0,-55.0,14.0
2026-07-30T18:54:57+00:00,42.0,27.5,0.0,0.0,0.0,0.0,601,312897,0.0,0.0,0.0,0.0,0.0,0.0,0.0,0.0,0.0,154.0.1,3,0,0,-77.0,97.0
2026-07-30T18:59:56+00:00,44.0,27.6,0.0,0.0,0.0,0.0,601,313196,0.0,0.0,0.0,0.0,0.0,0.0,0.0,0.0,0.0,154.0.1,3,0,0,-6.0,
2026-07-30T19:04:57+00:00,111.0,27.6,0.0,0.0,0.0,0.0,601,313497,0.0,0.0,0.0,0.0,0.0,0.0,0.0,0.0,0.0,154.0.1,3,0,0,114.0,-49.0
2026-07-30T19:09:56+00:00,49.0,27.6,0.0,0.0,0.0,0.0,601,313796,0.0,0.0,0.0,0.0,0.0,0.0,0.0,0.0,0.0,154.0.1,3,0,0,-127.0,234.0
2026-07-30T19:14:56+00:00,59.0,27.7,0.0,0.0,0.0,0.0,601,314096,0.0,0.0,0.0,0.0,0.0,0.0,0.0,0.0,0.0,154.0.1,3,0,0,,-77.0
2026-07-30T19:19:56+00:00,99.0,27.7,0.0,0.0,0.0,0.0,601,314396,0.0,0.0,0.0,0.0,0.0,0.0,0.0,0.0,0.0,154.0.1,3,0,0,105.0,-6.0
2026-07-30T19:24:56+00:00,123.5,27.7,0.0,0.0,0.0,0.0,601,314696,0.0,0.0,0.0,0.0,0.0,0.0,0.0,0.0,0.0,154.0.1,3,0,0,-26.0,
2026-07-30T19:29:57+00:00,40.0,27.7,0.0,0.0,0.0,0.0,601,314997,0.0,0.0,0.0,0.0,0.0,0.0,0.0,0.0,0.0,154.0.1,3,0,0,-63.0,27.0
2026-07-30T19:34:57+00:00,8.5,27.7,0.0,0.0,0.0,0.0,601,315297,0.0,0.0,0.0,0.0,0.0,0.0,0.0,0.0,0.0,154.0.1,3,0,0,192.0,169.0
2026-07-30T19:39:57+00:00,29.0,27.7,0.0,0.0,0.0,0.0,601,315597,0.0,0.0,0.0,0.0,0.0,0.0,0.0,0.0,0.0,154.0.1,3,0,0,-120.0,472.0
2026-07-30T19:44:56+00:00,87.0,27.8,0.0,0.0,0.0,0.0,601,315896,0.0,0.0,0.0,0.0,0.0,0.0,0.0,0.0,0.0,154.0.1,3,0,0,,434.0
2026-07-30T19:49:57+00:00,116.5,27.8,0.0,0.0,0.0,0.0,601,316197,0.0,0.0,0.0,0.0,0.0,0.0,0.0,0.0,0.0,154.0.1,3,0,0,-475.0,243.0
2026-07-30T19:54:57+00:00,110.0,27.8,0.0,0.0,0.0,0.0,601,316497,0.0,0.0,0.0,0.0,0.0,0.0,0.0,0.0,0.0,154.0.1,3,0,0,110.0,163.0
2026-07-30T19:59:57+00:00,89.5,27.8,0.0,0.0,0.0,0.0,601,316797,0.0,0.0,0.0,0.0,0.0,0.0,0.0,0.0,0.0,154.0.1,3,0,0,370.0,-10.0
2026-07-30T20:04:57+00:00,163.5,27.8,0.0,0.0,0.0,0.0,601,317097,0.0,0.0,0.0,0.0,0.0,0.0,0.0,0.0,0.0,154.0.1,3,0,0,472.0,-475.0
2026-07-30T20:09:57+00:00,49.0,27.8,0.0,0.0,0.0,0.0,601,317397,0.0,0.0,0.0,0.0,0.0,0.0,0.0,0.0,0.0,154.0.1,3,0,0,272.0,13.0
2026-07-30T20:14:57+00:00,47.0,27.7,0.0,0.0,0.0,0.0,601,317697,0.0,0.0,0.0,0.0,0.0,0.0,0.0,0.0,0.0,154.0.1,3,0,0,226.0,164.0
2026-07-30T20:19:57+00:00,74.0,27.7,0.0,0.0,0.0,0.0,601,317997,0.0,0.0,0.0,0.0,0.0,0.0,0.0,0.0,0.0,154.0.1,3,0,0,309.0,370.0
2026-07-30T20:24:57+00:00,131.0,27.7,0.0,0.0,0.0,0.0,601,318297,0.0,0.0,0.0,0.0,0.0,0.0,0.0,0.0,0.0,154.0.1,3,0,0,339.0,299.0
2026-07-30T20:29:57+00:00,120.0,27.8,0.0,0.0,0.0,0.0,601,318597,0.0,0.0,0.0,0.0,0.0,0.0,0.0,0.0,0.0,154.0.1,3,0,0,224.0,592.0
2026-07-30T20:34:57+00:00,101.0,27.8,0.0,0.0,0.0,0.0,601,318897,0.0,0.0,0.0,0.0,0.0,0.0,0.0,0.0,0.0,154.0.1,3,0,0,111.0,262.0
2026-07-30T20:39:57+00:00,99.5,27.8,0.0,0.0,0.0,0.0,601,319197,0.0,0.0,0.0,0.0,0.0,0.0,0.0,0.0,0.0,154.0.1,3,0,0,133.0,186.0
2026-07-30T20:44:57+00:00,100.0,27.8,0.0,0.0,0.0,0.0,601,319497,0.0,0.0,0.0,0.0,0.0,0.0,0.0,0.0,0.0,154.0.1,3,0,0,349.0,215.0
2026-07-30T20:49:56+00:00,167.0,27.8,0.0,0.0,0.0,0.0,601,319796,0.0,0.0,0.0,0.0,0.0,0.0,0.0,0.0,0.0,154.0.1,3,0,0,,
2026-07-30T20:54:57+00:00,119.0,27.8,0.0,0.0,0.0,0.0,601,320097,0.0,0.0,0.0,0.0,0.0,0.0,0.0,0.0,0.0,154.0.1,3,0,0,3.0,89.0
2026-07-30T20:59:57+00:00,177.0,27.6,0.0,0.0,0.0,0.0,601,320397,0.0,0.0,0.0,0.0,0.0,0.0,0.0,0.0,0.0,154.0.1,3,0,0,372.0,217.0
2026-07-30T21:04:56+00:00,115.0,27.6,0.0,0.0,0.0,0.0,601,320696,0.0,0.0,0.0,0.0,0.0,0.0,0.0,0.0,0.0,154.0.1,3,0,0,,
2026-07-30T21:09:56+00:00,69.0,27.6,0.0,0.0,0.0,0.0,601,320996,0.0,0.0,0.0,0.0,0.0,0.0,0.0,0.0,0.0,154.0.1,3,0,0,,
2026-07-30T21:14:57+00:00,82.5,27.5,0.0,0.0,0.0,0.0,601,321297,0.0,0.0,0.0,0.0,0.0,0.0,0.0,0.0,0.0,154.0.1,3,0,0,490.0,276.0
2026-07-30T21:19:57+00:00,5.0,27.5,0.0,0.0,0.0,0.0,601,321597,0.0,0.0,0.0,0.0,0.0,0.0,0.0,0.0,0.0,154.0.1,3,0,0,79.0,393.0
2026-07-30T21:24:56+00:00,-20.0,27.5,0.0,0.0,0.0,0.0,601,321896,0.0,0.0,0.0,0.0,0.0,0.0,0.0,0.0,0.0,154.0.1,3,0,0,,
2026-07-30T21:29:57+00:00,42.0,27.2,0.0,0.0,0.0,0.0,601,322197,0.0,0.0,0.0,0.0,0.0,0.0,0.0,0.0,0.0,154.0.1,3,0,0,-192.0,185.0
2026-07-30T21:34:57+00:00,2.5,27.2,0.0,0.0,0.0,0.0,601,322497,0.0,0.0,0.0,0.0,0.0,0.0,0.0,0.0,0.0,154.0.1,3,0,0,-186.0,9.0
2026-07-30T21:39:56+00:00,2.0,27.2,0.0,0.0,0.0,0.0,601,322796,0.0,0.0,0.0,0.0,0.0,0.0,0.0,0.0,0.0,154.0.1,3,0,0,,79.0
2026-07-30T21:44:56+00:00,-60.0,27.0,0.0,0.0,0.0,0.0,601,323096,0.0,0.0,0.0,0.0,0.0,0.0,0.0,0.0,0.0,154.0.1,3,0,0,,
2026-07-30T21:49:57+00:00,-55.5,27.0,0.0,0.0,0.0,0.0,601,323397,0.0,0.0,0.0,0.0,0.0,0.0,0.0,0.0,0.0,154.0.1,3,0,0,-376.0,-192.0
2026-07-30T21:54:56+00:00,86.5,27.0,0.0,0.0,0.0,0.0,601,323696,0.0,0.0,0.0,0.0,0.0,0.0,0.0,0.0,0.0,154.0.1,3,0,0,191.0,-12.0
2026-07-30T21:59:57+00:00,96.0,26.6,0.0,0.0,0.0,0.0,601,323997,0.0,0.0,0.0,0.0,0.0,0.0,0.0,0.0,0.0,154.0.1,3,0,0,-148.0,-301.0
2026-07-30T22:04:57+00:00,114.0,26.6,0.0,0.0,0.0,0.0,601,324297,0.0,0.0,0.0,0.0,0.0,0.0,0.0,0.0,0.0,154.0.1,3,0,0,-172.0,-303.0
2026-07-30T22:09:57+00:00,86.0,26.6,0.0,0.0,0.0,0.0,601,324597,0.0,0.0,0.0,0.0,0.0,0.0,0.0,0.0,0.0,154.0.1,3,0,0,40.0,23.0
2026-07-30T22:14:56+00:00,142.5,26.5,0.0,0.0,0.0,0.0,601,324896,0.0,0.0,0.0,0.0,0.0,0.0,0.0,0.0,0.0,154.0.1,3,0,0,,-64.0
2026-07-30T22:19:57+00:00,157.5,26.5,0.0,0.0,0.0,0.0,601,325197,0.0,0.0,0.0,0.0,0.0,0.0,0.0,0.0,0.0,154.0.1,3,0,0,-26.0,-148.0
2026-07-30T22:24:58+00:00,137.0,26.5,0.0,0.0,0.0,0.0,601,325498,0.0,0.0,0.0,0.0,0.0,0.0,0.0,0.0,0.0,154.0.1,3,0,0,165.0,165.0
2026-07-30T22:29:57+00:00,140.0,26.4,0.0,0.0,0.0,0.0,601,325797,0.0,0.0,0.0,0.0,0.0,0.0,0.0,0.0,0.0,154.0.1,3,0,0,-7.0,-34.0
2026-07-30T22:34:56+00:00,74.5,26.5,0.0,0.0,0.0,0.0,601,326096,0.0,0.0,0.0,0.0,0.0,0.0,0.0,0.0,0.0,154.0.1,3,0,0,,
2026-07-30T22:39:56+00:00,21.5,26.5,0.0,0.0,0.0,0.0,601,326396,0.0,0.0,0.0,0.0,0.0,0.0,0.0,0.0,0.0,154.0.1,3,0,0,,
2026-07-30T22:44:57+00:00,106.0,26.3,0.0,0.0,0.0,0.0,601,326697,0.0,0.0,0.0,0.0,0.0,0.0,0.0,0.0,0.0,154.0.1,3,0,0,397.0,-11.0
2026-07-30T22:49:57+00:00,39.0,26.3,0.0,0.0,0.0,0.0,601,326997,0.0,0.0,0.0,0.0,0.0,0.0,0.0,0.0,0.0,154.0.1,3,0,0,304.0,187.0
2026-07-30T22:54:57+00:00,53.0,26.3,0.0,0.0,0.0,0.0,601,327297,0.0,0.0,0.0,0.0,0.0,0.0,0.0,0.0,0.0,154.0.1,3,0,0,-129.0,
2026-07-30T22:59:56+00:00,-13.0,26.0,0.0,0.0,0.0,0.0,601,327596,0.0,0.0,0.0,0.0,0.0,0.0,0.0,0.0,0.0,154.0.1,3,0,0,,
2026-07-30T23:04:56+00:00,-11.0,26.0,0.0,0.0,0.0,0.0,601,327896,0.0,0.0,0.0,0.0,0.0,0.0,0.0,0.0,0.0,154.0.1,3,0,0,,123.0
2026-07-30T23:09:56+00:00,-12.0,26.0,0.0,0.0,0.0,0.0,601,328196,0.0,0.0,0.0,0.0,0.0,0.0,0.0,0.0,0.0,154.0.1,3,0,0,48.0,149.0
2026-07-30T23:14:56+00:00,52.0,25.8,0.0,0.0,0.0,0.0,601,328496,0.0,0.0,0.0,0.0,0.0,0.0,0.0,0.0,0.0,154.0.1,3,0,0,12.0,
2026-07-30T23:19:56+00:00,97.0,25.8,0.0,0.0,0.0,0.0,601,328796,0.0,0.0,0.0,0.0,0.0,0.0,0.0,0.0,0.0,154.0.1,3,0,0,56.0,
2026-07-30T23:24:57+00:00,92.0,25.8,0.0,0.0,0.0,0.0,601,329097,0.0,0.0,0.0,0.0,0.0,0.0,0.0,0.0,0.0,154.0.1,3,0,0,-110.0,78.0
2026-07-30T23:29:56+00:00,113.5,25.4,0.0,0.0,0.0,0.0,601,329396,0.0,0.0,0.0,0.0,0.0,0.0,0.0,0.0,0.0,154.0.1,3,0,0,44.0,163.0
2026-07-30T23:34:57+00:00,174.0,25.3,0.0,0.0,0.0,0.0,601,329697,0.0,0.0,0.0,0.0,0.0,0.0,0.0,0.0,0.0,154.0.1,3,0,0,186.0,296.0
2026-07-30T23:39:56+00:00,85.0,25.3,0.0,0.0,0.0,0.0,601,329996,0.0,0.0,0.0,0.0,0.0,0.0,0.0,0.0,0.0,154.0.1,3,0,0,150.0,167.0
2026-07-30T23:44:56+00:00,111.0,24.9,0.0,0.0,0.0,0.0,601,330296,0.0,0.0,0.0,0.0,0.0,0.0,0.0,0.0,0.0,154.0.1,3,0,0,,-141.0
2026-07-30T23:49:56+00:00,66.5,24.9,0.0,0.0,0.0,0.0,601,330596,0.0,0.0,0.0,0.0,0.0,0.0,0.0,0.0,0.0,154.0.1,3,0,0,28.0,76.0
2026-07-30T23:54:56+00:00,138.0,24.9,0.0,0.0,0.0,0.0,601,330896,0.0,0.0,0.0,0.0,0.0,0.0,0.0,0.0,0.0,154.0.1,3,0,0,111.0,
2026-07-30T23:59:56+00:00,179.0,24.5,0.0,0.0,0.0,0.0,601,331196,0.0,0.0,0.0,0.0,0.0,0.0,0.0,0.0,0.0,154.0.1,3,0,0,183.0,131.0
2026-07-31T00:04:56+00:00,115.0,24.5,0.0,0.0,0.0,0.0,601,331496,0.0,0.0,0.0,0.0,0.0,0.0,0.0,0.0,0.0,154.0.1,3,0,0,168.0,
2026-07-31T00:09:56+00:00,108.0,24.5,0.0,0.0,0.0,0.0,601,331796,0.0,0.0,0.0,0.0,0.0,0.0,0.0,0.0,0.0,154.0.1,3,0,0,-3.0,85.0
2026-07-31T00:14:56+00:00,142.0,24.0,0.0,0.0,0.0,0.0,601,332096,0.0,0.0,0.0,0.0,0.0,0.0,0.0,0.0,0.0,154.0.1,3,0,0,115.0,111.0
2026-07-31T00:19:56+00:00,178.5,24.0,0.0,0.0,0.0,0.0,601,332396,0.0,0.0,0.0,0.0,0.0,0.0,0.0,0.0,0.0,154.0.1,3,0,0,128.0,183.0
2026-07-31T00:24:56+00:00,137.0,24.0,0.0,0.0,0.0,0.0,601,332696,0.0,0.0,0.0,0.0,0.0,0.0,0.0,0.0,0.0,154.0.1,3,0,0,142.0,116.0
2026-07-31T00:29:56+00:00,71.0,23.3,0.0,0.0,0.0,0.0,601,332996,0.0,0.0,0.0,0.0,0.0,0.0,0.0,0.0,0.0,154.0.1,3,0,0,192.0,170.0
2026-07-31T00:34:56+00:00,26.0,23.3,0.0,0.0,0.0,0.0,601,333296,0.0,0.0,0.0,0.0,0.0,0.0,0.0,0.0,0.0,154.0.1,3,0,0,33.0,183.0
2026-07-31T00:39:56+00:00,32.0,23.3,0.0,0.0,0.0,0.0,601,333596,0.0,0.0,0.0,0.0,0.0,0.0,0.0,0.0,0.0,154.0.1,3,0,0,307.0,225.0
2026-07-31T00:44:56+00:00,329.0,22.7,0.0,0.0,0.0,0.0,601,333896,0.0,0.0,0.0,0.0,0.0,0.0,0.0,0.0,0.0,154.0.1,3,0,0,192.0,226.0
2026-07-31T00:49:56+00:00,326.0,22.7,0.0,0.0,0.0,0.0,601,334196,0.0,0.0,0.0,0.0,0.0,0.0,0.0,0.0,0.0,154.0.1,3,0,0,417.0,234.0
2026-07-31T00:54:56+00:00,149.0,22.7,0.0,0.0,0.0,0.0,601,334496,0.0,0.0,0.0,0.0,0.0,0.0,0.0,0.0,0.0,154.0.1,3,0,0,-55.0,81.0
2026-07-31T00:59:56+00:00,72.0,22.4,0.0,0.0,0.0,0.0,601,334796,0.0,0.0,0.0,0.0,0.0,0.0,0.0,0.0,0.0,154.0.1,3,0,0,218.0,230.0
2026-07-31T01:04:56+00:00,156.0,22.4,0.0,0.0,0.0,0.0,601,335096,0.0,0.0,0.0,0.0,0.0,0.0,0.0,0.0,0.0,154.0.1,3,0,0,14.0,-22.0
2026-07-31T01:09:56+00:00,195.0,22.4,0.0,0.0,0.0,0.0,601,335396,0.0,0.0,0.0,0.0,0.0,0.0,0.0,0.0,0.0,154.0.1,3,0,0,489.0,60.0
2026-07-31T01:14:56+00:00,121.0,22.0,0.0,0.0,0.0,0.0,601,335696,0.0,0.0,0.0,0.0,0.0,0.0,0.0,0.0,0.0,154.0.1,3,0,0,-451.0,473.0
2026-07-31T01:19:56+00:00,195.0,22.3,0.0,0.0,0.0,0.0,601,335996,0.0,0.0,0.0,0.0,0.0,0.0,0.0,0.0,0.0,154.0.1,3,0,0,99.0,69.0
2026-07-31T01:24:56+00:00,250.0,22.3,0.0,0.0,0.0,0.0,601,336296,0.0,0.0,0.0,0.0,0.0,0.0,0.0,0.0,0.0,154.0.1,3,0,0,215.0,432.0
2026-07-31T01:29:56+00:00,161.0,22.0,0.0,0.0,0.0,0.0,601,336596,0.0,0.0,0.0,0.0,0.0,0.0,0.0,0.0,0.0,154.0.1,3,0,0,-444.0,16.0
2026-07-31T01:34:56+00:00,199.5,22.0,0.0,0.0,0.0,0.0,601,336896,0.0,0.0,0.0,0.0,0.0,0.0,0.0,0.0,0.0,154.0.1,3,0,0,110.0,285.0
2026-07-31T01:39:56+00:00,130.5,22.0,0.0,0.0,0.0,0.0,601,337196,0.0,0.0,0.0,0.0,0.0,0.0,0.0,0.0,0.0,154.0.1,3,0,0,113.0,99.0
2026-07-31T01:44:56+00:00,160.5,21.7,0.0,0.0,0.0,0.0,601,337496,0.0,0.0,0.0,0.0,0.0,0.0,0.0,0.0,0.0,154.0.1,3,0,0,156.0,121.0
2026-07-31T01:49:57+00:00,205.0,21.7,0.0,0.0,0.0,0.0,601,337797,0.0,0.0,0.0,0.0,0.0,0.0,0.0,0.0,0.0,154.0.1,3,0,0,-470.0,187.0
2026-07-31T01:54:56+00:00,168.0,21.7,0.0,0.0,0.0,0.0,601,338096,0.0,0.0,0.0,0.0,0.0,0.0,0.0,0.0,0.0,154.0.1,3,0,0,221.0,253.0
2026-07-31T01:59:56+00:00,213.0,21.5,0.0,0.0,0.0,0.0,601,338396,0.0,0.0,0.0,0.0,0.0,0.0,0.0,0.0,0.0,154.0.1,3,0,0,,59.0
2026-07-31T02:04:56+00:00,41.0,21.5,0.0,0.0,0.0,0.0,601,338696,0.0,0.0,0.0,0.0,0.0,0.0,0.0,0.0,0.0,154.0.1,3,0,0,166.0,41.0
2026-07-31T02:09:56+00:00,137.5,21.5,0.0,0.0,0.0,0.0,601,338996,0.0,0.0,0.0,0.0,0.0,0.0,0.0,0.0,0.0,154.0.1,3,0,0,277.0,160.0
2026-07-31T02:14:56+00:00,158.5,21.4,0.0,0.0,0.0,0.0,601,339296,0.0,0.0,0.0,0.0,0.0,0.0,0.0,0.0,0.0,154.0.1,3,0,0,376.0,-470.0
2026-07-31T02:19:56+00:00,112.0,21.4,0.0,0.0,0.0,0.0,601,339596,0.0,0.0,0.0,0.0,0.0,0.0,0.0,0.0,0.0,154.0.1,3,0,0,-346.0,
2026-07-31T02:24:56+00:00,137.0,21.4,0.0,0.0,0.0,0.0,601,339896,0.0,0.0,0.0,0.0,0.0,0.0,0.0,0.0,0.0,154.0.1,3,0,0,176.0,200.0
2026-07-31T02:29:56+00:00,130.5,21.2,0.0,0.0,0.0,0.0,601,340196,0.0,0.0,0.0,0.0,0.0,0.0,0.0,0.0,0.0,154.0.1,3,0,0,71.0,56.0
2026-07-31T02:34:57+00:00,191.0,21.2,0.0,0.0,0.0,0.0,601,340497,0.0,0.0,0.0,0.0,0.0,0.0,0.0,0.0,0.0,154.0.1,3,0,0,53.0,-346.0
2026-07-31T02:39:56+00:00,171.0,21.2,0.0,0.0,0.0,0.0,601,340796,0.0,0.0,0.0,0.0,0.0,0.0,0.0,0.0,0.0,154.0.1,3,0,0,140.0,-346.0
2026-07-31T02:44:56+00:00,111.5,21.0,0.0,0.0,0.0,0.0,601,341096,0.0,0.0,0.0,0.0,0.0,0.0,0.0,0.0,0.0,154.0.1,3,0,0,,430.0
2026-07-31T02:49:56+00:00,89.5,21.0,0.0,0.0,0.0,0.0,601,341396,0.0,0.0,0.0,0.0,0.0,0.0,0.0,0.0,0.0,154.0.1,3,0,0,210.0,492.0
2026-07-31T02:54:56+00:00,160.0,21.0,0.0,0.0,0.0,0.0,601,341696,0.0,0.0,0.0,0.0,0.0,0.0,0.0,0.0,0.0,154.0.1,3,0,0,111.0,53.0
2026-07-31T02:59:56+00:00,131.0,20.8,0.0,0.0,0.0,0.0,601,341996,0.0,0.0,0.0,0.0,0.0,0.0,0.0,0.0,0.0,154.0.1,3,0,0,98.0,90.0
2026-07-31T03:04:56+00:00,96.0,20.8,0.0,0.0,0.0,0.0,601,342296,0.0,0.0,0.0,0.0,0.0,0.0,0.0,0.0,0.0,154.0.1,3,0,0,203.0,
2026-07-31T03:09:56+00:00,124.0,20.8,0.0,0.0,0.0,0.0,601,342596,0.0,0.0,0.0,0.0,0.0,0.0,0.0,0.0,0.0,154.0.1,3,0,0,-40.0,-11.0
2026-07-31T03:14:56+00:00,101.0,20.6,0.0,0.0,0.0,0.0,601,342896,0.0,0.0,0.0,0.0,0.0,0.0,0.0,0.0,0.0,154.0.1,3,0,0,-10.0,524.0
2026-07-31T03:19:56+00:00,99.0,20.6,0.0,0.0,0.0,0.0,601,343196,0.0,0.0,0.0,0.0,0.0,0.0,0.0,0.0,0.0,154.0.1,3,0,0,326.0,586.0
2026-07-31T03:24:56+00:00,110.5,20.6,0.0,0.0,0.0,0.0,601,343496,0.0,0.0,0.0,0.0,0.0,0.0,0.0,0.0,0.0,154.0.1,3,0,0,-96.0,170.0
2026-07-31T03:29:56+00:00,117.5,19.7,0.0,0.0,0.0,0.0,601,343796,0.0,0.0,0.0,0.0,0.0,0.0,0.0,0.0,0.0,154.0.1,3,0,0,-95.0,-362.0
2026-07-31T03:34:56+00:00,26.0,19.7,0.0,0.0,0.0,0.0,601,344096,0.0,0.0,0.0,0.0,0.0,0.0,0.0,0.0,0.0,154.0.1,3,0,0,128.0,341.0
2026-07-31T03:39:56+00:00,-9.5,19.7,0.0,0.0,0.0,0.0,601,344396,0.0,0.0,0.0,0.0,0.0,0.0,0.0,0.0,0.0,154.0.1,3,0,0,94.0,102.0
2026-07-31T03:44:56+00:00,113.0,19.5,0.0,0.0,0.0,0.0,601,344696,0.0,0.0,0.0,0.0,0.0,0.0,0.0,0.0,0.0,154.0.1,3,0,0,114.0,-19.0
2026-07-31T03:49:56+00:00,110.0,19.5,0.0,0.0,0.0,0.0,601,344996,0.0,0.0,0.0,0.0,0.0,0.0,0.0,0.0,0.0,154.0.1,3,0,0,-90.0,411.0
2026-07-31T03:54:56+00:00,208.0,19.5,0.0,0.0,0.0,0.0,601,345296,0.0,0.0,0.0,0.0,0.0,0.0,0.0,0.0,0.0,154.0.1,3,0,0,254.0,447.0
2026-07-31T03:59:56+00:00,139.0,19.3,0.0,0.0,0.0,0.0,601,345596,0.0,0.0,0.0,0.0,0.0,0.0,0.0,0.0,0.0,154.0.1,3,0,0,-384.0,141.0
2026-07-31T04:04:56+00:00,361.0,19.3,0.0,0.0,0.0,0.0,601,345896,0.0,0.0,0.0,0.0,0.0,0.0,0.0,0.0,0.0,154.0.1,4,0,0,271.0,-343.0
2026-07-31T04:09:56+00:00,397.0,19.3,0.0,0.0,0.0,0.0,601,346196,0.0,0.0,0.0,0.0,0.0,0.0,0.0,0.0,0.0,154.0.1,4,0,0,21.0,-28.0
2026-07-31T04:14:56+00:00,424.0,19.2,0.0,0.0,0.0,0.0,601,346496,0.0,0.0,0.0,0.0,0.0,0.0,0.0,0.0,0.0,154.0.1,4,0,0,385.0,208.0
2026-07-31T04:19:56+00:00,301.0,19.2,0.0,0.0,0.0,0.0,601,346796,0.0,0.0,0.0,0.0,0.0,0.0,0.0,0.0,0.0,154.0.1,4,0,0,15.0,-384.0
2026-07-31T04:24:56+00:00,87.5,19.2,0.0,0.0,0.0,0.0,601,347096,0.0,0.0,0.0,0.0,0.0,0.0,0.0,0.0,0.0,154.0.1,4,0,0,114.0,16.0
2026-07-31T04:29:56+00:00,84.5,19.2,0.0,0.0,0.0,0.0,601,347396,0.0,0.0,0.0,0.0,0.0,0.0,0.0,0.0,0.0,154.0.1,4,0,0,-29.0,1.0
2026-07-31T04:34:56+00:00,-13.0,19.0,0.0,0.0,0.0,0.0,601,347696,0.0,0.0,0.0,0.0,0.0,0.0,0.0,0.0,0.0,154.0.1,4,0,0,-64.0,-44.0
2026-07-31T04:39:56+00:00,69.0,19.0,0.0,0.0,0.0,0.0,601,347996,0.0,0.0,0.0,0.0,0.0,0.0,0.0,0.0,0.0,154.0.1,4,0,0,-44.0,397.0
2026-07-31T04:44:56+00:00,59.0,19.0,0.0,0.0,0.0,0.0,601,348296,0.0,0.0,0.0,0.0,0.0,0.0,0.0,0.0,0.0,154.0.1,4,0,0,-143.0,-27.0
2026-07-31T04:49:56+00:00,110.5,19.0,0.0,0.0,0.0,0.0,601,348596,0.0,0.0,0.0,0.0,0.0,0.0,0.0,0.0,0.0,154.0.1,4,0,0,170.0,556.0
2026-07-31T04:54:56+00:00,138.5,19.0,0.0,0.0,0.0,0.0,601,348896,0.0,0.0,0.0,0.0,0.0,0.0,0.0,0.0,0.0,154.0.1,4,0,0,174.0,-33.0
2026-07-31T04:59:56+00:00,145.5,18.9,0.0,0.0,0.0,0.0,601,349196,0.0,0.0,0.0,0.0,0.0,0.0,0.0,0.0,0.0,154.0.1,4,0,0,193.0,-44.0
2026-07-31T05:04:56+00:00,229.0,18.9,0.0,0.0,0.0,0.0,601,349496,0.0,0.0,0.0,0.0,0.0,0.0,0.0,0.0,0.0,154.0.1,4,0,0,252.0,-305.0
2026-07-31T05:09:56+00:00,176.5,18.9,0.0,0.0,0.0,0.0,601,349796,0.0,0.0,0.0,0.0,0.0,0.0,0.0,0.0,0.0,154.0.1,4,0,0,262.0,170.0
2026-07-31T05:19:50+00:00,371.0,18.9,0.0,0.0,0.0,0.0,601,350390,0.0,0.0,0.0,0.0,0.0,0.0,0.0,0.0,0.0,154.0.1,4,0,0,,
2026-07-31T05:24:50+00:00,370.0,18.9,0.0,0.0,0.0,0.0,601,350690,0.0,0.0,0.0,0.0,0.0,0.0,0.0,0.0,0.0,154.0.1,4,0,0,,
2026-07-31T05:29:50+00:00,435.0,18.8,0.0,0.0,0.0,0.0,601,350990,0.0,0.0,0.0,0.0,0.0,0.0,0.0,0.0,0.0,154.0.1,4,0,0,371.0,
2026-07-31T07:49:50+00:00,-68.0,18.0,0.0,0.0,0.0,0.0,601,359390,0.0,0.0,0.0,0.0,0.0,0.0,0.0,0.0,0.0,154.0.1,4,0,0,,
2026-07-31T07:54:50+00:00,-10.0,18.0,0.0,0.0,0.0,0.0,601,359690,0.0,0.0,0.0,0.0,0.0,0.0,0.0,0.0,0.0,154.0.1,4,0,0,,
2026-07-31T07:59:50+00:00,-85.0,17.9,0.0,0.0,0.0,0.0,601,359990,0.0,0.0,0.0,0.0,0.0,0.0,0.0,0.0,0.0,154.0.1,4,0,0,-68.0,
2026-07-31T08:04:50+00:00,-33.0,17.9,0.0,0.0,0.0,0.0,601,360290,0.0,0.0,0.0,0.0,0.0,0.0,0.0,0.0,0.0,154.0.1,4,0,0,-9.0,
2026-07-31T08:09:50+00:00,-38.0,17.9,0.0,0.0,0.0,0.0,601,360590,0.0,0.0,0.0,0.0,0.0,0.0,0.0,0.0,0.0,154.0.1,4,0,0,-84.0,
2026-07-31T08:14:50+00:00,-25.5,17.8,0.0,0.0,0.0,0.0,601,360890,0.0,0.0,0.0,0.0,0.0,0.0,0.0,0.0,0.0,154.0.1,4,0,0,-101.0,
2026-07-31T08:19:50+00:00,-43.0,17.8,0.0,0.0,0.0,0.0,601,361190,0.0,0.0,0.0,0.0,0.0,0.0,0.0,0.0,0.0,154.0.1,4,0,0,3.0,-68.0
2026-07-31T08:24:50+00:00,-20.5,17.8,0.0,0.0,0.0,0.0,601,361490,0.0,0.0,0.0,0.0,0.0,0.0,0.0,0.0,0.0,154.0.1,4,0,0,-28.0,-9.0
2026-07-31T08:29:50+00:00,-53.5,17.4,0.0,0.0,0.0,0.0,601,361790,0.0,0.0,0.0,0.0,0.0,0.0,0.0,0.0,0.0,154.0.1,4,0,0,-63.0,-84.0
2026-07-31T08:34:50+00:00,-78.0,17.4,0.0,0.0,0.0,0.0,601,362090,0.0,0.0,0.0,0.0,0.0,0.0,0.0,0.0,0.0,154.0.1,4,0,0,-158.0,-101.0
2026-07-31T08:39:50+00:00,-86.5,17.4,0.0,0.0,0.0,0.0,601,362390,0.0,0.0,0.0,0.0,0.0,0.0,0.0,0.0,0.0,154.0.1,4,0,0,-67.0,3.0
2026-07-31T08:44:50+00:00,-75.0,17.3,0.0,0.0,0.0,0.0,601,362690,0.0,0.0,0.0,0.0,0.0,0.0,0.0,0.0,0.0,154.0.1,4,0,0,-10.0,59.0
2026-07-31T08:49:50+00:00,-96.5,17.3,0.0,0.0,0.0,0.0,601,362990,0.0,0.0,0.0,0.0,0.0,0.0,0.0,0.0,0.0,154.0.1,4,0,0,-150.0,-23.0
2026-07-31T08:54:51+00:00,-40.0,17.3,0.0,0.0,0.0,0.0,601,363291,0.0,0.0,0.0,0.0,0.0,0.0,0.0,0.0,0.0,154.0.1,4,0,0,-74.0,-18.0
2026-07-31T08:59:51+00:00,-131.0,17.1,0.0,0.0,0.0,0.0,601,363591,0.0,0.0,0.0,0.0,0.0,0.0,0.0,0.0,0.0,154.0.1,4,0,0,-398.0,-67.0
2026-07-31T09:04:51+00:00,-63.0,17.1,0.0,0.0,0.0,0.0,601,363891,0.0,0.0,0.0,0.0,0.0,0.0,0.0,0.0,0.0,154.0.1,4,0,0,-40.0,-10.0
2026-07-31T09:09:51+00:00,-17.0,17.1,0.0,0.0,0.0,0.0,601,364191,0.0,0.0,0.0,0.0,0.0,0.0,0.0,0.0,0.0,154.0.1,4,0,0,59.0,-150.0
2026-07-31T09:14:51+00:00,-18.5,16.8,0.0,0.0,0.0,0.0,601,364491,0.0,0.0,0.0,0.0,0.0,0.0,0.0,0.0,0.0,154.0.1,4,0,0,58.0,-74.0
2026-07-31T09:19:51+00:00,-18.0,16.8,0.0,0.0,0.0,0.0,601,364791,0.0,0.0,0.0,0.0,0.0,0.0,0.0,0.0,0.0,154.0.1,4,0,0,-17.0,-275.0
2026-07-31T09:24:51+00:00,-17.0,16.8,0.0,0.0,0.0,0.0,601,365091,0.0,0.0,0.0,0.0,0.0,0.0,0.0,0.0,0.0,154.0.1,4,0,0,-31.0,85.0
2026-07-31T09:29:51+00:00,12.0,16.1,0.0,0.0,0.0,0.0,601,365391,0.0,0.0,0.0,0.0,0.0,0.0,0.0,0.0,0.0,154.0.1,4,0,0,16.0,59.0
2026-07-31T09:34:51+00:00,-17.0,16.1,0.0,0.0,0.0,0.0,601,365691,0.0,0.0,0.0,0.0,0.0,0.0,0.0,0.0,0.0,154.0.1,4,0,0,6.0,58.0
2026-07-31T09:39:51+00:00,52.0,16.1,0.0,0.0,0.0,0.0,601,365991,0.0,0.0,0.0,0.0,0.0,0.0,0.0,0.0,0.0,154.0.1,4,0,0,88.0,-21.0
2026-07-31T09:44:51+00:00,27.0,15.9,0.0,0.0,0.0,0.0,601,366291,0.0,0.0,0.0,0.0,0.0,0.0,0.0,0.0,0.0,154.0.1,4,0,0,-18.0,-31.0
2026-07-31T09:49:51+00:00,73.0,15.9,0.0,0.0,0.0,0.0,601,366591,0.0,0.0,0.0,0.0,0.0,0.0,0.0,0.0,0.0,154.0.1,4,0,0,218.0,188.0
2026-07-31T09:54:51+00:00,32.0,15.9,0.0,0.0,0.0,0.0,601,366891,0.0,0.0,0.0,0.0,0.0,0.0,0.0,0.0,0.0,154.0.1,4,0,0,174.0,6.0
2026-07-31T09:59:51+00:00,6.0,15.7,0.0,0.0,0.0,0.0,601,367191,0.0,0.0,0.0,0.0,0.0,0.0,0.0,0.0,0.0,154.0.1,4,0,0,-241.0,165.0
2026-07-31T10:04:51+00:00,-4.0,15.7,0.0,0.0,0.0,0.0,601,367491,0.0,0.0,0.0,0.0,0.0,0.0,0.0,0.0,0.0,154.0.1,4,0,0,82.0,78.0
2026-07-31T10:09:51+00:00,-19.0,15.7,0.0,0.0,0.0,0.0,601,367791,0.0,0.0,0.0,0.0,0.0,0.0,0.0,0.0,0.0,154.0.1,4,0,0,-105.0,218.0
2026-07-31T10:14:51+00:00,-15.0,15.6,0.0,0.0,0.0,0.0,601,368091,0.0,0.0,0.0,0.0,0.0,0.0,0.0,0.0,0.0,154.0.1,4,0,0,-104.0,14.0
2026-07-31T10:19:51+00:00,28.0,15.6,0.0,0.0,0.0,0.0,601,368391,0.0,0.0,0.0,0.0,0.0,0.0,0.0,0.0,0.0,154.0.1,4,0,0,24.0,-241.0
2026-07-31T10:24:51+00:00,-1.5,15.6,0.0,0.0,0.0,0.0,601,368691,0.0,0.0,0.0,0.0,0.0,0.0,0.0,0.0,0.0,154.0.1,4,0,0,56.0,-67.0
2026-07-31T10:29:51+00:00,18.5,15.7,0.0,0.0,0.0,0.0,601,368991,0.0,0.0,0.0,0.0,0.0,0.0,0.0,0.0,0.0,154.0.1,4,0,0,6.0,-105.0
2026-07-31T10:34:51+00:00,-10.0,15.7,0.0,0.0,0.0,0.0,601,369291,0.0,0.0,0.0,0.0,0.0,0.0,0.0,0.0,0.0,154.0.1,4,0,0,-5.0,-71.0
2026-07-31T10:39:51+00:00,-45.5,15.5,0.0,0.0,0.0,0.0,601,369591,0.0,0.0,0.0,0.0,0.0,0.0,0.0,0.0,0.0,154.0.1,4,0,0,84.0,-27.0
2026-07-31T10:44:52+00:00,-39.0,15.7,0.0,0.0,0.0,0.0,601,369892,0.0,0.0,0.0,0.0,0.0,0.0,0.0,0.0,0.0,154.0.1,4,0,0,61.0,56.0
2026-07-31T10:49:51+00:00,-32.5,15.7,0.0,0.0,0.0,0.0,601,370191,0.0,0.0,0.0,0.0,0.0,0.0,0.0,0.0,0.0,154.0.1,4,0,0,-16.0,23.0
2026-07-31T10:54:51+00:00,-21.5,15.7,0.0,0.0,0.0,0.0,601,370491,0.0,0.0,0.0,0.0,0.0,0.0,0.0,0.0,0.0,154.0.1,4,0,0,,52.0
2026-07-31T10:59:51+00:00,-57.0,16.2,0.0,0.0,0.0,0.0,601,370791,0.0,0.0,0.0,0.0,0.0,0.0,0.0,0.0,0.0,154.0.1,4,0,0,-193.0,98.0
2026-07-31T11:04:52+00:00,-13.0,16.2,0.0,0.0,0.0,0.0,601,371092,0.0,0.0,0.0,0.0,0.0,0.0,0.0,0.0,0.0,154.0.1,4,0,0,35.0,61.0
2026-07-31T11:09:52+00:00,-22.0,16.2,0.0,0.0,0.0,0.0,601,371392,0.0,0.0,0.0,0.0,0.0,0.0,0.0,0.0,0.0,154.0.1,4,0,0,158.0,-16.0
2026-07-31T11:14:51+00:00,-38.0,17.0,0.0,0.0,0.0,0.0,601,371691,0.0,0.0,0.0,0.0,0.0,0.0,0.0,0.0,0.0,154.0.1,4,0,0,,
2026-07-31T11:19:52+00:00,-11.0,17.0,0.0,0.0,0.0,0.0,601,371992,0.0,0.0,0.0,0.0,0.0,0.0,0.0,0.0,0.0,154.0.1,4,0,0,21.0,54.0
2026-07-31T11:24:51+00:00,-42.0,17.0,0.0,0.0,0.0,0.0,601,372291,0.0,0.0,0.0,0.0,0.0,0.0,0.0,0.0,0.0,154.0.1,4,0,0,59.0,2.0
2026-07-31T11:29:52+00:00,-47.0,18.5,0.0,0.0,0.0,0.0,601,372592,0.0,0.0,0.0,0.0,0.0,0.0,0.0,0.0,0.0,154.0.1,4,0,0,-61.0,-80.0
2026-07-31T11:34:52+00:00,-28.0,18.5,0.0,0.0,0.0,0.0,601,372892,0.0,0.0,0.0,0.0,0.0,0.0,0.0,0.0,0.0,154.0.1,4,0,0,-40.0,43.0
2026-07-31T11:39:51+00:00,-32.0,18.5,0.0,0.0,0.0,0.0,601,373191,0.0,0.0,0.0,0.0,0.0,0.0,0.0,0.0,0.0,154.0.1,4,0,0,,
2026-07-31T11:44:52+00:00,-19.5,19.2,0.0,0.0,0.0,0.0,601,373492,0.0,0.0,0.0,0.0,0.0,0.0,0.0,0.0,0.0,154.0.1,4,0,0,295.0,59.0
2026-07-31T11:49:51+00:00,-138.0,19.2,0.0,0.0,0.0,0.0,601,373791,0.0,0.0,0.0,0.0,0.0,0.0,0.0,0.0,0.0,154.0.1,4,0,0,303.0,
2026-07-31T11:54:51+00:00,-69.0,19.2,0.0,0.0,0.0,0.0,601,374091,0.0,0.0,0.0,0.0,0.0,0.0,0.0,0.0,0.0,154.0.1,4,0,0,,-91.0
2026-07-31T11:59:51+00:00,-53.0,20.3,0.0,0.0,0.0,0.0,601,374391,0.0,0.0,0.0,0.0,0.0,0.0,0.0,0.0,0.0,154.0.1,4,0,0,-157.0,
2026-07-31T12:04:52+00:00,-15.0,20.3,0.0,0.0,0.0,0.0,601,374692,0.0,0.0,0.0,0.0,0.0,0.0,0.0,0.0,0.0,154.0.1,4,0,0,-8.0,295.0
2026-07-31T12:09:51+00:00,6.5,20.3,0.0,0.0,0.0,0.0,601,374991,0.0,0.0,0.0,0.0,0.0,0.0,0.0,0.0,0.0,154.0.1,4,0,0,-2.0,17.0
2026-07-31T12:14:52+00:00,-14.0,21.3,0.0,0.0,0.0,0.0,601,375292,0.0,0.0,0.0,0.0,0.0,0.0,0.0,0.0,0.0,154.0.1,4,0,0,-15.0,6.0
2026-07-31T12:19:52+00:00,-29.0,21.3,0.0,0.0,0.0,0.0,601,375592,0.0,0.0,0.0,0.0,0.0,0.0,0.0,0.0,0.0,154.0.1,4,0,0,74.0,-157.0
2026-07-31T12:24:51+00:00,-22.5,21.3,0.0,0.0,0.0,0.0,601,375891,0.0,0.0,0.0,0.0,0.0,0.0,0.0,0.0,0.0,154.0.1,4,0,0,,199.0
2026-07-31T12:29:51+00:00,-36.0,22.4,0.0,0.0,0.0,0.0,601,376191,0.0,0.0,0.0,0.0,0.0,0.0,0.0,0.0,0.0,154.0.1,4,0,0,,44.0
2026-07-31T12:34:52+00:00,-56.0,22.4,0.0,0.0,0.0,0.0,601,376492,0.0,0.0,0.0,0.0,0.0,0.0,0.0,0.0,0.0,154.0.1,4,0,0,-97.0,7.0
2026-07-31T12:39:52+00:00,-8.5,22.4,0.0,0.0,0.0,0.0,601,376792,0.0,0.0,0.0,0.0,0.0,0.0,0.0,0.0,0.0,154.0.1,4,0,0,228.0,151.0
2026-07-31T12:44:51+00:00,-18.5,23.1,0.0,0.0,0.0,0.0,601,377091,0.0,0.0,0.0,0.0,0.0,0.0,0.0,0.0,0.0,154.0.1,4,0,0,,
2026-07-31T12:49:51+00:00,-38.0,23.1,0.0,0.0,0.0,0.0,601,377391,0.0,0.0,0.0,0.0,0.0,0.0,0.0,0.0,0.0,154.0.1,4,0,0,,
2026-07-31T12:54:51+00:00,52.0,23.1,0.0,0.0,0.0,0.0,601,377691,0.0,0.0,0.0,0.0,0.0,0.0,0.0,0.0,0.0,154.0.1,4,0,0,-87.0,-120.0
2026-07-31T12:59:52+00:00,54.0,23.7,0.0,0.0,0.0,0.0,601,377992,0.0,0.0,0.0,0.0,0.0,0.0,0.0,0.0,0.0,154.0.1,4,0,0,-116.0,-112.0
2026-07-31T13:04:51+00:00,45.0,23.7,0.0,0.0,0.0,0.0,601,378291,0.0,0.0,0.0,0.0,0.0,0.0,0.0,0.0,0.0,154.0.1,4,0,0,282.0,
2026-07-31T13:09:51+00:00,6.0,23.7,0.0,0.0,0.0,0.0,601,378591,0.0,0.0,0.0,0.0,0.0,0.0,0.0,0.0,0.0,154.0.1,4,0,0,,
2026-07-31T13:14:51+00:00,-38.0,24.1,0.0,0.0,0.0,0.0,601,378891,0.0,0.0,0.0,0.0,0.0,0.0,0.0,0.0,0.0,154.0.1,4,0,0,47.0,52.0
2026-07-31T13:19:51+00:00,-36.0,24.7,0.0,0.0,0.0,0.0,601,379191,0.0,0.0,0.0,0.0,0.0,0.0,0.0,0.0,0.0,154.0.1,4,0,0,-173.0,42.0
2026-07-31T13:24:51+00:00,-22.0,24.7,0.0,0.0,0.0,0.0,601,379491,0.0,0.0,0.0,0.0,0.0,0.0,0.0,0.0,0.0,154.0.1,4,0,0,-38.0,23.0
2026-07-31T13:29:51+00:00,-39.5,25.3,0.0,0.0,0.0,0.0,601,379791,0.0,0.0,0.0,0.0,0.0,0.0,0.0,0.0,0.0,154.0.1,4,0,0,-99.0,
2026-07-31T13:34:51+00:00,-39.0,25.3,0.0,0.0,0.0,0.0,601,380091,0.0,0.0,0.0,0.0,0.0,0.0,0.0,0.0,0.0,154.0.1,4,0,0,51.0,-91.0
2026-07-31T13:39:52+00:00,44.0,25.3,0.0,0.0,0.0,0.0,601,380392,0.0,0.0,0.0,0.0,0.0,0.0,0.0,0.0,0.0,154.0.1,4,0,0,-35.0,-106.0
2026-07-31T13:44:51+00:00,65.0,25.8,0.0,0.0,0.0,0.0,601,380691,0.0,0.0,0.0,0.0,0.0,0.0,0.0,0.0,0.0,154.0.1,4,0,0,368.0,205.0
2026-07-31T13:49:51+00:00,127.5,25.8,0.0,0.0,0.0,0.0,601,380991,0.0,0.0,0.0,0.0,0.0,0.0,0.0,0.0,0.0,154.0.1,4,0,0,,-110.0
2026-07-31T13:54:51+00:00,59.0,25.8,0.0,0.0,0.0,0.0,601,381291,0.0,0.0,0.0,0.0,0.0,0.0,0.0,0.0,0.0,154.0.1,4,0,0,-39.0,86.0
2026-07-31T13:59:51+00:00,125.0,26.3,0.0,0.0,0.0,0.0,601,381591,0.0,0.0,0.0,0.0,0.0,0.0,0.0,0.0,0.0,154.0.1,4,0,0,298.0,300.0
2026-07-31T14:04:51+00:00,131.0,26.3,0.0,0.0,0.0,0.0,601,381891,0.0,0.0,0.0,0.0,0.0,0.0,0.0,0.0,0.0,154.0.1,4,0,0,59.0,-40.0
2026-07-31T14:09:51+00:00,151.0,26.3,0.0,0.0,0.0,0.0,601,382191,0.0,0.0,0.0,0.0,0.0,0.0,0.0,0.0,0.0,154.0.1,4,0,0,283.0,
2026-07-31T14:14:51+00:00,50.5,26.6,0.0,0.0,0.0,0.0,601,382491,0.0,0.0,0.0,0.0,0.0,0.0,0.0,0.0,0.0,154.0.1,4,0,0,34.0,-73.0
2026-07-31T14:19:51+00:00,71.5,26.6,0.0,0.0,0.0,0.0,601,382791,0.0,0.0,0.0,0.0,0.0,0.0,0.0,0.0,0.0,154.0.1,4,0,0,113.0,118.0
2026-07-31T14:24:52+00:00,77.0,26.6,0.0,0.0,0.0,0.0,601,383092,0.0,0.0,0.0,0.0,0.0,0.0,0.0,0.0,0.0,154.0.1,4,0,0,168.0,235.0
2026-07-31T14:29:51+00:00,34.0,27.6,0.0,0.0,0.0,0.0,601,383391,0.0,0.0,0.0,0.0,0.0,0.0,0.0,0.0,0.0,154.0.1,4,0,0,182.0,232.0
2026-07-31T14:34:51+00:00,29.0,27.6,0.0,0.0,0.0,0.0,601,383691,0.0,0.0,0.0,0.0,0.0,0.0,0.0,0.0,0.0,154.0.1,4,0,0,,34.0
2026-07-31T14:39:51+00:00,34.0,27.6,0.0,0.0,0.0,0.0,601,383991,0.0,0.0,0.0,0.0,0.0,0.0,0.0,0.0,0.0,154.0.1,4,0,0,294.0,198.0
2026-07-31T14:44:51+00:00,62.0,28.0,0.0,0.0,0.0,0.0,601,384291,0.0,0.0,0.0,0.0,0.0,0.0,0.0,0.0,0.0,154.0.1,4,0,0,-11.0,2.0
2026-07-31T14:49:51+00:00,-23.5,28.0,0.0,0.0,0.0,0.0,601,384591,0.0,0.0,0.0,0.0,0.0,0.0,0.0,0.0,0.0,154.0.1,4,0,0,88.0,198.0
2026-07-31T14:54:51+00:00,21.0,28.0,0.0,0.0,0.0,0.0,601,384891,0.0,0.0,0.0,0.0,0.0,0.0,0.0,0.0,0.0,154.0.1,4,0,0,-73.0,
2026-07-31T14:59:51+00:00,34.0,28.3,0.0,0.0,0.0,0.0,601,385191,0.0,0.0,0.0,0.0,0.0,0.0,0.0,0.0,0.0,154.0.1,4,0,0,-421.0,-33.0
2026-07-31T15:04:51+00:00,-19.0,28.3,0.0,0.0,0.0,0.0,601,385491,0.0,0.0,0.0,0.0,0.0,0.0,0.0,0.0,0.0,154.0.1,4,0,0,57.0,-11.0
2026-07-31T15:09:51+00:00,10.0,28.3,0.0,0.0,0.0,0.0,601,385791,0.0,0.0,0.0,0.0,0.0,0.0,0.0,0.0,0.0,154.0.1,4,0,0,358.0,-6.0
2026-07-31T15:14:51+00:00,38.0,28.7,0.0,0.0,0.0,0.0,601,386091,0.0,0.0,0.0,0.0,0.0,0.0,0.0,0.0,0.0,154.0.1,4,0,0,-48.0,-17.0
2026-07-31T15:19:51+00:00,68.0,28.7,0.0,0.0,0.0,0.0,601,386391,0.0,0.0,0.0,0.0,0.0,0.0,0.0,0.0,0.0,154.0.1,4,0,0,10.0,-23.0
2026-07-31T15:24:51+00:00,5.5,28.7,0.0,0.0,0.0,0.0,601,386691,0.0,0.0,0.0,0.0,0.0,0.0,0.0,0.0,0.0,154.0.1,4,0,0,-74.0,-18.0
2026-07-31T15:29:51+00:00,-34.5,29.4,0.0,0.0,0.0,0.0,601,386991,0.0,0.0,0.0,0.0,0.0,0.0,0.0,0.0,0.0,154.0.1,4,0,0,265.0,358.0
2026-07-31T15:34:51+00:00,51.0,29.4,0.0,0.0,0.0,0.0,601,387291,0.0,0.0,0.0,0.0,0.0,0.0,0.0,0.0,0.0,154.0.1,4,0,0,53.0,-48.0
2026-07-31T15:39:51+00:00,134.5,29.4,0.0,0.0,0.0,0.0,601,387591,0.0,0.0,0.0,0.0,0.0,0.0,0.0,0.0,0.0,154.0.1,4,0,0,149.0,-62.0
2026-07-31T15:44:51+00:00,97.0,29.7,0.0,0.0,0.0,0.0,601,387891,0.0,0.0,0.0,0.0,0.0,0.0,0.0,0.0,0.0,154.0.1,4,0,0,-87.0,170.0
2026-07-31T15:49:51+00:00,7.0,29.7,0.0,0.0,0.0,0.0,601,388191,0.0,0.0,0.0,0.0,0.0,0.0,0.0,0.0,0.0,154.0.1,4,0,0,137.0,-21.0
2026-07-31T15:54:51+00:00,2.0,29.7,0.0,0.0,0.0,0.0,601,388491,0.0,0.0,0.0,0.0,0.0,0.0,0.0,0.0,0.0,154.0.1,4,0,0,268.0,342.0
2026-07-31T15:59:51+00:00,12.0,29.9,0.0,0.0,0.0,0.0,601,388791,0.0,0.0,0.0,0.0,0.0,0.0,0.0,0.0,0.0,154.0.1,4,0,0,-2.0,149.0
2026-07-31T16:04:51+00:00,13.0,29.9,0.0,0.0,0.0,0.0,601,389091,0.0,0.0,0.0,0.0,0.0,0.0,0.0,0.0,0.0,154.0.1,4,0,0,22.0,2.0
2026-07-31T16:09:51+00:00,-41.0,29.9,0.0,0.0,0.0,0.0,601,389391,0.0,0.0,0.0,0.0,0.0,0.0,0.0,0.0,0.0,154.0.1,4,0,0,-44.0,137.0
2026-07-31T16:14:51+00:00,68.0,30.0,0.0,0.0,0.0,0.0,601,389691,0.0,0.0,0.0,0.0,0.0,0.0,0.0,0.0,0.0,154.0.1,4,0,0,198.0,120.0
2026-07-31T16:19:51+00:00,-16.0,30.0,0.0,0.0,0.0,0.0,601,389991,0.0,0.0,0.0,0.0,0.0,0.0,0.0,0.0,0.0,154.0.1,4,0,0,-53.0,-2.0
2026-07-31T16:24:51+00:00,-35.0,30.0,0.0,0.0,0.0,0.0,601,390291,0.0,0.0,0.0,0.0,0.0,0.0,0.0,0.0,0.0,154.0.1,4,0,0,71.0,45.0
2026-07-31T16:29:51+00:00,14.0,30.3,0.0,0.0,0.0,0.0,601,390591,0.0,0.0,0.0,0.0,0.0,0.0,0.0,0.0,0.0,154.0.1,4,0,0,-161.0,-44.0
2026-07-31T16:34:51+00:00,41.0,30.3,0.0,0.0,0.0,0.0,601,390891,0.0,0.0,0.0,0.0,0.0,0.0,0.0,0.0,0.0,154.0.1,4,0,0,-210.0,-29.0
2026-07-31T16:39:51+00:00,69.5,29.9,0.0,0.0,0.0,0.0,601,391191,0.0,0.0,0.0,0.0,0.0,0.0,0.0,0.0,0.0,154.0.1,4,0,0,-137.0,-53.0
2026-07-31T16:44:51+00:00,189.0,29.9,0.0,0.0,0.0,0.0,601,391491,0.0,0.0,0.0,0.0,0.0,0.0,0.0,0.0,0.0,154.0.1,4,0,0,107.0,65.0
2026-07-31T16:49:51+00:00,194.5,29.9,0.0,0.0,0.0,0.0,601,391791,0.0,0.0,0.0,0.0,0.0,0.0,0.0,0.0,0.0,154.0.1,4,0,0,-59.0,-161.0
2026-07-31T16:54:51+00:00,217.0,29.9,0.0,0.0,0.0,0.0,601,392091,0.0,0.0,0.0,0.0,0.0,0.0,0.0,0.0,0.0,154.0.1,4,0,0,238.0,42.0
2026-07-31T16:59:51+00:00,251.0,29.9,0.0,0.0,0.0,0.0,601,392391,0.0,0.0,0.0,0.0,0.0,0.0,0.0,0.0,0.0,154.0.1,4,0,0,262.0,-10.0
2026-07-31T17:04:51+00:00,216.5,29.9,0.0,0.0,0.0,0.0,601,392691,0.0,0.0,0.0,0.0,0.0,0.0,0.0,0.0,0.0,154.0.1,4,0,0,280.0,107.0
2026-07-31T17:09:51+00:00,244.0,29.9,0.0,0.0,0.0,0.0,601,392991,0.0,0.0,0.0,0.0,0.0,0.0,0.0,0.0,0.0,154.0.1,4,0,0,273.0,85.0
2026-07-31T17:14:51+00:00,240.0,29.9,0.0,0.0,0.0,0.0,601,393291,0.0,0.0,0.0,0.0,0.0,0.0,0.0,0.0,0.0,154.0.1,4,0,0,-1.0,238.0
2026-07-31T17:19:51+00:00,222.0,29.9,0.0,0.0,0.0,0.0,601,393591,0.0,0.0,0.0,0.0,0.0,0.0,0.0,0.0,0.0,154.0.1,4,0,0,243.0,262.0
2026-07-31T17:24:51+00:00,273.0,29.9,0.0,0.0,0.0,0.0,601,393891,0.0,0.0,0.0,0.0,0.0,0.0,0.0,0.0,0.0,154.0.1,4,0,0,70.0,280.0
2026-07-31T17:29:51+00:00,233.5,30.1,0.0,0.0,0.0,0.0,601,394191,0.0,0.0,0.0,0.0,0.0,0.0,0.0,0.0,0.0,154.0.1,4,0,0,255.0,147.0
2026-07-31T17:34:51+00:00,292.0,30.1,0.0,0.0,0.0,0.0,601,394491,0.0,0.0,0.0,0.0,0.0,0.0,0.0,0.0,0.0,154.0.1,4,0,0,-12.0,-1.0
2026-07-31T17:39:51+00:00,318.0,30.1,0.0,0.0,0.0,0.0,601,394791,0.0,0.0,0.0,0.0,0.0,0.0,0.0,0.0,0.0,154.0.1,4,0,0,184.0,53.0
2026-07-31T17:44:52+00:00,161.0,30.3,0.0,0.0,0.0,0.0,601,395092,0.0,0.0,0.0,0.0,0.0,0.0,0.0,0.0,0.0,154.0.1,4,0,0,294.0,280.0
2026-07-31T17:49:51+00:00,227.5,30.3,0.0,0.0,0.0,0.0,601,395391,0.0,0.0,0.0,0.0,0.0,0.0,0.0,0.0,0.0,154.0.1,4,0,0,318.0,25.0
2026-07-31T17:54:51+00:00,25.0,30.3,0.0,0.0,0.0,0.0,601,395691,0.0,0.0,0.0,0.0,0.0,0.0,0.0,0.0,0.0,154.0.1,4,0,0,,273.0
2026-07-31T17:59:51+00:00,68.0,30.5,0.0,0.0,0.0,0.0,601,395991,0.0,0.0,0.0,0.0,0.0,0.0,0.0,0.0,0.0,154.0.1,4,0,0,110.0,184.0
2026-07-31T18:04:52+00:00,115.0,30.5,0.0,0.0,0.0,0.0,601,396292,0.0,0.0,0.0,0.0,0.0,0.0,0.0,0.0,0.0,154.0.1,4,0,0,268.0,294.0
2026-07-31T18:09:51+00:00,144.0,30.5,0.0,0.0,0.0,0.0,601,396591,0.0,0.0,0.0,0.0,0.0,0.0,0.0,0.0,0.0,154.0.1,4,0,0,68.0,318.0
2026-07-31T18:14:51+00:00,115.0,30.6,0.0,0.0,0.0,0.0,601,396891,0.0,0.0,0.0,0.0,0.0,0.0,0.0,0.0,0.0,154.0.1,4,0,0,,
2026-07-31T18:19:51+00:00,76.0,30.6,0.0,0.0,0.0,0.0,601,397191,0.0,0.0,0.0,0.0,0.0,0.0,0.0,0.0,0.0,154.0.1,4,0,0,342.0,278.0
2026-07-31T18:24:52+00:00,64.5,30.6,0.0,0.0,0.0,0.0,601,397492,0.0,0.0,0.0,0.0,0.0,0.0,0.0,0.0,0.0,154.0.1,4,0,0,401.0,268.0
2026-07-31T18:29:52+00:00,44.0,30.7,0.0,0.0,0.0,0.0,601,397792,0.0,0.0,0.0,0.0,0.0,0.0,0.0,0.0,0.0,154.0.1,4,0,0,454.0,344.0
2026-07-31T18:34:52+00:00,53.0,30.7,0.0,0.0,0.0,0.0,601,398092,0.0,0.0,0.0,0.0,0.0,0.0,0.0,0.0,0.0,154.0.1,4,0,0,433.0,380.0
2026-07-31T18:39:52+00:00,46.0,30.4,0.0,0.0,0.0,0.0,601,398392,0.0,0.0,0.0,0.0,0.0,0.0,0.0,0.0,0.0,154.0.1,4,0,0,112.0,156.0
2026-07-31T18:44:51+00:00,35.0,30.7,0.0,0.0,0.0,0.0,601,398691,0.0,0.0,0.0,0.0,0.0,0.0,0.0,0.0,0.0,154.0.1,4,0,0,,167.0
2026-07-31T18:49:51+00:00,-22.5,30.7,0.0,0.0,0.0,0.0,601,398991,0.0,0.0,0.0,0.0,0.0,0.0,0.0,0.0,0.0,154.0.1,4,0,0,,165.0
2026-07-31T18:54:51+00:00,-12.0,30.7,0.0,0.0,0.0,0.0,601,399291,0.0,0.0,0.0,0.0,0.0,0.0,0.0,0.0,0.0,154.0.1,4,0,0,-462.0,
2026-07-31T18:59:52+00:00,84.5,30.7,0.0,0.0,0.0,0.0,601,399592,0.0,0.0,0.0,0.0,0.0,0.0,0.0,0.0,0.0,154.0.1,4,0,0,-462.0,-58.0
2026-07-31T19:04:52+00:00,84.5,30.7,0.0,0.0,0.0,0.0,601,399892,0.0,0.0,0.0,0.0,0.0,0.0,0.0,0.0,0.0,154.0.1,4,0,0,84.0,53.0
2026-07-31T19:09:52+00:00,14.0,30.7,0.0,0.0,0.0,0.0,601,400192,0.0,0.0,0.0,0.0,0.0,0.0,0.0,0.0,0.0,154.0.1,4,0,0,-98.0,208.0
2026-07-31T19:14:52+00:00,42.5,30.8,0.0,0.0,0.0,0.0,601,400492,0.0,0.0,0.0,0.0,0.0,0.0,0.0,0.0,0.0,154.0.1,4,0,0,-163.0,-462.0
2026-07-31T19:19:52+00:00,94.0,30.4,0.0,0.0,0.0,0.0,601,400792,0.0,0.0,0.0,0.0,0.0,0.0,0.0,0.0,0.0,154.0.1,4,0,0,14.0,-462.0
2026-07-31T19:24:52+00:00,144.0,30.4,0.0,0.0,0.0,0.0,601,401092,0.0,0.0,0.0,0.0,0.0,0.0,0.0,0.0,0.0,154.0.1,4,0,0,-188.0,23.0
2026-07-31T19:29:52+00:00,82.5,30.5,0.0,0.0,0.0,0.0,601,401392,0.0,0.0,0.0,0.0,0.0,0.0,0.0,0.0,0.0,154.0.1,4,0,0,178.0,-84.0
2026-07-31T19:34:51+00:00,57.0,30.5,0.0,0.0,0.0,0.0,601,401691,0.0,0.0,0.0,0.0,0.0,0.0,0.0,0.0,0.0,154.0.1,4,0,0,,
2026-07-31T19:39:51+00:00,95.0,30.5,0.0,0.0,0.0,0.0,601,401991,0.0,0.0,0.0,0.0,0.0,0.0,0.0,0.0,0.0,154.0.1,4,0,0,,
2026-07-31T19:44:51+00:00,23.0,30.6,0.0,0.0,0.0,0.0,601,402291,0.0,0.0,0.0,0.0,0.0,0.0,0.0,0.0,0.0,154.0.1,4,0,0,-14.0,
2026-07-31T19:49:51+00:00,45.0,30.6,0.0,0.0,0.0,0.0,601,402591,0.0,0.0,0.0,0.0,0.0,0.0,0.0,0.0,0.0,154.0.1,4,0,0,30.0,
2026-07-31T19:54:51+00:00,6.5,30.6,0.0,0.0,0.0,0.0,601,402891,0.0,0.0,0.0,0.0,0.0,0.0,0.0,0.0,0.0,154.0.1,4,0,0,136.0,
2026-07-31T19:59:52+00:00,46.0,30.7,0.0,0.0,0.0,0.0,601,403192,0.0,0.0,0.0,0.0,0.0,0.0,0.0,0.0,0.0,154.0.1,4,0,0,434.0,11.0
2026-07-31T20:04:51+00:00,38.0,30.7,0.0,0.0,0.0,0.0,601,403491,0.0,0.0,0.0,0.0,0.0,0.0,0.0,0.0,0.0,154.0.1,4,0,0,-177.0,-166.0
2026-07-31T20:09:51+00:00,124.0,30.7,0.0,0.0,0.0,0.0,601,403791,0.0,0.0,0.0,0.0,0.0,0.0,0.0,0.0,0.0,154.0.1,4,0,0,,36.0
2026-07-31T20:14:51+00:00,89.0,30.6,0.0,0.0,0.0,0.0,601,404091,0.0,0.0,0.0,0.0,0.0,0.0,0.0,0.0,0.0,154.0.1,4,0,0,83.0,-82.0
2026-07-31T20:19:51+00:00,78.0,30.6,0.0,0.0,0.0,0.0,601,404391,0.0,0.0,0.0,0.0,0.0,0.0,0.0,0.0,0.0,154.0.1,4,0,0,-34.0,-184.0
2026-07-31T20:24:53+00:00,118.0,30.6,0.0,0.0,0.0,0.0,601,404693,0.0,0.0,0.0,0.0,0.0,0.0,0.0,0.0,0.0,154.0.1,4,0,0,92.0,357.0
2026-07-31T20:29:51+00:00,114.0,29.9,0.0,0.0,0.0,0.0,601,404991,0.0,0.0,0.0,0.0,0.0,0.0,0.0,0.0,0.0,154.0.1,4,0,0,17.0,
2026-07-31T20:34:52+00:00,134.5,29.9,0.0,0.0,0.0,0.0,601,405292,0.0,0.0,0.0,0.0,0.0,0.0,0.0,0.0,0.0,154.0.1,4,0,0,,-456.0
2026-07-31T20:39:51+00:00,152.0,29.9,0.0,0.0,0.0,0.0,601,405591,0.0,0.0,0.0,0.0,0.0,0.0,0.0,0.0,0.0,154.0.1,4,0,0,169.0,26.0
2026-07-31T20:44:51+00:00,124.5,29.9,0.0,0.0,0.0,0.0,601,405891,0.0,0.0,0.0,0.0,0.0,0.0,0.0,0.0,0.0,154.0.1,4,0,0,,455.0
2026-07-31T20:49:52+00:00,128.0,29.9,0.0,0.0,0.0,0.0,601,406192,0.0,0.0,0.0,0.0,0.0,0.0,0.0,0.0,0.0,154.0.1,4,0,0,-89.0,332.0
2026-07-31T20:54:52+00:00,219.0,29.9,0.0,0.0,0.0,0.0,601,406492,0.0,0.0,0.0,0.0,0.0,0.0,0.0,0.0,0.0,154.0.1,4,0,0,44.0,
2026-07-31T20:59:51+00:00,218.0,29.8,0.0,0.0,0.0,0.0,601,406791,0.0,0.0,0.0,0.0,0.0,0.0,0.0,0.0,0.0,154.0.1,4,0,0,,379.0
2026-07-31T21:04:52+00:00,194.5,29.8,0.0,0.0,0.0,0.0,601,407092,0.0,0.0,0.0,0.0,0.0,0.0,0.0,0.0,0.0,154.0.1,4,0,0,134.0,191.0
2026-07-31T21:09:51+00:00,223.0,29.8,0.0,0.0,0.0,0.0,601,407391,0.0,0.0,0.0,0.0,0.0,0.0,0.0,0.0,0.0,154.0.1,4,0,0,130.0,149.0
2026-07-31T21:14:52+00:00,210.0,29.7,0.0,0.0,0.0,0.0,601,407692,0.0,0.0,0.0,0.0,0.0,0.0,0.0,0.0,0.0,154.0.1,4,0,0,173.0,44.0
2026-07-31T21:19:51+00:00,176.0,29.7,0.0,0.0,0.0,0.0,601,407991,0.0,0.0,0.0,0.0,0.0,0.0,0.0,0.0,0.0,154.0.1,4,0,0,48.0,
2026-07-31T21:24:52+00:00,153.0,29.7,0.0,0.0,0.0,0.0,601,408292,0.0,0.0,0.0,0.0,0.0,0.0,0.0,0.0,0.0,154.0.1,4,0,0,124.0,134.0
2026-07-31T21:29:51+00:00,176.0,29.6,0.0,0.0,0.0,0.0,601,408591,0.0,0.0,0.0,0.0,0.0,0.0,0.0,0.0,0.0,154.0.1,4,0,0,327.0,218.0
2026-07-31T21:34:51+00:00,141.0,29.6,0.0,0.0,0.0,0.0,601,408891,0.0,0.0,0.0,0.0,0.0,0.0,0.0,0.0,0.0,154.0.1,4,0,0,,
2026-07-31T21:39:52+00:00,130.0,29.6,0.0,0.0,0.0,0.0,601,409192,0.0,0.0,0.0,0.0,0.0,0.0,0.0,0.0,0.0,154.0.1,4,0,0,317.0,280.0
2026-07-31T21:44:52+00:00,22.5,29.6,0.0,0.0,0.0,0.0,601,409492,0.0,0.0,0.0,0.0,0.0,0.0,0.0,0.0,0.0,154.0.1,4,0,0,-595.0,124.0
2026-07-31T21:49:52+00:00,37.5,29.6,0.0,0.0,0.0,0.0,601,409792,0.0,0.0,0.0,0.0,0.0,0.0,0.0,0.0,0.0,154.0.1,4,0,0,-595.0,54.0
2026-07-31T21:54:51+00:00,39.0,29.6,0.0,0.0,0.0,0.0,601,410091,0.0,0.0,0.0,0.0,0.0,0.0,0.0,0.0,0.0,154.0.1,4,0,0,,
2026-07-31T21:59:51+00:00,17.5,29.5,0.0,0.0,0.0,0.0,601,410391,0.0,0.0,0.0,0.0,0.0,0.0,0.0,0.0,0.0,154.0.1,4,0,0,,390.0
2026-07-31T22:04:52+00:00,-23.0,29.5,0.0,0.0,0.0,0.0,601,410692,0.0,0.0,0.0,0.0,0.0,0.0,0.0,0.0,0.0,154.0.1,4,0,0,-4.0,-595.0
2026-07-31T22:09:51+00:00,-35.5,29.5,0.0,0.0,0.0,0.0,601,410991,0.0,0.0,0.0,0.0,0.0,0.0,0.0,0.0,0.0,154.0.1,4,0,0,44.0,
2026-07-31T22:14:51+00:00,-5.0,29.3,0.0,0.0,0.0,0.0,601,411291,0.0,0.0,0.0,0.0,0.0,0.0,0.0,0.0,0.0,154.0.1,4,0,0,,
2026-07-31T22:19:51+00:00,-38.0,29.3,0.0,0.0,0.0,0.0,601,411591,0.0,0.0,0.0,0.0,0.0,0.0,0.0,0.0,0.0,154.0.1,4,0,0,109.0,
2026-07-31T22:24:51+00:00,-14.5,29.3,0.0,0.0,0.0,0.0,601,411891,0.0,0.0,0.0,0.0,0.0,0.0,0.0,0.0,0.0,154.0.1,4,0,0,-13.0,-4.0
2026-07-31T22:29:52+00:00,78.0,29.0,0.0,0.0,0.0,0.0,601,412192,0.0,0.0,0.0,0.0,0.0,0.0,0.0,0.0,0.0,154.0.1,4,0,0,-38.0,-336.0
2026-07-31T22:34:52+00:00,43.0,28.6,0.0,0.0,0.0,0.0,601,412492,0.0,0.0,0.0,0.0,0.0,0.0,0.0,0.0,0.0,154.0.1,4,0,0,-484.0,40.0
2026-07-31T22:39:51+00:00,-18.0,28.6,0.0,0.0,0.0,0.0,601,412791,0.0,0.0,0.0,0.0,0.0,0.0,0.0,0.0,0.0,154.0.1,4,0,0,,109.0
2026-07-31T22:44:52+00:00,42.0,28.5,0.0,0.0,0.0,0.0,601,413092,0.0,0.0,0.0,0.0,0.0,0.0,0.0,0.0,0.0,154.0.1,4,0,0,-16.0,-13.0
2026-07-31T22:49:52+00:00,10.0,28.5,0.0,0.0,0.0,0.0,601,413392,0.0,0.0,0.0,0.0,0.0,0.0,0.0,0.0,0.0,154.0.1,4,0,0,39.0,-484.0
2026-07-31T22:54:52+00:00,-33.0,28.5,0.0,0.0,0.0,0.0,601,413692,0.0,0.0,0.0,0.0,0.0,0.0,0.0,0.0,0.0,154.0.1,4,0,0,-30.0,-484.0
2026-07-31T22:59:51+00:00,-5.0,28.2,0.0,0.0,0.0,0.0,601,413991,0.0,0.0,0.0,0.0,0.0,0.0,0.0,0.0,0.0,154.0.1,4,0,0,,
2026-07-31T23:04:51+00:00,-25.5,28.2,0.0,0.0,0.0,0.0,601,414291,0.0,0.0,0.0,0.0,0.0,0.0,0.0,0.0,0.0,154.0.1,4,0,0,,
2026-07-31T23:09:51+00:00,-59.0,28.2,0.0,0.0,0.0,0.0,601,414591,0.0,0.0,0.0,0.0,0.0,0.0,0.0,0.0,0.0,154.0.1,4,0,0,-72.0,39.0
2026-07-31T23:14:51+00:00,20.0,28.0,0.0,0.0,0.0,0.0,601,414891,0.0,0.0,0.0,0.0,0.0,0.0,0.0,0.0,0.0,154.0.1,4,0,0,-49.0,
2026-07-31T23:19:51+00:00,62.0,28.0,0.0,0.0,0.0,0.0,601,415191,0.0,0.0,0.0,0.0,0.0,0.0,0.0,0.0,0.0,154.0.1,4,0,0,-79.0,
2026-07-31T23:24:51+00:00,51.0,28.0,0.0,0.0,0.0,0.0,601,415491,0.0,0.0,0.0,0.0,0.0,0.0,0.0,0.0,0.0,154.0.1,4,0,0,88.0,
2026-07-31T23:29:51+00:00,88.0,27.4,0.0,0.0,0.0,0.0,601,415791,0.0,0.0,0.0,0.0,0.0,0.0,0.0,0.0,0.0,154.0.1,4,0,0,48.0,-72.0
2026-07-31T23:34:52+00:00,52.0,27.4,0.0,0.0,0.0,0.0,601,416092,0.0,0.0,0.0,0.0,0.0,0.0,0.0,0.0,0.0,154.0.1,4,0,0,278.0,28.0
2026-07-31T23:39:51+00:00,-19.5,27.4,0.0,0.0,0.0,0.0,601,416391,0.0,0.0,0.0,0.0,0.0,0.0,0.0,0.0,0.0,154.0.1,4,0,0,-49.0,33.0
2026-07-31T23:44:51+00:00,92.0,27.1,0.0,0.0,0.0,0.0,601,416691,0.0,0.0,0.0,0.0,0.0,0.0,0.0,0.0,0.0,154.0.1,4,0,0,,-42.0
2026-07-31T23:49:51+00:00,115.5,27.1,0.0,0.0,0.0,0.0,601,416991,0.0,0.0,0.0,0.0,0.0,0.0,0.0,0.0,0.0,154.0.1,4,0,0,-132.0,48.0
2026-07-31T23:54:51+00:00,126.0,27.1,0.0,0.0,0.0,0.0,601,417291,0.0,0.0,0.0,0.0,0.0,0.0,0.0,0.0,0.0,154.0.1,4,0,0,109.0,278.0
2026-07-31T23:59:51+00:00,136.0,26.6,0.0,0.0,0.0,0.0,601,417591,0.0,0.0,0.0,0.0,0.0,0.0,0.0,0.0,0.0,154.0.1,4,0,0,2.0,-49.0
2026-08-01T00:04:51+00:00,107.0,26.6,0.0,0.0,0.0,0.0,601,417891,0.0,0.0,0.0,0.0,0.0,0.0,0.0,0.0,0.0,154.0.1,4,0,0,3.0,
2026-08-01T00:09:51+00:00,141.0,26.6,0.0,0.0,0.0,0.0,601,418191,0.0,0.0,0.0,0.0,0.0,0.0,0.0,0.0,0.0,154.0.1,4,0,0,-97.0,-67.0
2026-08-01T00:14:51+00:00,123.0,26.0,0.0,0.0,0.0,0.0,601,418491,0.0,0.0,0.0,0.0,0.0,0.0,0.0,0.0,0.0,154.0.1,4,0,0,-11.0,62.0
2026-08-01T00:19:51+00:00,85.0,26.0,0.0,0.0,0.0,0.0,601,418791,0.0,0.0,0.0,0.0,0.0,0.0,0.0,0.0,0.0,154.0.1,4,0,0,190.0,235.0
2026-08-01T00:24:51+00:00,170.0,26.0,0.0,0.0,0.0,0.0,601,419091,0.0,0.0,0.0,0.0,0.0,0.0,0.0,0.0,0.0,154.0.1,4,0,0,245.0,177.0
2026-08-01T00:29:51+00:00,302.0,25.6,0.0,0.0,0.0,0.0,601,419391,0.0,0.0,0.0,0.0,0.0,0.0,0.0,0.0,0.0,154.0.1,4,0,0,329.0,173.0
2026-08-01T00:34:51+00:00,250.0,25.6,0.0,0.0,0.0,0.0,601,419691,0.0,0.0,0.0,0.0,0.0,0.0,0.0,0.0,0.0,154.0.1,4,0,0,484.0,-11.0
2026-08-01T00:39:51+00:00,243.0,25.6,0.0,0.0,0.0,0.0,601,419991,0.0,0.0,0.0,0.0,0.0,0.0,0.0,0.0,0.0,154.0.1,4,0,0,540.0,-83.0
2026-08-01T00:44:51+00:00,223.0,25.1,0.0,0.0,0.0,0.0,601,420291,0.0,0.0,0.0,0.0,0.0,0.0,0.0,0.0,0.0,154.0.1,4,0,0,-45.0,100.0
2026-08-01T00:49:51+00:00,190.5,25.1,0.0,0.0,0.0,0.0,601,420591,0.0,0.0,0.0,0.0,0.0,0.0,0.0,0.0,0.0,154.0.1,4,0,0,243.0,248.0
2026-08-01T00:54:51+00:00,131.0,25.1,0.0,0.0,0.0,0.0,601,420891,0.0,0.0,0.0,0.0,0.0,0.0,0.0,0.0,0.0,154.0.1,4,0,0,87.0,106.0
2026-08-01T00:59:51+00:00,69.0,24.6,0.0,0.0,0.0,0.0,601,421191,0.0,0.0,0.0,0.0,0.0,0.0,0.0,0.0,0.0,154.0.1,4,0,0,59.0,342.0
2026-08-01T01:04:51+00:00,121.0,24.6,0.0,0.0,0.0,0.0,601,421491,0.0,0.0,0.0,0.0,0.0,0.0,0.0,0.0,0.0,154.0.1,4,0,0,220.0,514.0
2026-08-01T01:09:51+00:00,-7.0,24.6,0.0,0.0,0.0,0.0,601,421791,0.0,0.0,0.0,0.0,0.0,0.0,0.0,0.0,0.0,154.0.1,4,0,0,117.0,57.0
2026-08-01T01:14:51+00:00,53.0,24.3,0.0,0.0,0.0,0.0,601,422091,0.0,0.0,0.0,0.0,0.0,0.0,0.0,0.0,0.0,154.0.1,4,0,0,-113.0,334.0
2026-08-01T01:19:51+00:00,89.0,24.2,0.0,0.0,0.0,0.0,601,422391,0.0,0.0,0.0,0.0,0.0,0.0,0.0,0.0,0.0,154.0.1,4,0,0,-30.0,59.0
2026-08-01T01:24:51+00:00,124.0,24.2,0.0,0.0,0.0,0.0,601,422691,0.0,0.0,0.0,0.0,0.0,0.0,0.0,0.0,0.0,154.0.1,4,0,0,-4.0,473.0
2026-08-01T01:29:51+00:00,114.5,23.9,0.0,0.0,0.0,0.0,601,422991,0.0,0.0,0.0,0.0,0.0,0.0,0.0,0.0,0.0,154.0.1,4,0,0,58.0,209.0
2026-08-01T01:34:51+00:00,130.5,23.9,0.0,0.0,0.0,0.0,601,423291,0.0,0.0,0.0,0.0,0.0,0.0,0.0,0.0,0.0,154.0.1,4,0,0,87.0,62.0
2026-08-01T01:39:51+00:00,139.0,23.9,0.0,0.0,0.0,0.0,601,423591,0.0,0.0,0.0,0.0,0.0,0.0,0.0,0.0,0.0,154.0.1,4,0,0,128.0,-30.0
2026-08-01T01:44:51+00:00,157.5,23.8,0.0,0.0,0.0,0.0,601,423891,0.0,0.0,0.0,0.0,0.0,0.0,0.0,0.0,0.0,154.0.1,4,0,0,173.0,254.0
2026-08-01T01:49:51+00:00,146.0,23.8,0.0,0.0,0.0,0.0,601,424191,0.0,0.0,0.0,0.0,0.0,0.0,0.0,0.0,0.0,154.0.1,4,0,0,214.0,86.0
2026-08-01T01:54:51+00:00,166.0,23.8,0.0,0.0,0.0,0.0,601,424491,0.0,0.0,0.0,0.0,0.0,0.0,0.0,0.0,0.0,154.0.1,4,0,0,77.0,87.0
2026-08-01T01:59:51+00:00,225.5,23.4,0.0,0.0,0.0,0.0,601,424791,0.0,0.0,0.0,0.0,0.0,0.0,0.0,0.0,0.0,154.0.1,4,0,0,270.0,-313.0
2026-08-01T02:04:51+00:00,224.5,23.4,0.0,0.0,0.0,0.0,601,425091,0.0,0.0,0.0,0.0,0.0,0.0,0.0,0.0,0.0,154.0.1,4,0,0,454.0,262.0
2026-08-01T02:09:51+00:00,156.0,23.4,0.0,0.0,0.0,0.0,601,425391,0.0,0.0,0.0,0.0,0.0,0.0,0.0,0.0,0.0,154.0.1,4,0,0,64.0,12.0
2026-08-01T02:14:51+00:00,197.0,23.0,0.0,0.0,0.0,0.0,601,425691,0.0,0.0,0.0,0.0,0.0,0.0,0.0,0.0,0.0,154.0.1,4,0,0,2.0,403.0
2026-08-01T02:19:51+00:00,232.0,23.0,0.0,0.0,0.0,0.0,601,425991,0.0,0.0,0.0,0.0,0.0,0.0,0.0,0.0,0.0,154.0.1,4,0,0,259.0,270.0
2026-08-01T02:24:51+00:00,245.5,23.0,0.0,0.0,0.0,0.0,601,426291,0.0,0.0,0.0,0.0,0.0,0.0,0.0,0.0,0.0,154.0.1,4,0,0,197.0,90.0
2026-08-01T02:29:51+00:00,255.5,22.4,0.0,0.0,0.0,0.0,601,426591,0.0,0.0,0.0,0.0,0.0,0.0,0.0,0.0,0.0,154.0.1,4,0,0,239.0,431.0
2026-08-01T02:34:51+00:00,372.0,22.4,0.0,0.0,0.0,0.0,601,426891,0.0,0.0,0.0,0.0,0.0,0.0,0.0,0.0,0.0,154.0.1,4,0,0,218.0,281.0
2026-08-01T02:39:51+00:00,297.5,22.4,0.0,0.0,0.0,0.0,601,427191,0.0,0.0,0.0,0.0,0.0,0.0,0.0,0.0,0.0,154.0.1,4,0,0,249.0,548.0
2026-08-01T02:44:51+00:00,261.0,22.4,0.0,0.0,0.0,0.0,601,427491,0.0,0.0,0.0,0.0,0.0,0.0,0.0,0.0,0.0,154.0.1,4,0,0,379.0,173.0
2026-08-01T02:49:51+00:00,299.0,22.4,0.0,0.0,0.0,0.0,601,427791,0.0,0.0,0.0,0.0,0.0,0.0,0.0,0.0,0.0,154.0.1,4,0,0,383.0,232.0
2026-08-01T02:54:51+00:00,316.0,22.4,0.0,0.0,0.0,0.0,601,428091,0.0,0.0,0.0,0.0,0.0,0.0,0.0,0.0,0.0,154.0.1,4,0,0,364.0,28.0
2026-08-01T02:59:51+00:00,189.5,22.3,0.0,0.0,0.0,0.0,601,428391,0.0,0.0,0.0,0.0,0.0,0.0,0.0,0.0,0.0,154.0.1,4,0,0,259.0,229.0
2026-08-01T03:04:51+00:00,158.0,22.3,0.0,0.0,0.0,0.0,601,428691,0.0,0.0,0.0,0.0,0.0,0.0,0.0,0.0,0.0,154.0.1,4,0,0,406.0,379.0
2026-08-01T03:09:51+00:00,263.0,22.3,0.0,0.0,0.0,0.0,601,428991,0.0,0.0,0.0,0.0,0.0,0.0,0.0,0.0,0.0,154.0.1,4,0,0,247.0,248.0
2026-08-01T03:14:51+00:00,111.5,22.2,0.0,0.0,0.0,0.0,601,429291,0.0,0.0,0.0,0.0,0.0,0.0,0.0,0.0,0.0,154.0.1,4,0,0,469.0,364.0
2026-08-01T03:19:51+00:00,204.5,22.2,0.0,0.0,0.0,0.0,601,429591,0.0,0.0,0.0,0.0,0.0,0.0,0.0,0.0,0.0,154.0.1,4,0,0,475.0,430.0
2026-08-01T03:24:51+00:00,90.0,22.2,0.0,0.0,0.0,0.0,601,429891,0.0,0.0,0.0,0.0,0.0,0.0,0.0,0.0,0.0,154.0.1,4,0,0,533.0,403.0
2026-08-01T03:29:51+00:00,277.0,21.8,0.0,0.0,0.0,0.0,601,430191,0.0,0.0,0.0,0.0,0.0,0.0,0.0,0.0,0.0,154.0.1,4,0,0,418.0,481.0
2026-08-01T03:34:51+00:00,154.5,21.8,0.0,0.0,0.0,0.0,601,430491,0.0,0.0,0.0,0.0,0.0,0.0,0.0,0.0,0.0,154.0.1,4,0,0,-25.0,516.0
2026-08-01T03:39:51+00:00,187.0,21.8,0.0,0.0,0.0,0.0,601,430791,0.0,0.0,0.0,0.0,0.0,0.0,0.0,0.0,0.0,154.0.1,4,0,0,277.0,59.0
2026-08-01T03:44:51+00:00,196.5,21.6,0.0,0.0,0.0,0.0,601,431091,0.0,0.0,0.0,0.0,0.0,0.0,0.0,0.0,0.0,154.0.1,4,0,0,107.0,533.0
2026-08-01T03:49:50+00:00,387.0,21.6,0.0,0.0,0.0,0.0,601,431390,0.0,0.0,0.0,0.0,0.0,0.0,0.0,0.0,0.0,154.0.1,4,0,0,,
2026-08-01T03:54:50+00:00,399.0,21.6,0.0,0.0,0.0,0.0,601,431690,0.0,0.0,0.0,0.0,0.0,0.0,0.0,0.0,0.0,154.0.1,4,0,0,,
2026-08-01T03:59:50+00:00,438.0,21.5,0.0,0.0,0.0,0.0,601,431990,0.0,0.0,0.0,0.0,0.0,0.0,0.0,0.0,0.0,154.0.1,4,0,0,387.0,
2026-08-01T04:04:50+00:00,422.5,21.5,0.0,0.0,0.0,0.0,601,432290,0.0,0.0,0.0,0.0,0.0,0.0,0.0,0.0,0.0,154.0.1,5,1,0,462.0,
2026-08-01T04:09:50+00:00,306.0,21.5,0.0,0.0,0.0,0.0,601,432590,0.0,0.0,0.0,0.0,0.0,0.0,0.0,0.0,0.0,154.0.1,5,1,0,508.0,
2026-08-01T04:14:50+00:00,314.0,21.5,0.0,0.0,0.0,0.0,601,432890,0.0,0.0,0.0,0.0,0.0,0.0,0.0,0.0,0.0,154.0.1,5,1,0,235.0,
2026-08-01T04:19:50+00:00,332.5,21.5,0.0,0.0,0.0,0.0,601,433190,0.0,0.0,0.0,0.0,0.0,0.0,0.0,0.0,0.0,154.0.1,5,1,0,190.0,319.0
2026-08-01T04:24:50+00:00,173.5,21.5,0.0,0.0,0.0,0.0,601,433490,0.0,0.0,0.0,0.0,0.0,0.0,0.0,0.0,0.0,154.0.1,5,1,0,226.0,
2026-08-01T04:29:50+00:00,200.0,21.5,0.0,0.0,0.0,0.0,601,433790,0.0,0.0,0.0,0.0,0.0,0.0,0.0,0.0,0.0,154.0.1,5,1,0,214.0,183.0
2026-08-01T04:34:50+00:00,202.0,21.5,0.0,0.0,0.0,0.0,601,434090,0.0,0.0,0.0,0.0,0.0,0.0,0.0,0.0,0.0,154.0.1,5,1,0,133.0,364.0
2026-08-01T04:39:50+00:00,216.0,21.8,0.0,0.0,0.0,0.0,601,434390,0.0,0.0,0.0,0.0,0.0,0.0,0.0,0.0,0.0,154.0.1,5,1,0,200.0,190.0
2026-08-01T04:44:50+00:00,413.0,21.8,0.0,0.0,0.0,0.0,601,434690,0.0,0.0,0.0,0.0,0.0,0.0,0.0,0.0,0.0,154.0.1,5,1,0,-565.0,402.0
2026-08-01T04:49:50+00:00,369.0,21.8,0.0,0.0,0.0,0.0,601,434990,0.0,0.0,0.0,0.0,0.0,0.0,0.0,0.0,0.0,154.0.1,5,1,0,160.0,377.0
2026-08-01T04:54:50+00:00,215.0,21.8,0.0,0.0,0.0,0.0,601,435290,0.0,0.0,0.0,0.0,0.0,0.0,0.0,0.0,0.0,154.0.1,5,1,0,170.0,
2026-08-01T04:59:51+00:00,253.0,21.8,0.0,0.0,0.0,0.0,601,435591,0.0,0.0,0.0,0.0,0.0,0.0,0.0,0.0,0.0,154.0.1,5,1,0,222.0,-565.0
2026-08-01T05:04:50+00:00,299.0,21.8,0.0,0.0,0.0,0.0,601,435890,0.0,0.0,0.0,0.0,0.0,0.0,0.0,0.0,0.0,154.0.1,5,1,0,215.0,-565.0
2026-08-01T05:09:50+00:00,372.0,21.8,0.0,0.0,0.0,0.0,601,436190,0.0,0.0,0.0,0.0,0.0,0.0,0.0,0.0,0.0,154.0.1,5,1,0,,160.0
2026-08-01T05:14:50+00:00,431.0,21.7,0.0,0.0,0.0,0.0,601,436490,0.0,0.0,0.0,0.0,0.0,0.0,0.0,0.0,0.0,154.0.1,5,1,0,299.0,170.0
2026-08-01T05:19:50+00:00,457.0,21.7,0.0,0.0,0.0,0.0,601,436790,0.0,0.0,0.0,0.0,0.0,0.0,0.0,0.0,0.0,154.0.1,5,1,0,372.0,222.0
2026-08-01T05:24:50+00:00,432.0,21.7,0.0,0.0,0.0,0.0,601,437090,0.0,0.0,0.0,0.0,0.0,0.0,0.0,0.0,0.0,154.0.1,5,1,0,431.0,215.0
2026-08-01T05:29:50+00:00,497.0,21.2,0.0,0.0,0.0,0.0,601,437390,0.0,0.0,0.0,0.0,0.0,0.0,0.0,0.0,0.0,154.0.1,5,1,0,457.0,
2026-08-01T09:04:50+00:00,11.0,20.6,0.0,0.0,0.0,0.0,601,450290,0.0,0.0,0.0,0.0,0.0,0.0,0.0,0.0,0.0,154.0.2,5,1,0,,
2026-08-01T09:09:50+00:00,-23.0,20.6,0.0,0.0,0.0,0.0,601,450590,0.0,0.0,0.0,0.0,0.0,0.0,0.0,0.0,0.0,154.0.2,5,1,0,,
2026-08-01T09:14:50+00:00,-46.0,20.5,0.0,0.0,0.0,0.0,601,450890,0.0,0.0,0.0,0.0,0.0,0.0,0.0,0.0,0.0,154.0.2,5,1,0,11.0,
2026-08-01T09:19:50+00:00,-10.0,20.5,0.0,0.0,0.0,0.0,601,451190,0.0,0.0,0.0,0.0,0.0,0.0,0.0,0.0,0.0,154.0.2,5,1,0,-23.0,
2026-08-01T09:24:50+00:00,-23.0,20.5,0.0,0.0,0.0,0.0,601,451490,0.0,0.0,0.0,0.0,0.0,0.0,0.0,0.0,0.0,154.0.2,5,1,0,-46.0,
2026-08-01T09:29:50+00:00,-36.0,21.3,0.0,0.0,0.0,0.0,601,451790,0.0,0.0,0.0,0.0,0.0,0.0,0.0,0.0,0.0,154.0.2,5,1,0,-10.0,
2026-08-01T09:34:50+00:00,8.0,21.3,0.0,0.0,0.0,0.0,601,452090,0.0,0.0,0.0,0.0,0.0,0.0,0.0,0.0,0.0,154.0.2,5,1,0,4.0,11.0
2026-08-01T09:39:50+00:00,29.0,21.3,0.0,0.0,0.0,0.0,601,452390,0.0,0.0,0.0,0.0,0.0,0.0,0.0,0.0,0.0,154.0.2,5,1,0,51.0,-23.0
2026-08-01T09:44:50+00:00,-12.0,21.2,0.0,0.0,0.0,0.0,601,452690,0.0,0.0,0.0,0.0,0.0,0.0,0.0,0.0,0.0,154.0.2,5,1,0,9.0,-46.0
2026-08-01T09:49:51+00:00,-20.0,21.2,0.0,0.0,0.0,0.0,601,452991,0.0,0.0,0.0,0.0,0.0,0.0,0.0,0.0,0.0,154.0.2,5,1,0,29.0,-10.0
2026-08-01T09:54:50+00:00,-49.0,21.2,0.0,0.0,0.0,0.0,601,453290,0.0,0.0,0.0,0.0,0.0,0.0,0.0,0.0,0.0,154.0.2,5,1,0,-12.0,4.0
2026-08-01T09:59:50+00:00,-109.0,21.2,0.0,0.0,0.0,0.0,601,453590,0.0,0.0,0.0,0.0,0.0,0.0,0.0,0.0,0.0,154.0.2,5,1,0,,-36.0
2026-08-01T10:04:50+00:00,8.0,21.2,0.0,0.0,0.0,0.0,601,453890,0.0,0.0,0.0,0.0,0.0,0.0,0.0,0.0,0.0,154.0.2,5,1,0,215.0,7.0
2026-08-01T10:09:50+00:00,47.0,21.2,0.0,0.0,0.0,0.0,601,454190,0.0,0.0,0.0,0.0,0.0,0.0,0.0,0.0,0.0,154.0.2,5,1,0,-173.0,29.0
2026-08-01T10:14:50+00:00,53.0,21.1,0.0,0.0,0.0,0.0,601,454490,0.0,0.0,0.0,0.0,0.0,0.0,0.0,0.0,0.0,154.0.2,5,1,0,247.0,87.0
2026-08-01T10:19:50+00:00,109.0,21.1,0.0,0.0,0.0,0.0,601,454790,0.0,0.0,0.0,0.0,0.0,0.0,0.0,0.0,0.0,154.0.2,5,1,0,179.0,
2026-08-01T10:24:50+00:00,133.0,21.1,0.0,0.0,0.0,0.0,601,455090,0.0,0.0,0.0,0.0,0.0,0.0,0.0,0.0,0.0,154.0.2,5,1,0,311.0,-40.0
2026-08-01T10:29:50+00:00,176.0,21.1,0.0,0.0,0.0,0.0,601,455390,0.0,0.0,0.0,0.0,0.0,0.0,0.0,0.0,0.0,154.0.2,5,1,0,81.0,-173.0
2026-08-01T10:34:50+00:00,99.0,21.1,0.0,0.0,0.0,0.0,601,455690,0.0,0.0,0.0,0.0,0.0,0.0,0.0,0.0,0.0,154.0.2,5,1,0,237.0,247.0
2026-08-01T10:39:50+00:00,189.0,21.4,0.0,0.0,0.0,0.0,601,455990,0.0,0.0,0.0,0.0,0.0,0.0,0.0,0.0,0.0,154.0.2,5,1,0,154.0,179.0
2026-08-01T10:44:50+00:00,211.0,21.6,0.0,0.0,0.0,0.0,601,456290,0.0,0.0,0.0,0.0,0.0,0.0,0.0,0.0,0.0,154.0.2,5,1,0,225.0,50.0
2026-08-01T10:49:50+00:00,120.5,21.6,0.0,0.0,0.0,0.0,601,456590,0.0,0.0,0.0,0.0,0.0,0.0,0.0,0.0,0.0,154.0.2,5,1,0,242.0,81.0
2026-08-01T10:54:50+00:00,118.5,21.6,0.0,0.0,0.0,0.0,601,456890,0.0,0.0,0.0,0.0,0.0,0.0,0.0,0.0,0.0,154.0.2,5,1,0,114.0,237.0
2026-08-01T10:59:50+00:00,81.0,21.7,0.0,0.0,0.0,0.0,601,457190,0.0,0.0,0.0,0.0,0.0,0.0,0.0,0.0,0.0,154.0.2,5,1,0,296.0,154.0
2026-08-01T11:04:50+00:00,84.0,21.7,0.0,0.0,0.0,0.0,601,457490,0.0,0.0,0.0,0.0,0.0,0.0,0.0,0.0,0.0,154.0.2,5,1,0,137.0,29.0
2026-08-01T11:09:50+00:00,49.0,21.7,0.0,0.0,0.0,0.0,601,457790,0.0,0.0,0.0,0.0,0.0,0.0,0.0,0.0,0.0,154.0.2,5,1,0,36.0,183.0
2026-08-01T11:14:50+00:00,39.0,21.8,0.0,0.0,0.0,0.0,601,458090,0.0,0.0,0.0,0.0,0.0,0.0,0.0,0.0,0.0,154.0.2,5,1,0,84.0,114.0
2026-08-01T11:19:50+00:00,5.0,21.8,0.0,0.0,0.0,0.0,601,458390,0.0,0.0,0.0,0.0,0.0,0.0,0.0,0.0,0.0,154.0.2,5,1,0,155.0,93.0
2026-08-01T11:24:51+00:00,-46.0,21.8,0.0,0.0,0.0,0.0,601,458691,0.0,0.0,0.0,0.0,0.0,0.0,0.0,0.0,0.0,154.0.2,5,1,0,66.0,46.0
2026-08-01T11:29:50+00:00,6.0,22.4,0.0,0.0,0.0,0.0,601,458990,0.0,0.0,0.0,0.0,0.0,0.0,0.0,0.0,0.0,154.0.2,5,1,0,-26.0,231.0
2026-08-01T11:34:51+00:00,57.0,22.4,0.0,0.0,0.0,0.0,601,459291,0.0,0.0,0.0,0.0,0.0,0.0,0.0,0.0,0.0,154.0.2,5,1,0,60.0,105.0
2026-08-01T11:39:51+00:00,-13.5,22.4,0.0,0.0,0.0,0.0,601,459591,0.0,0.0,0.0,0.0,0.0,0.0,0.0,0.0,0.0,154.0.2,5,1,0,85.0,226.0
2026-08-01T11:44:51+00:00,-15.0,22.6,0.0,0.0,0.0,0.0,601,459891,0.0,0.0,0.0,0.0,0.0,0.0,0.0,0.0,0.0,154.0.2,5,1,0,-170.0,64.0
2026-08-01T11:49:51+00:00,-53.5,22.6,0.0,0.0,0.0,0.0,601,460191,0.0,0.0,0.0,0.0,0.0,0.0,0.0,0.0,0.0,154.0.2,5,1,0,170.0,22.0
2026-08-01T11:54:51+00:00,-36.0,22.6,0.0,0.0,0.0,0.0,601,460491,0.0,0.0,0.0,0.0,0.0,0.0,0.0,0.0,0.0,154.0.2,5,1,0,53.0,-79.0
2026-08-01T11:59:51+00:00,-87.0,22.6,0.0,0.0,0.0,0.0,601,460791,0.0,0.0,0.0,0.0,0.0,0.0,0.0,0.0,0.0,154.0.2,5,1,0,124.0,138.0
2026-08-01T12:04:51+00:00,-71.0,22.6,0.0,0.0,0.0,0.0,601,461091,0.0,0.0,0.0,0.0,0.0,0.0,0.0,0.0,0.0,154.0.2,5,1,0,-156.0,72.0
2026-08-01T12:09:51+00:00,-57.0,22.6,0.0,0.0,0.0,0.0,601,461391,0.0,0.0,0.0,0.0,0.0,0.0,0.0,0.0,0.0,154.0.2,5,1,0,-58.0,15.0
2026-08-01T12:14:51+00:00,-38.0,22.9,0.0,0.0,0.0,0.0,601,461691,0.0,0.0,0.0,0.0,0.0,0.0,0.0,0.0,0.0,154.0.2,5,1,0,-10.0,53.0
2026-08-01T12:19:51+00:00,-33.0,22.9,0.0,0.0,0.0,0.0,601,461991,0.0,0.0,0.0,0.0,0.0,0.0,0.0,0.0,0.0,154.0.2,5,1,0,-57.0,-18.0
2026-08-01T12:24:51+00:00,-75.0,22.9,0.0,0.0,0.0,0.0,601,462291,0.0,0.0,0.0,0.0,0.0,0.0,0.0,0.0,0.0,154.0.2,5,1,0,-38.0,-36.0
2026-08-01T12:29:51+00:00,86.5,24.3,0.0,0.0,0.0,0.0,601,462591,0.0,0.0,0.0,0.0,0.0,0.0,0.0,0.0,0.0,154.0.2,5,1,0,99.0,585.0
2026-08-01T12:34:51+00:00,143.0,24.3,0.0,0.0,0.0,0.0,601,462891,0.0,0.0,0.0,0.0,0.0,0.0,0.0,0.0,0.0,154.0.2,5,1,0,-87.0,-10.0
2026-08-01T12:39:51+00:00,118.0,24.3,0.0,0.0,0.0,0.0,601,463191,0.0,0.0,0.0,0.0,0.0,0.0,0.0,0.0,0.0,154.0.2,5,1,0,39.0,-57.0
2026-08-01T12:44:51+00:00,165.5,24.7,0.0,0.0,0.0,0.0,601,463491,0.0,0.0,0.0,0.0,0.0,0.0,0.0,0.0,0.0,154.0.2,5,1,0,363.0,301.0
2026-08-01T12:49:51+00:00,141.0,24.7,0.0,0.0,0.0,0.0,601,463791,0.0,0.0,0.0,0.0,0.0,0.0,0.0,0.0,0.0,154.0.2,5,1,0,203.0,99.0
2026-08-01T12:54:51+00:00,172.5,24.7,0.0,0.0,0.0,0.0,601,464091,0.0,0.0,0.0,0.0,0.0,0.0,0.0,0.0,0.0,154.0.2,5,1,0,227.0,86.0
2026-08-01T12:59:51+00:00,36.0,25.0,0.0,0.0,0.0,0.0,601,464391,0.0,0.0,0.0,0.0,0.0,0.0,0.0,0.0,0.0,154.0.2,5,1,0,327.0,196.0
2026-08-01T13:04:51+00:00,180.0,25.0,0.0,0.0,0.0,0.0,601,464691,0.0,0.0,0.0,0.0,0.0,0.0,0.0,0.0,0.0,154.0.2,5,1,0,225.0,208.0
2026-08-01T13:09:51+00:00,85.0,25.0,0.0,0.0,0.0,0.0,601,464991,0.0,0.0,0.0,0.0,0.0,0.0,0.0,0.0,0.0,154.0.2,5,1,0,185.0,203.0
2026-08-01T13:14:51+00:00,51.5,25.2,0.0,0.0,0.0,0.0,601,465291,0.0,0.0,0.0,0.0,0.0,0.0,0.0,0.0,0.0,154.0.2,5,1,0,232.0,227.0
2026-08-01T13:19:51+00:00,55.5,26.0,0.0,0.0,0.0,0.0,601,465591,0.0,0.0,0.0,0.0,0.0,0.0,0.0,0.0,0.0,154.0.2,5,1,0,-36.0,112.0
2026-08-01T13:24:51+00:00,-4.5,26.0,0.0,0.0,0.0,0.0,601,465891,0.0,0.0,0.0,0.0,0.0,0.0,0.0,0.0,0.0,154.0.2,5,1,0,-117.0,120.0
2026-08-01T13:29:51+00:00,-23.0,26.2,0.0,0.0,0.0,0.0,601,466191,0.0,0.0,0.0,0.0,0.0,0.0,0.0,0.0,0.0,154.0.2,5,1,0,69.0,30.0
2026-08-01T13:34:51+00:00,21.0,26.2,0.0,0.0,0.0,0.0,601,466491,0.0,0.0,0.0,0.0,0.0,0.0,0.0,0.0,0.0,154.0.2,5,1,0,97.0,18.0
2026-08-01T13:39:51+00:00,-67.5,26.2,0.0,0.0,0.0,0.0,601,466791,0.0,0.0,0.0,0.0,0.0,0.0,0.0,0.0,0.0,154.0.2,5,1,0,-41.0,-36.0
2026-08-01T13:44:51+00:00,-13.0,26.4,0.0,0.0,0.0,0.0,601,467091,0.0,0.0,0.0,0.0,0.0,0.0,0.0,0.0,0.0,154.0.2,5,1,0,-37.0,91.0
2026-08-01T13:49:51+00:00,-87.0,26.4,0.0,0.0,0.0,0.0,601,467391,0.0,0.0,0.0,0.0,0.0,0.0,0.0,0.0,0.0,154.0.2,5,1,0,-88.0,106.0
2026-08-01T13:54:51+00:00,-84.0,26.4,0.0,0.0,0.0,0.0,601,467691,0.0,0.0,0.0,0.0,0.0,0.0,0.0,0.0,0.0,154.0.2,5,1,0,-207.0,97.0
2026-08-01T13:59:51+00:00,-63.0,26.5,0.0,0.0,0.0,0.0,601,467991,0.0,0.0,0.0,0.0,0.0,0.0,0.0,0.0,0.0,154.0.2,5,1,0,-43.0,155.0
2026-08-01T14:04:51+00:00,-24.0,26.5,0.0,0.0,0.0,0.0,601,468291,0.0,0.0,0.0,0.0,0.0,0.0,0.0,0.0,0.0,154.0.2,5,1,0,-245.0,-37.0
2026-08-01T14:09:51+00:00,-34.0,26.5,0.0,0.0,0.0,0.0,601,468591,0.0,0.0,0.0,0.0,0.0,0.0,0.0,0.0,0.0,154.0.2,5,1,0,-10.0,-106.0
2026-08-01T14:14:51+00:00,-32.0,26.6,0.0,0.0,0.0,0.0,601,468891,0.0,0.0,0.0,0.0,0.0,0.0,0.0,0.0,0.0,154.0.2,5,1,0,357.0,62.0
2026-08-01T14:19:51+00:00,-67.5,26.6,0.0,0.0,0.0,0.0,601,469191,0.0,0.0,0.0,0.0,0.0,0.0,0.0,0.0,0.0,154.0.2,5,1,0,252.0,-43.0
2026-08-01T14:24:51+00:00,135.5,26.6,0.0,0.0,0.0,0.0,601,469491,0.0,0.0,0.0,0.0,0.0,0.0,0.0,0.0,0.0,154.0.2,5,1,0,-439.0,71.0
2026-08-01T14:29:51+00:00,139.0,27.6,0.0,0.0,0.0,0.0,601,469791,0.0,0.0,0.0,0.0,0.0,0.0,0.0,0.0,0.0,154.0.2,5,1,0,274.0,194.0
2026-08-01T14:34:51+00:00,65.0,27.6,0.0,0.0,0.0,0.0,601,470091,0.0,0.0,0.0,0.0,0.0,0.0,0.0,0.0,0.0,154.0.2,5,1,0,123.0,-86.0
2026-08-01T14:39:51+00:00,5.0,27.6,0.0,0.0,0.0,0.0,601,470391,0.0,0.0,0.0,0.0,0.0,0.0,0.0,0.0,0.0,154.0.2,5,1,0,99.0,252.0
2026-08-01T14:44:51+00:00,-1.0,28.1,0.0,0.0,0.0,0.0,601,470691,0.0,0.0,0.0,0.0,0.0,0.0,0.0,0.0,0.0,154.0.2,5,1,0,139.0,334.0
2026-08-01T14:49:51+00:00,-19.0,28.1,0.0,0.0,0.0,0.0,601,470991,0.0,0.0,0.0,0.0,0.0,0.0,0.0,0.0,0.0,154.0.2,5,1,0,-15.0,-130.0
2026-08-01T14:54:51+00:00,-63.0,28.1,0.0,0.0,0.0,0.0,601,471291,0.0,0.0,0.0,0.0,0.0,0.0,0.0,0.0,0.0,154.0.2,5,1,0,17.0,123.0
2026-08-01T14:59:51+00:00,80.0,28.4,0.0,0.0,0.0,0.0,601,471591,0.0,0.0,0.0,0.0,0.0,0.0,0.0,0.0,0.0,154.0.2,5,1,0,207.0,99.0
2026-08-01T15:04:51+00:00,23.0,28.4,0.0,0.0,0.0,0.0,601,471891,0.0,0.0,0.0,0.0,0.0,0.0,0.0,0.0,0.0,154.0.2,5,1,0,337.0,128.0
2026-08-01T15:09:51+00:00,40.0,28.4,0.0,0.0,0.0,0.0,601,472191,0.0,0.0,0.0,0.0,0.0,0.0,0.0,0.0,0.0,154.0.2,5,1,0,388.0,317.0
2026-08-01T15:14:51+00:00,19.0,28.6,0.0,0.0,0.0,0.0,601,472491,0.0,0.0,0.0,0.0,0.0,0.0,0.0,0.0,0.0,154.0.2,5,1,0,356.0,247.0
2026-08-01T15:19:51+00:00,2.0,28.6,0.0,0.0,0.0,0.0,601,472791,0.0,0.0,0.0,0.0,0.0,0.0,0.0,0.0,0.0,154.0.2,5,1,0,312.0,207.0
2026-08-01T15:24:51+00:00,-11.5,28.6,0.0,0.0,0.0,0.0,601,473091,0.0,0.0,0.0,0.0,0.0,0.0,0.0,0.0,0.0,154.0.2,5,1,0,158.0,-478.0
2026-08-01T15:29:51+00:00,-24.0,28.6,0.0,0.0,0.0,0.0,601,473391,0.0,0.0,0.0,0.0,0.0,0.0,0.0,0.0,0.0,154.0.2,5,1,0,338.0,221.0
2026-08-01T15:34:51+00:00,-64.0,27.8,0.0,0.0,0.0,0.0,601,473691,0.0,0.0,0.0,0.0,0.0,0.0,0.0,0.0,0.0,154.0.2,5,1,0,309.0,356.0
2026-08-01T15:39:51+00:00,-38.0,27.8,0.0,0.0,0.0,0.0,601,473991,0.0,0.0,0.0,0.0,0.0,0.0,0.0,0.0,0.0,154.0.2,5,1,0,-119.0,40.0
2026-08-01T15:44:51+00:00,54.0,28.0,0.0,0.0,0.0,0.0,601,474291,0.0,0.0,0.0,0.0,0.0,0.0,0.0,0.0,0.0,154.0.2,5,1,0,-85.0,-32.0
2026-08-01T15:49:51+00:00,25.0,28.0,0.0,0.0,0.0,0.0,601,474591,0.0,0.0,0.0,0.0,0.0,0.0,0.0,0.0,0.0,154.0.2,5,1,0,-76.0,338.0
2026-08-01T15:54:51+00:00,18.0,28.0,0.0,0.0,0.0,0.0,601,474891,0.0,0.0,0.0,0.0,0.0,0.0,0.0,0.0,0.0,154.0.2,5,1,0,-116.0,309.0
2026-08-01T15:59:51+00:00,78.0,28.2,0.0,0.0,0.0,0.0,601,475191,0.0,0.0,0.0,0.0,0.0,0.0,0.0,0.0,0.0,154.0.2,5,1,0,-71.0,-25.0
2026-08-01T16:04:51+00:00,74.0,28.2,0.0,0.0,0.0,0.0,601,475491,0.0,0.0,0.0,0.0,0.0,0.0,0.0,0.0,0.0,154.0.2,5,1,0,18.0,468.0
2026-08-01T16:09:51+00:00,93.0,28.2,0.0,0.0,0.0,0.0,601,475791,0.0,0.0,0.0,0.0,0.0,0.0,0.0,0.0,0.0,154.0.2,5,1,0,-163.0,-76.0
2026-08-01T16:14:51+00:00,93.0,28.6,0.0,0.0,0.0,0.0,601,476091,0.0,0.0,0.0,0.0,0.0,0.0,0.0,0.0,0.0,154.0.2,5,1,0,-92.0,-116.0
2026-08-01T16:19:51+00:00,66.0,28.6,0.0,0.0,0.0,0.0,601,476391,0.0,0.0,0.0,0.0,0.0,0.0,0.0,0.0,0.0,154.0.2,5,1,0,-74.0,-85.0
2026-08-01T16:24:51+00:00,79.0,28.6,0.0,0.0,0.0,0.0,601,476691,0.0,0.0,0.0,0.0,0.0,0.0,0.0,0.0,0.0,154.0.2,5,1,0,-1.0,-188.0
2026-08-01T16:29:51+00:00,116.0,29.0,0.0,0.0,0.0,0.0,601,476991,0.0,0.0,0.0,0.0,0.0,0.0,0.0,0.0,0.0,154.0.2,5,1,0,-49.0,-183.0
2026-08-01T16:34:51+00:00,57.5,29.0,0.0,0.0,0.0,0.0,601,477291,0.0,0.0,0.0,0.0,0.0,0.0,0.0,0.0,0.0,154.0.2,5,1,0,11.0,-201.0
2026-08-01T16:39:51+00:00,-28.0,28.9,0.0,0.0,0.0,0.0,601,477591,0.0,0.0,0.0,0.0,0.0,0.0,0.0,0.0,0.0,154.0.2,5,1,0,116.0,-74.0
2026-08-01T16:44:51+00:00,-25.0,29.0,0.0,0.0,0.0,0.0,601,477891,0.0,0.0,0.0,0.0,0.0,0.0,0.0,0.0,0.0,154.0.2,5,1,0,83.0,-19.0
2026-08-01T16:49:51+00:00,-88.0,29.0,0.0,0.0,0.0,0.0,601,478191,0.0,0.0,0.0,0.0,0.0,0.0,0.0,0.0,0.0,154.0.2,5,1,0,35.0,-76.0
2026-08-01T16:54:51+00:00,-28.0,29.0,0.0,0.0,0.0,0.0,601,478491,0.0,0.0,0.0,0.0,0.0,0.0,0.0,0.0,0.0,154.0.2,5,1,0,244.0,83.0
2026-08-01T16:59:51+00:00,22.0,28.9,0.0,0.0,0.0,0.0,601,478791,0.0,0.0,0.0,0.0,0.0,0.0,0.0,0.0,0.0,154.0.2,5,1,0,-97.0,116.0
2026-08-01T17:04:51+00:00,67.0,28.9,0.0,0.0,0.0,0.0,601,479091,0.0,0.0,0.0,0.0,0.0,0.0,0.0,0.0,0.0,154.0.2,5,1,0,-133.0,83.0
2026-08-01T17:09:51+00:00,-17.0,28.9,0.0,0.0,0.0,0.0,601,479391,0.0,0.0,0.0,0.0,0.0,0.0,0.0,0.0,0.0,154.0.2,5,1,0,-78.0,35.0
2026-08-01T17:14:51+00:00,53.0,28.9,0.0,0.0,0.0,0.0,601,479691,0.0,0.0,0.0,0.0,0.0,0.0,0.0,0.0,0.0,154.0.2,5,1,0,127.0,-449.0
2026-08-01T17:19:51+00:00,3.5,28.9,0.0,0.0,0.0,0.0,601,479991,0.0,0.0,0.0,0.0,0.0,0.0,0.0,0.0,0.0,154.0.2,5,1,0,88.0,-97.0
2026-08-01T17:24:51+00:00,14.0,28.9,0.0,0.0,0.0,0.0,601,480291,0.0,0.0,0.0,0.0,0.0,0.0,0.0,0.0,0.0,154.0.2,5,1,0,177.0,-75.0
2026-08-01T17:29:51+00:00,-5.0,29.1,0.0,0.0,0.0,0.0,601,480591,0.0,0.0,0.0,0.0,0.0,0.0,0.0,0.0,0.0,154.0.2,5,1,0,21.0,-78.0
2026-08-01T17:34:51+00:00,-48.0,29.0,0.0,0.0,0.0,0.0,601,480891,0.0,0.0,0.0,0.0,0.0,0.0,0.0,0.0,0.0,154.0.2,5,1,0,-40.0,84.0
2026-08-01T17:39:51+00:00,-36.0,29.0,0.0,0.0,0.0,0.0,601,481191,0.0,0.0,0.0,0.0,0.0,0.0,0.0,0.0,0.0,154.0.2,5,1,0,395.0,8.0
2026-08-01T17:44:51+00:00,11.5,29.2,0.0,0.0,0.0,0.0,601,481491,0.0,0.0,0.0,0.0,0.0,0.0,0.0,0.0,0.0,154.0.2,5,1,0,-117.0,26.0
2026-08-01T17:49:51+00:00,-20.0,29.2,0.0,0.0,0.0,0.0,601,481791,0.0,0.0,0.0,0.0,0.0,0.0,0.0,0.0,0.0,154.0.2,5,1,0,-114.0,21.0
2026-08-01T17:54:51+00:00,12.0,29.2,0.0,0.0,0.0,0.0,601,482091,0.0,0.0,0.0,0.0,0.0,0.0,0.0,0.0,0.0,154.0.2,5,1,0,-57.0,-40.0
2026-08-01T17:59:51+00:00,46.0,29.3,0.0,0.0,0.0,0.0,601,482391,0.0,0.0,0.0,0.0,0.0,0.0,0.0,0.0,0.0,154.0.2,5,1,0,-15.0,33.0
2026-08-01T18:04:51+00:00,130.0,29.3,0.0,0.0,0.0,0.0,601,482691,0.0,0.0,0.0,0.0,0.0,0.0,0.0,0.0,0.0,154.0.2,5,1,0,-91.0,-32.0
2026-08-01T18:09:51+00:00,71.0,29.3,0.0,0.0,0.0,0.0,601,482991,0.0,0.0,0.0,0.0,0.0,0.0,0.0,0.0,0.0,154.0.2,5,1,0,207.0,278.0
2026-08-01T18:14:51+00:00,-15.5,29.6,0.0,0.0,0.0,0.0,601,483291,0.0,0.0,0.0,0.0,0.0,0.0,0.0,0.0,0.0,154.0.2,5,1,0,-143.0,-116.0
2026-08-01T18:19:51+00:00,-45.0,29.6,0.0,0.0,0.0,0.0,601,483591,0.0,0.0,0.0,0.0,0.0,0.0,0.0,0.0,0.0,154.0.2,5,1,0,-144.0,-15.0
2026-08-01T18:24:51+00:00,-11.0,29.6,0.0,0.0,0.0,0.0,601,483891,0.0,0.0,0.0,0.0,0.0,0.0,0.0,0.0,0.0,154.0.2,5,1,0,-116.0,-91.0
2026-08-01T18:29:51+00:00,20.0,29.8,0.0,0.0,0.0,0.0,601,484191,0.0,0.0,0.0,0.0,0.0,0.0,0.0,0.0,0.0,154.0.2,5,1,0,-183.0,-160.0
2026-08-01T18:34:51+00:00,-31.0,29.5,0.0,0.0,0.0,0.0,601,484491,0.0,0.0,0.0,0.0,0.0,0.0,0.0,0.0,0.0,154.0.2,5,1,0,120.0,327.0
2026-08-01T18:39:51+00:00,-33.0,29.5,0.0,0.0,0.0,0.0,601,484791,0.0,0.0,0.0,0.0,0.0,0.0,0.0,0.0,0.0,154.0.2,5,1,0,-58.0,325.0
2026-08-01T18:44:51+00:00,-10.0,29.7,0.0,0.0,0.0,0.0,601,485091,0.0,0.0,0.0,0.0,0.0,0.0,0.0,0.0,0.0,154.0.2,5,1,0,-166.0,-16.0
2026-08-01T18:49:51+00:00,-42.0,29.7,0.0,0.0,0.0,0.0,601,485391,0.0,0.0,0.0,0.0,0.0,0.0,0.0,0.0,0.0,154.0.2,5,1,0,105.0,186.0
2026-08-01T18:54:51+00:00,-15.0,29.7,0.0,0.0,0.0,0.0,601,485691,0.0,0.0,0.0,0.0,0.0,0.0,0.0,0.0,0.0,154.0.2,5,1,0,30.0,207.0
2026-08-01T18:59:51+00:00,49.5,29.8,0.0,0.0,0.0,0.0,601,485991,0.0,0.0,0.0,0.0,0.0,0.0,0.0,0.0,0.0,154.0.2,5,1,0,79.0,-58.0
2026-08-01T19:04:51+00:00,7.0,29.8,0.0,0.0,0.0,0.0,601,486291,0.0,0.0,0.0,0.0,0.0,0.0,0.0,0.0,0.0,154.0.2,5,1,0,149.0,-360.0
2026-08-01T19:09:51+00:00,14.0,29.8,0.0,0.0,0.0,0.0,601,486591,0.0,0.0,0.0,0.0,0.0,0.0,0.0,0.0,0.0,154.0.2,5,1,0,12.0,-129.0
2026-08-01T19:14:51+00:00,-13.0,29.6,0.0,0.0,0.0,0.0,601,486891,0.0,0.0,0.0,0.0,0.0,0.0,0.0,0.0,0.0,154.0.2,5,1,0,82.0,234.0
2026-08-01T19:19:51+00:00,-77.0,29.5,0.0,0.0,0.0,0.0,601,487191,0.0,0.0,0.0,0.0,0.0,0.0,0.0,0.0,0.0,154.0.2,5,1,0,-50.0,61.0
2026-08-01T19:24:51+00:00,-84.0,29.5,0.0,0.0,0.0,0.0,601,487491,0.0,0.0,0.0,0.0,0.0,0.0,0.0,0.0,0.0,154.0.2,5,1,0,-36.0,66.0
2026-08-01T19:29:51+00:00,-32.0,29.6,0.0,0.0,0.0,0.0,601,487791,0.0,0.0,0.0,0.0,0.0,0.0,0.0,0.0,0.0,154.0.2,5,1,0,237.0,47.0
2026-08-01T19:34:51+00:00,-98.0,29.6,0.0,0.0,0.0,0.0,601,488091,0.0,0.0,0.0,0.0,0.0,0.0,0.0,0.0,0.0,154.0.2,5,1,0,313.0,116.0
2026-08-01T19:39:51+00:00,-93.0,29.6,0.0,0.0,0.0,0.0,601,488391,0.0,0.0,0.0,0.0,0.0,0.0,0.0,0.0,0.0,154.0.2,5,1,0,368.0,82.0
2026-08-01T19:44:51+00:00,-89.0,29.7,0.0,0.0,0.0,0.0,601,488691,0.0,0.0,0.0,0.0,0.0,0.0,0.0,0.0,0.0,154.0.2,5,1,0,22.0,41.0
2026-08-01T19:49:51+00:00,-164.5,29.7,0.0,0.0,0.0,0.0,601,488991,0.0,0.0,0.0,0.0,0.0,0.0,0.0,0.0,0.0,154.0.2,5,1,0,-124.0,-140.0
2026-08-01T19:54:51+00:00,-105.5,29.7,0.0,0.0,0.0,0.0,601,489291,0.0,0.0,0.0,0.0,0.0,0.0,0.0,0.0,0.0,154.0.2,5,1,0,-75.0,114.0
2026-08-01T19:59:51+00:00,-58.5,29.8,0.0,0.0,0.0,0.0,601,489591,0.0,0.0,0.0,0.0,0.0,0.0,0.0,0.0,0.0,154.0.2,5,1,0,-169.0,114.0
2026-08-01T20:04:51+00:00,-132.0,29.8,0.0,0.0,0.0,0.0,601,489891,0.0,0.0,0.0,0.0,0.0,0.0,0.0,0.0,0.0,154.0.2,5,1,0,200.0,-36.0
2026-08-01T20:09:51+00:00,-72.0,29.8,0.0,0.0,0.0,0.0,601,490191,0.0,0.0,0.0,0.0,0.0,0.0,0.0,0.0,0.0,154.0.2,5,1,0,127.0,-93.0
2026-08-01T20:14:51+00:00,-35.0,29.8,0.0,0.0,0.0,0.0,601,490491,0.0,0.0,0.0,0.0,0.0,0.0,0.0,0.0,0.0,154.0.2,5,1,0,-23.0,9.0
2026-08-01T20:19:51+00:00,-39.5,29.8,0.0,0.0,0.0,0.0,601,490791,0.0,0.0,0.0,0.0,0.0,0.0,0.0,0.0,0.0,154.0.2,5,1,0,-212.0,-281.0
2026-08-01T20:24:51+00:00,-57.0,29.8,0.0,0.0,0.0,0.0,601,491091,0.0,0.0,0.0,0.0,0.0,0.0,0.0,0.0,0.0,154.0.2,5,1,0,73.0,142.0
2026-08-01T20:29:51+00:00,-18.0,29.0,0.0,0.0,0.0,0.0,601,491391,0.0,0.0,0.0,0.0,0.0,0.0,0.0,0.0,0.0,154.0.2,5,1,0,-43.0,204.0
2026-08-01T20:34:51+00:00,-62.0,29.0,0.0,0.0,0.0,0.0,601,491691,0.0,0.0,0.0,0.0,0.0,0.0,0.0,0.0,0.0,154.0.2,5,1,0,-277.0,244.0
2026-08-01T20:39:51+00:00,4.5,29.0,0.0,0.0,0.0,0.0,601,491991,0.0,0.0,0.0,0.0,0.0,0.0,0.0,0.0,0.0,154.0.2,5,1,0,167.0,165.0
2026-08-01T20:44:51+00:00,-19.0,28.8,0.0,0.0,0.0,0.0,601,492291,0.0,0.0,0.0,0.0,0.0,0.0,0.0,0.0,0.0,154.0.2,5,1,0,280.0,73.0
2026-08-01T20:49:51+00:00,-29.0,28.8,0.0,0.0,0.0,0.0,601,492591,0.0,0.0,0.0,0.0,0.0,0.0,0.0,0.0,0.0,154.0.2,5,1,0,286.0,146.0
2026-08-01T20:54:51+00:00,-27.0,28.8,0.0,0.0,0.0,0.0,601,492891,0.0,0.0,0.0,0.0,0.0,0.0,0.0,0.0,0.0,154.0.2,5,1,0,146.0,-277.0
2026-08-01T20:59:51+00:00,6.0,28.6,0.0,0.0,0.0,0.0,601,493191,0.0,0.0,0.0,0.0,0.0,0.0,0.0,0.0,0.0,154.0.2,5,1,0,-108.0,-55.0
2026-08-01T21:04:51+00:00,20.0,28.6,0.0,0.0,0.0,0.0,601,493491,0.0,0.0,0.0,0.0,0.0,0.0,0.0,0.0,0.0,154.0.2,5,1,0,47.0,-158.0
2026-08-01T21:09:51+00:00,-17.0,28.6,0.0,0.0,0.0,0.0,601,493791,0.0,0.0,0.0,0.0,0.0,0.0,0.0,0.0,0.0,154.0.2,5,1,0,-222.0,-146.0
2026-08-01T21:14:51+00:00,-7.0,28.3,0.0,0.0,0.0,0.0,601,494091,0.0,0.0,0.0,0.0,0.0,0.0,0.0,0.0,0.0,154.0.2,5,1,0,-236.0,-75.0
2026-08-01T21:19:51+00:00,-22.0,28.3,0.0,0.0,0.0,0.0,601,494391,0.0,0.0,0.0,0.0,0.0,0.0,0.0,0.0,0.0,154.0.2,5,1,0,-322.0,-108.0
2026-08-01T21:24:51+00:00,-79.5,28.3,0.0,0.0,0.0,0.0,601,494691,0.0,0.0,0.0,0.0,0.0,0.0,0.0,0.0,0.0,154.0.2,5,1,0,-343.0,-80.0
2026-08-01T21:29:51+00:00,-77.0,28.2,0.0,0.0,0.0,0.0,601,494991,0.0,0.0,0.0,0.0,0.0,0.0,0.0,0.0,0.0,154.0.2,5,1,0,-344.0,-222.0
2026-08-01T21:34:51+00:00,-115.0,27.8,0.0,0.0,0.0,0.0,601,495291,0.0,0.0,0.0,0.0,0.0,0.0,0.0,0.0,0.0,154.0.2,5,1,0,-11.0,21.0
2026-08-01T21:39:51+00:00,-138.0,27.8,0.0,0.0,0.0,0.0,601,495591,0.0,0.0,0.0,0.0,0.0,0.0,0.0,0.0,0.0,154.0.2,5,1,0,-52.0,-74.0
2026-08-01T21:44:51+00:00,-169.0,27.7,0.0,0.0,0.0,0.0,601,495891,0.0,0.0,0.0,0.0,0.0,0.0,0.0,0.0,0.0,154.0.2,5,1,0,-94.0,-20.0
2026-08-01T21:49:51+00:00,-131.0,27.7,0.0,0.0,0.0,0.0,601,496191,0.0,0.0,0.0,0.0,0.0,0.0,0.0,0.0,0.0,154.0.2,5,1,0,-75.0,-89.0
2026-08-01T21:54:51+00:00,-76.5,27.7,0.0,0.0,0.0,0.0,601,496491,0.0,0.0,0.0,0.0,0.0,0.0,0.0,0.0,0.0,154.0.2,5,1,0,69.0,-11.0
2026-08-01T21:59:51+00:00,-81.0,27.7,0.0,0.0,0.0,0.0,601,496791,0.0,0.0,0.0,0.0,0.0,0.0,0.0,0.0,0.0,154.0.2,5,1,0,-139.0,-367.0
2026-08-01T22:04:51+00:00,-96.5,27.7,0.0,0.0,0.0,0.0,601,497091,0.0,0.0,0.0,0.0,0.0,0.0,0.0,0.0,0.0,154.0.2,5,1,0,-204.0,-358.0
2026-08-01T22:09:51+00:00,-24.0,27.7,0.0,0.0,0.0,0.0,601,497391,0.0,0.0,0.0,0.0,0.0,0.0,0.0,0.0,0.0,154.0.2,5,1,0,-211.0,-75.0
2026-08-01T22:14:51+00:00,2.5,27.5,0.0,0.0,0.0,0.0,601,497691,0.0,0.0,0.0,0.0,0.0,0.0,0.0,0.0,0.0,154.0.2,5,1,0,130.0,-89.0
2026-08-01T22:19:51+00:00,-24.0,27.5,0.0,0.0,0.0,0.0,601,497991,0.0,0.0,0.0,0.0,0.0,0.0,0.0,0.0,0.0,154.0.2,5,1,0,-241.0,-29.0
2026-08-01T22:24:51+00:00,17.0,27.5,0.0,0.0,0.0,0.0,601,498291,0.0,0.0,0.0,0.0,0.0,0.0,0.0,0.0,0.0,154.0.2,5,1,0,45.0,-136.0
2026-08-01T22:29:51+00:00,-15.0,27.5,0.0,0.0,0.0,0.0,601,498591,0.0,0.0,0.0,0.0,0.0,0.0,0.0,0.0,0.0,154.0.2,5,1,0,33.0,113.0
2026-08-01T22:34:51+00:00,-10.0,27.2,0.0,0.0,0.0,0.0,601,498891,0.0,0.0,0.0,0.0,0.0,0.0,0.0,0.0,0.0,154.0.2,5,1,0,36.0,130.0
2026-08-01T22:39:51+00:00,33.0,27.2,0.0,0.0,0.0,0.0,601,499191,0.0,0.0,0.0,0.0,0.0,0.0,0.0,0.0,0.0,154.0.2,5,1,0,131.0,-6.0
2026-08-01T22:44:51+00:00,-21.0,27.1,0.0,0.0,0.0,0.0,601,499491,0.0,0.0,0.0,0.0,0.0,0.0,0.0,0.0,0.0,154.0.2,5,1,0,-80.0,-110.0
2026-08-01T22:49:51+00:00,-4.0,27.1,0.0,0.0,0.0,0.0,601,499791,0.0,0.0,0.0,0.0,0.0,0.0,0.0,0.0,0.0,154.0.2,5,1,0,165.0,-72.0
2026-08-01T22:54:51+00:00,15.0,27.1,0.0,0.0,0.0,0.0,601,500091,0.0,0.0,0.0,0.0,0.0,0.0,0.0,0.0,0.0,154.0.2,5,1,0,89.0,36.0
2026-08-01T22:59:51+00:00,55.0,26.8,0.0,0.0,0.0,0.0,601,500391,0.0,0.0,0.0,0.0,0.0,0.0,0.0,0.0,0.0,154.0.2,5,1,0,95.0,131.0
2026-08-01T23:04:51+00:00,22.5,26.8,0.0,0.0,0.0,0.0,601,500691,0.0,0.0,0.0,0.0,0.0,0.0,0.0,0.0,0.0,154.0.2,5,1,0,8.0,61.0
2026-08-01T23:09:51+00:00,-31.0,26.8,0.0,0.0,0.0,0.0,601,500991,0.0,0.0,0.0,0.0,0.0,0.0,0.0,0.0,0.0,154.0.2,5,1,0,120.0,92.0
2026-08-01T23:14:51+00:00,-24.0,26.3,0.0,0.0,0.0,0.0,601,501291,0.0,0.0,0.0,0.0,0.0,0.0,0.0,0.0,0.0,154.0.2,5,1,0,-35.0,-21.0
2026-08-01T23:19:51+00:00,-23.0,26.3,0.0,0.0,0.0,0.0,601,501591,0.0,0.0,0.0,0.0,0.0,0.0,0.0,0.0,0.0,154.0.2,5,1,0,-73.0,78.0
2026-08-01T23:24:51+00:00,-39.0,26.3,0.0,0.0,0.0,0.0,601,501891,0.0,0.0,0.0,0.0,0.0,0.0,0.0,0.0,0.0,154.0.2,5,1,0,-70.0,-49.0
2026-08-01T23:29:51+00:00,85.0,25.7,0.0,0.0,0.0,0.0,601,502191,0.0,0.0,0.0,0.0,0.0,0.0,0.0,0.0,0.0,154.0.2,5,1,0,-122.0,-29.0
2026-08-01T23:34:51+00:00,123.0,25.7,0.0,0.0,0.0,0.0,601,502491,0.0,0.0,0.0,0.0,0.0,0.0,0.0,0.0,0.0,154.0.2,5,1,0,-102.0,25.0
2026-08-01T23:39:51+00:00,62.0,25.7,0.0,0.0,0.0,0.0,601,502791,0.0,0.0,0.0,0.0,0.0,0.0,0.0,0.0,0.0,154.0.2,5,1,0,-48.0,-9.0
2026-08-01T23:44:51+00:00,-3.0,25.3,0.0,0.0,0.0,0.0,601,503091,0.0,0.0,0.0,0.0,0.0,0.0,0.0,0.0,0.0,154.0.2,5,1,0,-62.0,-70.0
2026-08-01T23:49:51+00:00,-38.0,25.3,0.0,0.0,0.0,0.0,601,503391,0.0,0.0,0.0,0.0,0.0,0.0,0.0,0.0,0.0,154.0.2,5,1,0,-99.0,-122.0
2026-08-01T23:54:51+00:00,-3.5,25.3,0.0,0.0,0.0,0.0,601,503691,0.0,0.0,0.0,0.0,0.0,0.0,0.0,0.0,0.0,154.0.2,5,1,0,6.0,-75.0
2026-08-01T23:59:51+00:00,13.0,24.8,0.0,0.0,0.0,0.0,601,503991,0.0,0.0,0.0,0.0,0.0,0.0,0.0,0.0,0.0,154.0.2,5,1,0,24.0,62.0
2026-08-02T00:04:51+00:00,-27.0,24.8,0.0,0.0,0.0,0.0,601,504291,0.0,0.0,0.0,0.0,0.0,0.0,0.0,0.0,0.0,154.0.2,5,1,0,170.0,-214.0
2026-08-02T00:09:51+00:00,-74.5,24.8,0.0,0.0,0.0,0.0,601,504591,0.0,0.0,0.0,0.0,0.0,0.0,0.0,0.0,0.0,154.0.2,5,1,0,48.0,243.0
2026-08-02T00:14:51+00:00,-147.0,24.5,0.0,0.0,0.0,0.0,601,504891,0.0,0.0,0.0,0.0,0.0,0.0,0.0,0.0,0.0,154.0.2,5,1,0,108.0,6.0
2026-08-02T00:19:51+00:00,20.0,24.5,0.0,0.0,0.0,0.0,601,505191,0.0,0.0,0.0,0.0,0.0,0.0,0.0,0.0,0.0,154.0.2,5,1,0,-7.0,24.0
2026-08-02T00:24:51+00:00,23.5,24.5,0.0,0.0,0.0,0.0,601,505491,0.0,0.0,0.0,0.0,0.0,0.0,0.0,0.0,0.0,154.0.2,5,1,0,108.0,170.0
2026-08-02T00:29:51+00:00,51.5,24.3,0.0,0.0,0.0,0.0,601,505791,0.0,0.0,0.0,0.0,0.0,0.0,0.0,0.0,0.0,154.0.2,5,1,0,117.0,112.0
2026-08-02T00:34:51+00:00,21.5,24.7,0.0,0.0,0.0,0.0,601,506091,0.0,0.0,0.0,0.0,0.0,0.0,0.0,0.0,0.0,154.0.2,5,1,0,49.0,108.0
2026-08-02T00:39:51+00:00,52.0,24.7,0.0,0.0,0.0,0.0,601,506391,0.0,0.0,0.0,0.0,0.0,0.0,0.0,0.0,0.0,154.0.2,5,1,0,15.0,-161.0
2026-08-02T00:44:51+00:00,-8.0,24.3,0.0,0.0,0.0,0.0,601,506691,0.0,0.0,0.0,0.0,0.0,0.0,0.0,0.0,0.0,154.0.2,5,1,0,156.0,108.0
2026-08-02T00:49:51+00:00,23.0,24.3,0.0,0.0,0.0,0.0,601,506991,0.0,0.0,0.0,0.0,0.0,0.0,0.0,0.0,0.0,154.0.2,5,1,0,126.0,-145.0
2026-08-02T00:54:51+00:00,-63.0,24.3,0.0,0.0,0.0,0.0,601,507291,0.0,0.0,0.0,0.0,0.0,0.0,0.0,0.0,0.0,154.0.2,5,1,0,102.0,-339.0
2026-08-02T00:59:51+00:00,-72.0,24.0,0.0,0.0,0.0,0.0,601,507591,0.0,0.0,0.0,0.0,0.0,0.0,0.0,0.0,0.0,154.0.2,5,1,0,4.0,-217.0
2026-08-02T01:04:51+00:00,-36.0,24.0,0.0,0.0,0.0,0.0,601,507891,0.0,0.0,0.0,0.0,0.0,0.0,0.0,0.0,0.0,154.0.2,5,1,0,-63.0,156.0
2026-08-02T01:09:51+00:00,-32.5,24.0,0.0,0.0,0.0,0.0,601,508191,0.0,0.0,0.0,0.0,0.0,0.0,0.0,0.0,0.0,154.0.2,5,1,0,91.0,-419.0
2026-08-02T01:14:51+00:00,-2.0,23.6,0.0,0.0,0.0,0.0,601,508491,0.0,0.0,0.0,0.0,0.0,0.0,0.0,0.0,0.0,154.0.2,5,1,0,-418.0,50.0
2026-08-02T01:19:51+00:00,-31.0,23.3,0.0,0.0,0.0,0.0,601,508791,0.0,0.0,0.0,0.0,0.0,0.0,0.0,0.0,0.0,154.0.2,5,1,0,12.0,42.0
2026-08-02T01:24:51+00:00,37.5,23.3,0.0,0.0,0.0,0.0,601,509091,0.0,0.0,0.0,0.0,0.0,0.0,0.0,0.0,0.0,154.0.2,5,1,0,5.0,-80.0
2026-08-02T01:29:51+00:00,-3.0,23.2,0.0,0.0,0.0,0.0,601,509391,0.0,0.0,0.0,0.0,0.0,0.0,0.0,0.0,0.0,154.0.2,5,1,0,339.0,145.0
2026-08-02T01:34:51+00:00,124.0,23.2,0.0,0.0,0.0,0.0,601,509691,0.0,0.0,0.0,0.0,0.0,0.0,0.0,0.0,0.0,154.0.2,5,1,0,375.0,-418.0
2026-08-02T01:39:51+00:00,83.0,23.2,0.0,0.0,0.0,0.0,601,509991,0.0,0.0,0.0,0.0,0.0,0.0,0.0,0.0,0.0,154.0.2,5,1,0,-3.0,12.0
2026-08-02T01:44:51+00:00,52.0,22.9,0.0,0.0,0.0,0.0,601,510291,0.0,0.0,0.0,0.0,0.0,0.0,0.0,0.0,0.0,154.0.2,5,1,0,218.0,-2.0
2026-08-02T01:49:51+00:00,125.5,22.9,0.0,0.0,0.0,0.0,601,510591,0.0,0.0,0.0,0.0,0.0,0.0,0.0,0.0,0.0,154.0.2,5,1,0,121.0,59.0
2026-08-02T01:54:51+00:00,182.0,22.9,0.0,0.0,0.0,0.0,601,510891,0.0,0.0,0.0,0.0,0.0,0.0,0.0,0.0,0.0,154.0.2,5,1,0,87.0,-7.0
2026-08-02T01:59:51+00:00,231.5,22.7,0.0,0.0,0.0,0.0,601,511191,0.0,0.0,0.0,0.0,0.0,0.0,0.0,0.0,0.0,154.0.2,5,1,0,-509.0,62.0
2026-08-02T02:04:51+00:00,219.0,22.7,0.0,0.0,0.0,0.0,601,511491,0.0,0.0,0.0,0.0,0.0,0.0,0.0,0.0,0.0,154.0.2,5,1,0,167.0,169.0
2026-08-02T02:09:51+00:00,165.0,22.7,0.0,0.0,0.0,0.0,601,511791,0.0,0.0,0.0,0.0,0.0,0.0,0.0,0.0,0.0,154.0.2,5,1,0,-20.0,110.0
2026-08-02T02:14:51+00:00,107.0,22.5,0.0,0.0,0.0,0.0,601,512091,0.0,0.0,0.0,0.0,0.0,0.0,0.0,0.0,0.0,154.0.2,5,1,0,243.0,-33.0
2026-08-02T02:19:51+00:00,102.0,22.5,0.0,0.0,0.0,0.0,601,512391,0.0,0.0,0.0,0.0,0.0,0.0,0.0,0.0,0.0,154.0.2,5,1,0,191.0,200.0
2026-08-02T02:24:51+00:00,127.0,22.5,0.0,0.0,0.0,0.0,601,512691,0.0,0.0,0.0,0.0,0.0,0.0,0.0,0.0,0.0,154.0.2,5,1,0,107.0,364.0
2026-08-02T02:29:51+00:00,109.5,22.3,0.0,0.0,0.0,0.0,601,512991,0.0,0.0,0.0,0.0,0.0,0.0,0.0,0.0,0.0,154.0.2,5,1,0,77.0,-20.0
2026-08-02T02:34:51+00:00,42.0,22.6,0.0,0.0,0.0,0.0,601,513291,0.0,0.0,0.0,0.0,0.0,0.0,0.0,0.0,0.0,154.0.2,5,1,0,169.0,243.0
2026-08-02T02:39:51+00:00,-26.0,22.6,0.0,0.0,0.0,0.0,601,513591,0.0,0.0,0.0,0.0,0.0,0.0,0.0,0.0,0.0,154.0.2,5,1,0,328.0,255.0
2026-08-02T02:44:51+00:00,-45.0,22.4,0.0,0.0,0.0,0.0,601,513891,0.0,0.0,0.0,0.0,0.0,0.0,0.0,0.0,0.0,154.0.2,5,1,0,72.0,285.0
2026-08-02T02:49:51+00:00,-25.0,22.4,0.0,0.0,0.0,0.0,601,514191,0.0,0.0,0.0,0.0,0.0,0.0,0.0,0.0,0.0,154.0.2,5,1,0,-380.0,322.0
2026-08-02T02:54:50+00:00,-33.0,22.4,0.0,0.0,0.0,0.0,601,514490,0.0,0.0,0.0,0.0,0.0,0.0,0.0,0.0,0.0,154.0.2,5,1,0,,
2026-08-02T02:59:51+00:00,-46.0,22.2,0.0,0.0,0.0,0.0,601,514791,0.0,0.0,0.0,0.0,0.0,0.0,0.0,0.0,0.0,154.0.2,5,1,0,3.0,139.0
2026-08-02T03:04:51+00:00,-40.5,22.2,0.0,0.0,0.0,0.0,601,515091,0.0,0.0,0.0,0.0,0.0,0.0,0.0,0.0,0.0,154.0.2,5,1,0,113.0,105.0
2026-08-02T03:09:51+00:00,-5.0,22.2,0.0,0.0,0.0,0.0,601,515391,0.0,0.0,0.0,0.0,0.0,0.0,0.0,0.0,0.0,154.0.2,5,1,0,215.0,-380.0
2026-08-02T03:14:51+00:00,-1.0,22.2,0.0,0.0,0.0,0.0,601,515691,0.0,0.0,0.0,0.0,0.0,0.0,0.0,0.0,0.0,154.0.2,5,1,0,254.0,-380.0
2026-08-02T03:19:51+00:00,49.5,22.2,0.0,0.0,0.0,0.0,601,515991,0.0,0.0,0.0,0.0,0.0,0.0,0.0,0.0,0.0,154.0.2,5,1,0,282.0,201.0
2026-08-02T03:24:50+00:00,63.0,22.2,0.0,0.0,0.0,0.0,601,516290,0.0,0.0,0.0,0.0,0.0,0.0,0.0,0.0,0.0,154.0.2,5,1,0,,37.0
2026-08-02T03:29:50+00:00,46.5,22.1,0.0,0.0,0.0,0.0,601,516590,0.0,0.0,0.0,0.0,0.0,0.0,0.0,0.0,0.0,154.0.2,5,1,0,,
2026-08-02T03:34:50+00:00,24.0,22.1,0.0,0.0,0.0,0.0,601,516890,0.0,0.0,0.0,0.0,0.0,0.0,0.0,0.0,0.0,154.0.2,5,1,0,159.0,
2026-08-02T03:39:50+00:00,93.0,22.1,0.0,0.0,0.0,0.0,601,517190,0.0,0.0,0.0,0.0,0.0,0.0,0.0,0.0,0.0,154.0.2,5,1,0,317.0,
2026-08-02T03:44:50+00:00,74.0,22.1,0.0,0.0,0.0,0.0,601,517490,0.0,0.0,0.0,0.0,0.0,0.0,0.0,0.0,0.0,154.0.2,5,1,0,-15.0,
2026-08-02T03:49:50+00:00,55.5,22.1,0.0,0.0,0.0,0.0,601,517790,0.0,0.0,0.0,0.0,0.0,0.0,0.0,0.0,0.0,154.0.2,5,1,0,253.0,
2026-08-02T03:54:50+00:00,10.0,22.1,0.0,0.0,0.0,0.0,601,518090,0.0,0.0,0.0,0.0,0.0,0.0,0.0,0.0,0.0,154.0.2,5,1,0,79.0,2.0
2026-08-02T03:59:50+00:00,72.0,22.1,0.0,0.0,0.0,0.0,601,518390,0.0,0.0,0.0,0.0,0.0,0.0,0.0,0.0,0.0,154.0.2,5,1,0,-152.0,142.0
2026-08-02T04:04:50+00:00,87.0,22.1,0.0,0.0,0.0,0.0,601,518690,0.0,0.0,0.0,0.0,0.0,0.0,0.0,0.0,0.0,154.0.2,6,1,0,139.0,258.0
2026-08-02T04:09:50+00:00,75.5,22.1,0.0,0.0,0.0,0.0,601,518990,0.0,0.0,0.0,0.0,0.0,0.0,0.0,0.0,0.0,154.0.2,6,1,0,131.0,253.0
2026-08-02T04:14:50+00:00,83.0,22.0,0.0,0.0,0.0,0.0,601,519290,0.0,0.0,0.0,0.0,0.0,0.0,0.0,0.0,0.0,154.0.2,6,1,0,87.0,69.0
2026-08-02T04:19:50+00:00,104.0,22.0,0.0,0.0,0.0,0.0,601,519590,0.0,0.0,0.0,0.0,0.0,0.0,0.0,0.0,0.0,154.0.2,6,1,0,195.0,-152.0
2026-08-02T04:24:50+00:00,131.0,22.0,0.0,0.0,0.0,0.0,601,519890,0.0,0.0,0.0,0.0,0.0,0.0,0.0,0.0,0.0,154.0.2,6,1,0,145.0,139.0
2026-08-02T04:29:50+00:00,104.0,22.0,0.0,0.0,0.0,0.0,601,520190,0.0,0.0,0.0,0.0,0.0,0.0,0.0,0.0,0.0,154.0.2,6,1,0,104.0,142.0
2026-08-02T04:34:50+00:00,32.0,22.0,0.0,0.0,0.0,0.0,601,520490,0.0,0.0,0.0,0.0,0.0,0.0,0.0,0.0,0.0,154.0.2,6,1,0,192.0,127.0
2026-08-02T04:39:50+00:00,175.0,21.2,0.6,0.6,0.0,0.0,601,520790,0.6,0.6,0.6,0.0,0.0,0.0,0.6,0.6,0.6,154.0.2,6,1,0,209.0,177.0
2026-08-02T04:44:50+00:00,182.0,21.2,0.0,0.0,0.0,0.0,601,521090,0.6,0.6,0.6,0.0,0.0,0.0,0.6,0.6,0.6,154.0.2,6,1,0,163.0,145.0
2026-08-02T04:49:50+00:00,197.5,21.2,0.0,0.0,0.0,0.0,601,521390,0.6,0.6,0.6,0.0,0.0,0.0,0.6,0.6,0.6,154.0.2,6,1,0,100.0,58.0
2026-08-02T04:54:50+00:00,179.0,21.2,0.0,0.0,0.0,0.0,601,521690,0.6,0.6,0.6,0.0,0.0,0.0,0.6,0.6,0.6,154.0.2,6,1,0,182.0,131.0
2026-08-02T04:59:50+00:00,177.0,21.3,0.0,0.0,0.0,0.0,601,521990,0.0,0.6,0.6,0.0,0.0,0.0,0.0,0.6,0.6,154.0.2,6,1,0,169.0,95.0
2026-08-02T05:04:50+00:00,156.0,21.3,0.0,0.0,0.0,0.0,601,522290,0.0,0.6,0.6,0.0,0.0,0.0,0.0,0.6,0.6,154.0.2,6,1,0,179.0,-440.0
2026-08-02T05:09:50+00:00,157.5,21.3,0.0,0.0,0.0,0.0,601,522590,0.0,0.6,0.6,0.0,0.0,0.0,0.0,0.6,0.6,154.0.2,6,1,0,177.0,250.0
2026-08-02T05:14:50+00:00,152.5,21.3,0.0,0.0,0.0,0.0,601,522890,0.0,0.6,0.6,0.0,0.0,0.0,0.0,0.6,0.6,154.0.2,6,1,0,197.0,182.0
2026-08-02T05:19:50+00:00,116.0,21.3,0.0,0.0,0.0,0.0,601,523190,0.0,0.6,0.6,0.0,0.0,0.0,0.0,0.6,0.6,154.0.2,6,1,0,100.0,25.0
2026-08-02T05:24:50+00:00,85.0,21.3,0.0,0.0,0.0,0.0,601,523490,0.0,0.6,0.6,0.0,0.0,0.0,0.0,0.6,0.6,154.0.2,6,1,0,147.0,179.0
2026-08-02T05:29:50+00:00,-54.0,21.2,0.1,0.1,0.0,0.0,601,523790,0.1,0.7,0.7,0.0,0.0,0.0,0.1,0.7,0.7,154.0.2,6,1,0,116.0,138.0
2026-08-02T05:34:50+00:00,-42.0,21.6,0.1,0.1,0.0,0.0,601,524090,0.2,0.8,0.8,0.0,0.0,0.0,0.2,0.8,0.8,154.0.2,6,1,0,85.0,115.0
2026-08-02T09:39:50+00:00,155.0,20.4,0.0,0.0,0.0,0.0,601,538790,0.2,0.2,0.8,0.0,0.0,0.0,0.2,0.2,0.8,154.0.3,6,1,0,,
2026-08-02T09:44:50+00:00,178.0,20.4,0.0,0.0,0.0,0.0,601,539090,0.2,0.2,0.8,0.0,0.0,0.0,0.2,0.2,0.8,154.0.3,6,1,0,,
2026-08-02T09:49:50+00:00,195.0,20.4,0.0,0.0,0.0,0.0,601,539390,0.1,0.2,0.8,0.0,0.0,0.0,0.1,0.2,0.8,154.0.3,6,1,0,155.0,
2026-08-02T09:54:50+00:00,249.0,20.4,0.0,0.0,0.0,0.0,601,539690,0.0,0.2,0.8,0.0,0.0,0.0,0.0,0.2,0.8,154.0.3,6,1,0,178.0,
2026-08-02T09:59:50+00:00,142.0,20.3,0.0,0.0,0.0,0.0,601,539990,0.0,0.2,0.8,0.0,0.0,0.0,0.0,0.2,0.8,154.0.3,6,1,0,195.0,
2026-08-02T10:04:50+00:00,190.0,20.3,0.0,0.0,0.0,0.0,601,540290,0.0,0.2,0.8,0.0,0.0,0.0,0.0,0.2,0.8,154.0.3,6,1,0,249.0,
2026-08-02T10:09:50+00:00,150.5,20.3,0.0,0.0,0.0,0.0,601,540590,0.0,0.2,0.8,0.0,0.0,0.0,0.0,0.2,0.8,154.0.3,6,1,0,52.0,155.0
2026-08-02T10:14:50+00:00,141.5,20.2,0.1,0.1,0.0,0.0,601,540890,0.1,0.3,0.9,0.0,0.0,0.0,0.1,0.3,0.9,154.0.3,6,1,0,95.0,178.0
2026-08-02T10:19:50+00:00,143.0,20.2,0.1,0.1,0.0,0.0,601,541190,0.2,0.4,1.0,0.0,0.0,0.0,0.2,0.4,1.0,154.0.3,6,1,0,50.0,195.0
2026-08-02T10:24:50+00:00,174.0,20.2,0.1,0.1,0.0,0.0,601,541490,0.3,0.5,1.1,0.0,0.0,0.0,0.3,0.5,1.1,154.0.3,6,1,0,40.0,249.0
2026-08-02T10:29:50+00:00,80.0,20.0,0.1,0.1,0.0,0.0,601,541790,0.4,0.5,1.2,0.0,0.0,0.0,0.4,0.5,1.2,154.0.3,6,1,0,143.0,52.0
2026-08-02T10:34:50+00:00,-27.0,20.2,0.0,0.0,0.0,0.0,601,542090,0.3,0.4,1.2,0.0,0.0,0.0,0.3,0.4,1.2,154.0.3,6,1,0,174.0,95.0
2026-08-02T10:39:50+00:00,-46.5,20.2,0.0,0.0,0.0,0.0,601,542390,0.2,0.4,1.2,0.0,0.0,0.0,0.2,0.4,1.2,154.0.3,6,1,0,51.0,50.0
2026-08-02T10:44:50+00:00,-129.0,20.1,0.0,0.0,0.0,0.0,601,542690,0.1,0.4,1.2,0.0,0.0,0.0,0.1,0.4,1.2,154.0.3,6,1,0,-28.0,40.0
2026-08-02T10:49:50+00:00,-125.0,20.1,0.0,0.0,0.0,0.0,601,542990,0.0,0.4,1.2,0.0,0.0,0.0,0.0,0.4,1.2,154.0.3,6,1,0,-85.0,52.0
2026-08-02T10:54:50+00:00,-2.0,20.1,0.0,0.0,0.0,0.0,601,543290,0.0,0.4,1.2,0.0,0.0,0.0,0.0,0.4,1.2,154.0.3,6,1,0,282.0,174.0
2026-08-02T10:59:50+00:00,148.0,20.2,0.0,0.0,0.0,0.0,601,543590,0.0,0.4,0.6,0.0,0.0,0.0,0.0,0.4,0.6,154.0.3,6,1,0,273.0,80.0
2026-08-02T11:04:50+00:00,106.0,20.2,0.0,0.0,0.0,0.0,601,543890,0.0,0.4,0.6,0.0,0.0,0.0,0.0,0.4,0.6,154.0.3,6,1,0,143.0,152.0
2026-08-02T11:09:50+00:00,88.5,20.2,0.0,0.0,0.0,0.0,601,544190,0.0,0.4,0.6,0.0,0.0,0.0,0.0,0.4,0.6,154.0.3,6,1,0,64.0,205.0
2026-08-02T11:14:50+00:00,78.0,20.1,0.4,0.4,0.0,0.0,601,544490,0.4,0.7,1.0,0.0,0.0,0.0,0.4,0.7,1.0,154.0.3,6,1,0,62.0,-570.0
2026-08-02T11:19:50+00:00,82.0,20.1,0.4,0.4,0.0,0.0,601,544790,0.8,1.0,1.4,0.0,0.0,0.0,0.8,1.0,1.4,154.0.3,6,1,0,70.0,-570.0
2026-08-02T11:24:50+00:00,101.0,20.1,0.4,0.4,0.0,0.0,601,545090,1.2,1.3,1.8,0.0,0.0,0.0,1.2,1.3,1.8,154.0.3,6,1,0,49.0,289.0
2026-08-02T11:29:50+00:00,80.5,20.2,0.0,0.0,0.0,0.0,601,545390,1.2,1.2,1.8,0.0,0.0,0.0,1.2,1.2,1.8,154.0.3,6,1,0,82.0,64.0
2026-08-02T11:34:50+00:00,85.0,20.2,0.0,0.0,0.0,0.0,601,545690,0.8,1.2,1.8,0.0,0.0,0.0,0.8,1.2,1.8,154.0.3,6,1,0,36.0,113.0
2026-08-02T11:39:50+00:00,56.0,20.2,0.0,0.0,0.0,0.0,601,545990,0.4,1.2,1.8,0.0,0.0,0.0,0.4,1.2,1.8,154.0.3,6,1,0,141.0,70.0
2026-08-02T11:44:50+00:00,70.0,20.4,0.0,0.0,0.0,0.0,601,546290,0.0,1.2,1.8,0.0,0.0,0.0,0.0,1.2,1.8,154.0.3,6,1,0,85.0,49.0
2026-08-02T11:49:50+00:00,62.5,20.4,0.0,0.0,0.0,0.0,601,546590,0.0,1.2,1.7,0.0,0.0,0.0,0.0,1.2,1.7,154.0.3,6,1,0,183.0,82.0
2026-08-02T11:54:50+00:00,0.5,20.4,0.0,0.0,0.0,0.0,601,546890,0.0,1.2,1.6,0.0,0.0,0.0,0.0,1.2,1.6,154.0.3,6,1,0,-15.0,143.0
2026-08-02T11:59:50+00:00,-7.5,20.5,0.0,0.0,0.0,0.0,601,547190,0.0,1.2,1.6,0.0,0.0,0.0,0.0,1.2,1.6,154.0.3,6,1,0,308.0,141.0
2026-08-02T12:04:50+00:00,-14.0,20.5,0.0,0.0,0.0,0.0,601,547490,0.0,1.2,1.6,0.0,0.0,0.0,0.0,1.2,1.6,154.0.3,6,1,0,-35.0,85.0
2026-08-02T12:09:50+00:00,16.5,20.5,0.0,0.0,0.0,0.0,601,547790,0.0,1.2,1.6,0.0,0.0,0.0,0.0,1.2,1.6,154.0.3,6,1,0,270.0,183.0
2026-08-02T12:14:50+00:00,-27.5,20.3,0.5,0.5,0.0,0.0,601,548090,0.5,1.3,2.1,0.0,0.0,0.0,0.5,1.3,2.1,154.0.3,6,1,0,-72.0,-15.0
2026-08-02T12:19:50+00:00,-2.0,20.3,0.5,0.5,0.0,0.0,601,548390,1.0,1.4,2.6,0.0,0.0,0.0,1.0,1.4,2.6,154.0.3,6,1,0,-124.0,-51.0
2026-08-02T12:24:50+00:00,-37.0,20.3,0.5,0.5,0.0,0.0,601,548690,1.5,1.5,3.1,0.0,0.0,0.0,1.5,1.5,3.1,154.0.3,6,1,0,8.0,-35.0
2026-08-02T12:29:50+00:00,-120.0,20.0,0.5,0.5,0.0,0.0,601,548990,2.0,2.0,3.6,0.0,0.0,0.0,2.0,2.0,3.6,154.0.3,6,1,0,-169.0,-49.0
2026-08-02T12:34:50+00:00,-83.0,19.9,0.5,0.5,0.0,0.0,601,549290,2.0,2.5,4.0,0.0,0.0,0.0,2.0,2.5,4.0,154.0.3,6,1,0,-17.0,-89.0
2026-08-02T12:39:50+00:00,-60.5,19.9,0.5,0.5,0.0,0.0,601,549590,2.0,3.0,4.4,0.0,0.0,0.0,2.0,3.0,4.4,154.0.3,6,1,0,-120.0,23.0
2026-08-02T12:44:50+00:00,-56.0,20.1,0.7,0.7,0.0,0.0,601,549890,2.2,3.7,5.0,0.0,0.0,0.0,2.2,3.7,5.0,154.0.3,6,1,0,13.0,-63.0
2026-08-02T12:49:51+00:00,-50.0,20.1,0.7,0.7,0.0,0.0,601,550191,2.4,4.4,5.6,0.0,0.0,0.0,2.4,4.4,5.6,154.0.3,6,1,0,-20.0,4.0
2026-08-02T12:54:50+00:00,-34.5,20.1,0.7,0.7,0.0,0.0,601,550490,2.6,5.1,6.3,0.0,0.0,0.0,2.6,5.1,6.3,154.0.3,6,1,0,-39.0,-57.0
2026-08-02T12:59:50+00:00,-39.0,19.8,1.1,1.1,0.0,0.0,601,550790,3.2,6.2,7.4,0.0,0.0,0.0,3.2,6.2,7.4,154.0.3,6,1,0,,65.0
2026-08-02T13:04:50+00:00,-39.5,19.8,1.1,1.1,0.0,0.0,601,551090,3.6,7.3,8.5,0.0,0.0,0.0,3.6,7.3,8.5,154.0.3,6,1,0,-84.0,-24.0
2026-08-02T13:09:50+00:00,-93.5,19.8,1.1,1.1,0.0,0.0,601,551390,4.0,8.4,9.6,0.0,0.0,0.0,4.0,8.4,9.6,154.0.3,6,1,0,40.0,46.0
2026-08-02T13:14:50+00:00,-53.0,19.8,0.9,0.9,0.0,0.0,601,551690,4.2,8.8,10.5,0.0,0.0,0.0,4.2,8.8,10.5,154.0.3,6,1,0,-52.0,-77.0
2026-08-02T13:19:50+00:00,-85.0,19.9,0.0,0.0,0.0,0.0,601,551990,3.1,8.3,10.5,0.0,0.0,0.0,3.1,8.3,10.5,154.0.3,6,1,0,-114.0,
2026-08-02T13:24:50+00:00,-36.0,19.9,0.0,0.0,0.0,0.0,601,552290,2.0,7.8,10.5,0.0,0.0,0.0,2.0,7.8,10.5,154.0.3,6,1,0,-120.0,1.0
2026-08-02T13:29:50+00:00,-120.0,20.3,0.0,0.0,0.0,0.0,601,552590,0.9,7.3,10.5,0.0,0.0,0.0,0.9,7.3,10.5,154.0.3,6,1,0,13.0,-44.0
2026-08-02T13:34:50+00:00,-49.0,20.3,0.0,0.0,0.0,0.0,601,552890,0.0,6.8,10.1,0.0,0.0,0.0,0.0,6.8,10.1,154.0.3,6,1,0,-16.0,-52.0
2026-08-02T13:39:50+00:00,-79.5,20.3,0.0,0.0,0.0,0.0,601,553190,0.0,6.3,9.7,0.0,0.0,0.0,0.0,6.3,9.7,154.0.3,6,1,0,-147.0,-116.0
2026-08-02T13:44:50+00:00,-81.0,20.5,0.0,0.0,0.0,0.0,601,553490,0.0,5.6,9.3,0.0,0.0,0.0,0.0,5.6,9.3,154.0.3,6,1,0,-20.0,-53.0
2026-08-02T13:49:50+00:00,-92.0,20.5,0.0,0.0,0.0,0.0,601,553790,0.0,4.9,9.3,0.0,0.0,0.0,0.0,4.9,9.3,154.0.3,6,1,0,-87.0,13.0
2026-08-02T13:54:50+00:00,-58.0,20.5,0.0,0.0,0.0,0.0,601,554090,0.0,4.2,9.3,0.0,0.0,0.0,0.0,4.2,9.3,154.0.3,6,1,0,-124.0,36.0
2026-08-02T13:59:50+00:00,-60.0,20.8,0.0,0.0,0.0,0.0,601,554390,0.0,3.1,9.3,0.0,0.0,0.0,0.0,3.1,9.3,154.0.3,6,1,0,-407.0,29.0
2026-08-02T14:04:50+00:00,-62.5,20.8,0.0,0.0,0.0,0.0,601,554690,0.0,2.0,9.3,0.0,0.0,0.0,0.0,2.0,9.3,154.0.3,6,1,0,-176.0,-20.0
2026-08-02T14:09:50+00:00,-60.5,20.8,0.0,0.0,0.0,0.0,601,554990,0.0,0.9,9.3,0.0,0.0,0.0,0.0,0.9,9.3,154.0.3,6,1,0,-132.0,340.0
2026-08-02T14:14:50+00:00,11.0,21.1,0.0,0.0,0.0,0.0,601,555290,0.0,0.0,9.3,0.0,0.0,0.0,0.0,0.0,9.3,154.0.3,6,1,0,-113.0,-407.0
2026-08-02T14:19:50+00:00,29.0,21.1,0.0,0.0,0.0,0.0,601,555590,0.0,0.0,9.3,0.0,0.0,0.0,0.0,0.0,9.3,154.0.3,6,1,0,-29.0,-407.0
2026-08-02T14:24:51+00:00,-63.5,21.1,0.0,0.0,0.0,0.0,601,555891,0.0,0.0,9.3,0.0,0.0,0.0,0.0,0.0,9.3,154.0.3,6,1,0,124.0,15.0
2026-08-02T14:29:51+00:00,-80.0,21.2,0.0,0.0,0.0,0.0,601,556191,0.0,0.0,9.3,0.0,0.0,0.0,0.0,0.0,9.3,154.0.3,6,1,0,-65.0,-19.0
2026-08-02T14:34:50+00:00,-6.5,21.2,0.0,0.0,0.0,0.0,601,556490,0.0,0.0,8.8,0.0,0.0,0.0,0.0,0.0,8.8,154.0.3,6,1,0,,-113.0
2026-08-02T14:39:50+00:00,-56.5,21.2,0.0,0.0,0.0,0.0,601,556790,0.0,0.0,8.3,0.0,0.0,0.0,0.0,0.0,8.3,154.0.3,6,1,0,,-518.0
2026-08-02T14:44:51+00:00,-98.0,21.4,0.0,0.0,0.0,0.0,601,557091,0.0,0.0,7.8,0.0,0.0,0.0,0.0,0.0,7.8,154.0.3,6,1,0,-147.0,-33.0
2026-08-02T14:49:51+00:00,-137.0,21.4,0.0,0.0,0.0,0.0,601,557391,0.0,0.0,7.3,0.0,0.0,0.0,0.0,0.0,7.3,154.0.3,6,1,0,-49.0,-65.0
2026-08-02T14:54:51+00:00,5.5,21.4,0.0,0.0,0.0,0.0,601,557691,0.0,0.0,6.8,0.0,0.0,0.0,0.0,0.0,6.8,154.0.3,6,1,0,202.0,242.0
2026-08-02T14:59:51+00:00,-14.5,21.6,0.0,0.0,0.0,0.0,601,557991,0.0,0.0,6.3,0.0,0.0,0.0,0.0,0.0,6.3,154.0.3,6,1,0,-88.0,-17.0
2026-08-02T15:04:51+00:00,-8.0,21.6,0.0,0.0,0.0,0.0,601,558291,0.0,0.0,5.6,0.0,0.0,0.0,0.0,0.0,5.6,154.0.3,6,1,0,252.0,240.0
2026-08-02T15:09:51+00:00,-36.0,21.6,0.0,0.0,0.0,0.0,601,558591,0.0,0.0,4.9,0.0,0.0,0.0,0.0,0.0,4.9,154.0.3,6,1,0,7.0,167.0
2026-08-02T15:14:50+00:00,-26.0,21.8,0.0,0.0,0.0,0.0,601,558890,0.0,0.0,4.2,0.0,0.0,0.0,0.0,0.0,4.2,154.0.3,6,1,0,,
2026-08-02T15:19:51+00:00,-53.0,21.8,0.0,0.0,0.0,0.0,601,559191,0.0,0.0,3.1,0.0,0.0,0.0,0.0,0.0,3.1,154.0.3,6,1,0,-68.0,24.0
2026-08-02T15:24:51+00:00,86.0,21.8,0.0,0.0,0.0,0.0,601,559491,0.0,0.0,2.0,0.0,0.0,0.0,0.0,0.0,2.0,154.0.3,6,1,0,-26.0,-101.0
2026-08-02T15:29:50+00:00,103.5,21.3,0.1,0.1,0.0,0.0,601,559790,0.1,0.1,1.0,0.0,0.0,0.0,0.1,0.1,1.0,154.0.3,6,1,0,,
2026-08-02T15:34:51+00:00,25.0,21.3,0.1,0.1,0.0,0.0,601,560091,0.2,0.2,0.2,0.0,0.0,0.0,0.2,0.2,0.2,154.0.3,6,1,0,332.0,419.0
2026-08-02T15:39:50+00:00,15.0,21.3,0.1,0.1,0.0,0.0,601,560390,0.3,0.3,0.3,0.0,0.0,0.0,0.3,0.3,0.3,154.0.3,6,1,0,42.0,
2026-08-02T15:44:50+00:00,55.0,21.2,0.0,0.0,0.0,0.0,601,560690,0.3,0.3,0.3,0.0,0.0,0.0,0.3,0.3,0.3,154.0.3,6,1,0,,-72.0
2026-08-02T15:49:50+00:00,59.0,21.2,0.0,0.0,0.0,0.0,601,560990,0.2,0.3,0.3,0.0,0.0,0.0,0.2,0.3,0.3,154.0.3,6,1,0,107.0,
2026-08-02T15:54:50+00:00,54.0,21.2,0.0,0.0,0.0,0.0,601,561290,0.1,0.3,0.3,0.0,0.0,0.0,0.1,0.3,0.3,154.0.3,6,1,0,-532.0,
2026-08-02T15:59:50+00:00,79.0,21.4,0.0,0.0,0.0,0.0,601,561590,0.0,0.3,0.3,0.0,0.0,0.0,0.0,0.3,0.3,154.0.3,6,1,0,142.0,350.0
2026-08-02T16:04:50+00:00,126.5,21.4,0.0,0.0,0.0,0.0,601,561890,0.0,0.3,0.3,0.0,0.0,0.0,0.0,0.3,0.3,154.0.3,6,1,0,6.0,
2026-08-02T16:09:50+00:00,3.0,21.4,0.0,0.0,0.0,0.0,601,562190,0.0,0.3,0.3,0.0,0.0,0.0,0.0,0.3,0.3,154.0.3,6,1,0,79.0,-36.0
2026-08-02T16:14:50+00:00,-62.5,21.2,0.0,0.0,0.0,0.0,601,562490,0.0,0.3,0.3,0.0,0.0,0.0,0.0,0.3,0.3,154.0.3,6,1,0,-146.0,24.0
2026-08-02T16:19:50+00:00,-128.0,21.2,0.0,0.0,0.0,0.0,601,562790,0.0,0.3,0.3,0.0,0.0,0.0,0.0,0.3,0.3,154.0.3,6,1,0,-19.0,59.0
2026-08-02T16:24:50+00:00,-38.5,21.2,0.0,0.0,0.0,0.0,601,563090,0.0,0.3,0.3,0.0,0.0,0.0,0.0,0.3,0.3,154.0.3,6,1,0,-65.0,-72.0
2026-08-02T16:29:51+00:00,-51.0,22.0,0.0,0.0,0.0,0.0,601,563391,0.0,0.2,0.3,0.0,0.0,0.0,0.0,0.2,0.3,154.0.3,6,1,0,406.0,4.0
2026-08-02T16:34:51+00:00,-126.0,20.9,0.2,0.2,0.0,0.0,601,563691,0.2,0.3,0.5,0.0,0.0,0.0,0.2,0.3,0.5,154.0.3,6,1,0,-39.0,-24.0
2026-08-02T16:39:51+00:00,-30.0,20.9,0.2,0.2,0.0,0.0,601,563991,0.4,0.4,0.7,0.0,0.0,0.0,0.4,0.4,0.7,154.0.3,6,1,0,-32.0,244.0
2026-08-02T16:44:51+00:00,-93.5,20.9,0.1,0.1,0.0,0.0,601,564291,0.5,0.5,0.8,0.0,0.0,0.0,0.5,0.5,0.8,154.0.3,6,1,0,-147.0,202.0
2026-08-02T16:49:51+00:00,-64.5,20.9,0.1,0.1,0.0,0.0,601,564591,0.6,0.6,0.9,0.0,0.0,0.0,0.6,0.6,0.9,154.0.3,6,1,0,-114.0,-128.0
2026-08-02T16:54:51+00:00,-29.0,20.9,0.1,0.1,0.0,0.0,601,564891,0.5,0.7,1.0,0.0,0.0,0.0,0.5,0.7,1.0,154.0.3,6,1,0,132.0,-144.0
2026-08-02T16:59:51+00:00,-6.0,20.2,2.7,2.7,0.0,0.0,601,565191,3.0,3.4,3.7,0.0,0.0,0.0,3.0,3.4,3.7,154.0.3,6,1,0,-130.0,-101.0
2026-08-02T17:04:51+00:00,-52.0,20.2,2.7,2.7,0.0,0.0,601,565491,5.6,6.1,6.4,0.0,0.0,0.0,5.6,6.1,6.4,154.0.3,6,1,0,-160.0,-147.0
2026-08-02T17:09:50+00:00,-20.0,20.2,2.7,2.7,0.0,0.0,601,565790,8.2,8.8,9.1,0.0,0.0,0.0,8.2,8.8,9.1,154.0.3,6,1,0,,
2026-08-02T17:14:51+00:00,-67.0,20.6,1.8,1.8,0.0,0.0,601,566091,9.9,10.6,10.9,0.0,0.0,0.0,9.9,10.6,10.9,154.0.3,6,1,0,-39.0,132.0
2026-08-02T17:19:51+00:00,-56.5,20.6,1.8,1.8,0.0,0.0,601,566391,9.0,12.4,12.7,0.0,0.0,0.0,9.0,12.4,12.7,154.0.3,6,1,0,-20.0,77.0
2026-08-02T17:24:51+00:00,-93.0,20.6,1.8,1.8,0.0,0.0,601,566691,8.1,14.2,14.5,0.0,0.0,0.0,8.1,14.2,14.5,154.0.3,6,1,0,-156.0,-160.0
2026-08-02T17:29:51+00:00,-62.5,20.6,1.9,1.9,0.0,0.0,601,566991,7.3,16.1,16.4,0.0,0.0,0.0,7.3,16.1,16.4,154.0.3,6,1,0,-29.0,-5.0
2026-08-02T17:34:51+00:00,-55.0,20.6,1.9,1.9,0.0,0.0,601,567291,7.4,17.8,18.3,0.0,0.0,0.0,7.4,17.8,18.3,154.0.3,6,1,0,-18.0,-39.0
2026-08-02T17:39:51+00:00,-151.0,19.1,9.9,9.9,0.0,0.0,601,567591,15.5,27.5,28.2,0.0,0.0,0.0,15.5,27.5,28.2,154.0.3,6,1,0,-23.0,-137.0
2026-08-02T17:44:51+00:00,-92.0,19.3,1.4,1.4,0.0,0.0,601,567891,15.1,28.8,29.6,0.0,0.0,0.0,15.1,28.8,29.6,154.0.3,6,1,0,88.0,-67.0
2026-08-02T17:49:51+00:00,-82.0,19.3,1.4,1.4,0.0,0.0,601,568191,14.6,30.1,30.9,0.0,0.0,0.0,14.6,30.1,30.9,154.0.3,6,1,0,95.0,-83.0
2026-08-02T17:54:51+00:00,-41.0,19.3,1.4,1.4,0.0,0.0,601,568491,14.1,31.4,32.2,0.0,0.0,0.0,14.1,31.4,32.2,154.0.3,6,1,0,253.0,-18.0
2026-08-02T17:59:51+00:00,-90.0,20.1,0.3,0.3,0.0,0.0,601,568791,4.5,29.0,32.4,0.0,0.0,0.0,4.5,29.0,32.4,154.0.3,6,1,0,15.0,91.0
2026-08-02T18:04:51+00:00,-83.0,20.1,0.3,0.3,0.0,0.0,601,569091,3.4,26.6,32.7,0.0,0.0,0.0,3.4,26.6,32.7,154.0.3,6,1,0,-80.0,-181.0
2026-08-02T18:09:51+00:00,-104.5,20.1,0.3,0.3,0.0,0.0,601,569391,2.3,24.2,33.0,0.0,0.0,0.0,2.3,24.2,33.0,154.0.3,6,1,0,-146.0,-164.0
2026-08-02T18:14:51+00:00,21.0,19.8,0.1,0.1,0.0,0.0,601,569691,1.0,22.5,33.1,0.0,0.0,0.0,1.0,22.5,33.1,154.0.3,6,1,0,-117.0,-199.0
2026-08-02T18:19:50+00:00,-49.0,19.8,0.1,0.1,0.0,0.0,601,569990,0.8,20.8,33.2,0.0,0.0,0.0,0.8,20.8,33.2,154.0.3,6,1,0,,
2026-08-02T18:24:51+00:00,27.0,19.8,0.1,0.1,0.0,0.0,601,570291,0.6,19.1,33.3,0.0,0.0,0.0,0.6,19.1,33.3,154.0.3,6,1,0,-159.0,-102.0
2026-08-02T18:29:51+00:00,-88.5,20.1,0.1,0.1,0.0,0.0,601,570591,0.4,17.3,33.4,0.0,0.0,0.0,0.4,17.3,33.4,154.0.3,6,1,0,-116.0,-60.0
2026-08-02T18:34:51+00:00,-113.0,20.1,0.1,0.1,0.0,0.0,601,570891,0.4,15.5,33.5,0.0,0.0,0.0,0.4,15.5,33.5,154.0.3,6,1,0,37.0,-52.0
2026-08-02T18:39:51+00:00,-58.0,20.1,0.1,0.1,0.0,0.0,601,571191,0.4,5.7,33.6,0.0,0.0,0.0,0.4,5.7,33.6,154.0.3,6,1,0,-160.0,6.0
2026-08-02T18:44:51+00:00,-28.0,20.1,0.0,0.0,0.0,0.0,601,571491,0.3,4.3,33.6,0.0,0.0,0.0,0.3,4.3,33.6,154.0.3,6,1,0,-166.0,30.0
2026-08-02T18:49:51+00:00,-60.0,20.1,0.0,0.0,0.0,0.0,601,571791,0.2,2.9,33.6,0.0,0.0,0.0,0.2,2.9,33.6,154.0.3,6,1,0,-161.0,-116.0
2026-08-02T18:54:51+00:00,-84.0,20.1,0.0,0.0,0.0,0.0,601,572091,0.1,1.5,33.4,0.0,0.0,0.0,0.1,1.5,33.4,154.0.3,6,1,0,-113.0,-28.0
2026-08-02T18:59:51+00:00,-44.0,20.1,0.0,0.0,0.0,0.0,601,572391,0.0,1.2,33.2,0.0,0.0,0.0,0.0,1.2,33.2,154.0.3,6,1,0,-134.0,-18.0
2026-08-02T19:04:51+00:00,-31.0,20.1,0.0,0.0,0.0,0.0,601,572691,0.0,0.9,33.1,0.0,0.0,0.0,0.0,0.9,33.1,154.0.3,6,1,0,-92.0,-113.0
2026-08-02T19:09:51+00:00,29.0,20.1,0.0,0.0,0.0,0.0,601,572991,0.0,0.6,33.0,0.0,0.0,0.0,0.0,0.6,33.0,154.0.3,6,1,0,125.0,230.0
2026-08-02T19:14:51+00:00,-61.0,20.3,0.0,0.0,0.0,0.0,601,573291,0.0,0.5,32.9,0.0,0.0,0.0,0.0,0.5,32.9,154.0.3,6,1,0,-134.0,-126.0
2026-08-02T19:19:51+00:00,-40.0,20.3,0.0,0.0,0.0,0.0,601,573591,0.0,0.4,30.2,0.0,0.0,0.0,0.0,0.4,30.2,154.0.3,6,1,0,118.0,45.0
2026-08-02T19:24:51+00:00,-28.5,20.3,0.0,0.0,0.0,0.0,601,573891,0.0,0.3,27.5,0.0,0.0,0.0,0.0,0.3,27.5,154.0.3,6,1,0,127.0,-92.0
2026-08-02T19:29:51+00:00,-34.5,20.2,0.0,0.0,0.0,0.0,601,574191,0.0,0.2,24.8,0.0,0.0,0.0,0.0,0.2,24.8,154.0.3,6,1,0,-8.0,-64.0
2026-08-02T19:34:51+00:00,-121.0,20.2,0.0,0.0,0.0,0.0,601,574491,0.0,0.1,23.0,0.0,0.0,0.0,0.0,0.1,23.0,154.0.3,6,1,0,16.0,-124.0
2026-08-02T19:39:51+00:00,-65.0,20.2,0.0,0.0,0.0,0.0,601,574791,0.0,0.0,21.2,0.0,0.0,0.0,0.0,0.0,21.2,154.0.3,6,1,0,-150.0,-249.0
2026-08-02T19:44:51+00:00,-102.5,19.8,0.0,0.0,0.0,0.0,601,575091,0.0,0.0,19.4,0.0,0.0,0.0,0.0,0.0,19.4,154.0.3,6,1,0,-232.0,-70.0
2026-08-02T19:49:51+00:00,-112.0,19.8,0.0,0.0,0.0,0.0,601,575391,0.0,0.0,17.5,0.0,0.0,0.0,0.0,0.0,17.5,154.0.3,6,1,0,-54.0,-92.0
2026-08-02T19:54:51+00:00,-38.0,19.8,0.0,0.0,0.0,0.0,601,575691,0.0,0.0,15.6,0.0,0.0,0.0,0.0,0.0,15.6,154.0.3,6,1,0,-104.0,16.0
2026-08-02T19:59:51+00:00,-35.0,19.7,0.0,0.0,0.0,0.0,601,575991,0.0,0.0,5.7,0.0,0.0,0.0,0.0,0.0,5.7,154.0.3,6,1,0,-50.0,-206.0
2026-08-02T20:04:51+00:00,-63.0,19.7,0.0,0.0,0.0,0.0,601,576291,0.0,0.0,4.3,0.0,0.0,0.0,0.0,0.0,4.3,154.0.3,6,1,0,-254.0,-232.0
2026-08-02T20:09:51+00:00,-48.0,19.7,0.0,0.0,0.0,0.0,601,576591,0.0,0.0,2.9,0.0,0.0,0.0,0.0,0.0,2.9,154.0.3,6,1,0,-35.0,-129.0
2026-08-02T20:14:51+00:00,-81.0,19.7,0.0,0.0,0.0,0.0,601,576891,0.0,0.0,1.5,0.0,0.0,0.0,0.0,0.0,1.5,154.0.3,6,1,0,-63.0,-104.0
2026-08-02T20:19:51+00:00,-11.0,19.7,0.0,0.0,0.0,0.0,601,577191,0.0,0.0,1.2,0.0,0.0,0.0,0.0,0.0,1.2,154.0.3,6,1,0,-79.0,-109.0
2026-08-02T20:24:51+00:00,-17.0,19.7,0.0,0.0,0.0,0.0,601,577491,0.0,0.0,0.9,0.0,0.0,0.0,0.0,0.0,0.9,154.0.3,6,1,0,54.0,14.0
2026-08-02T20:29:51+00:00,101.5,19.8,0.0,0.0,0.0,0.0,601,577791,0.0,0.0,0.6,0.0,0.0,0.0,0.0,0.0,0.6,154.0.3,6,1,0,166.0,85.0
2026-08-02T20:34:51+00:00,101.0,19.8,0.0,0.0,0.0,0.0,601,578091,0.0,0.0,0.5,0.0,0.0,0.0,0.0,0.0,0.5,154.0.3,6,1,0,171.0,114.0
2026-08-02T20:39:51+00:00,39.0,19.8,0.0,0.0,0.0,0.0,601,578391,0.0,0.0,0.4,0.0,0.0,0.0,0.0,0.0,0.4,154.0.3,6,1,0,27.0,43.0
2026-08-02T20:44:51+00:00,70.0,19.7,0.0,0.0,0.0,0.0,601,578691,0.0,0.0,0.3,0.0,0.0,0.0,0.0,0.0,0.3,154.0.3,6,1,0,101.0,158.0
2026-08-02T20:49:51+00:00,20.5,19.7,0.0,0.0,0.0,0.0,601,578991,0.0,0.0,0.2,0.0,0.0,0.0,0.0,0.0,0.2,154.0.3,6,1,0,-12.0,166.0
2026-08-02T20:54:51+00:00,63.0,19.7,0.0,0.0,0.0,0.0,601,579291,0.0,0.0,0.1,0.0,0.0,0.0,0.0,0.0,0.1,154.0.3,6,1,0,7.0,171.0
2026-08-02T20:59:51+00:00,-9.0,19.5,0.0,0.0,0.0,0.0,601,579591,0.0,0.0,0.0,0.0,0.0,0.0,0.0,0.0,0.0,154.0.3,6,1,0,1.0,240.0
2026-08-02T21:04:51+00:00,-38.0,19.5,0.0,0.0,0.0,0.0,601,579891,0.0,0.0,0.0,0.0,0.0,0.0,0.0,0.0,0.0,154.0.3,6,1,0,-34.0,319.0
2026-08-02T21:09:51+00:00,-16.0,19.5,0.0,0.0,0.0,0.0,601,580191,0.0,0.0,0.0,0.0,0.0,0.0,0.0,0.0,0.0,154.0.3,6,1,0,-31.0,-12.0
2026-08-02T21:14:51+00:00,95.0,19.5,0.0,0.0,0.0,0.0,601,580491,0.0,0.0,0.0,0.0,0.0,0.0,0.0,0.0,0.0,154.0.3,6,1,0,174.0,70.0
2026-08-02T21:19:51+00:00,40.5,19.5,0.0,0.0,0.0,0.0,601,580791,0.0,0.0,0.0,0.0,0.0,0.0,0.0,0.0,0.0,154.0.3,6,1,0,148.0,23.0
2026-08-02T21:24:51+00:00,-4.5,19.5,0.0,0.0,0.0,0.0,601,581091,0.0,0.0,0.0,0.0,0.0,0.0,0.0,0.0,0.0,154.0.3,6,1,0,-114.0,-42.0
2026-08-02T21:29:51+00:00,-19.0,20.1,0.0,0.0,0.0,0.0,601,581391,0.0,0.0,0.0,0.0,0.0,0.0,0.0,0.0,0.0,154.0.3,6,1,0,109.0,103.0
2026-08-02T21:34:51+00:00,-21.0,20.1,0.0,0.0,0.0,0.0,601,581691,0.0,0.0,0.0,0.0,0.0,0.0,0.0,0.0,0.0,154.0.3,6,1,0,-8.0,174.0
2026-08-02T21:39:51+00:00,-60.5,20.1,0.0,0.0,0.0,0.0,601,581991,0.0,0.0,0.0,0.0,0.0,0.0,0.0,0.0,0.0,154.0.3,6,1,0,-18.0,148.0
2026-08-02T21:44:51+00:00,-85.0,20.5,0.0,0.0,0.0,0.0,601,582291,0.0,0.0,0.0,0.0,0.0,0.0,0.0,0.0,0.0,154.0.3,6,1,0,-192.0,-190.0
2026-08-02T21:49:51+00:00,-64.5,20.5,0.0,0.0,0.0,0.0,601,582591,0.0,0.0,0.0,0.0,0.0,0.0,0.0,0.0,0.0,154.0.3,6,1,0,-51.0,193.0
2026-08-02T21:54:51+00:00,-38.0,20.5,0.0,0.0,0.0,0.0,601,582891,0.0,0.0,0.0,0.0,0.0,0.0,0.0,0.0,0.0,154.0.3,6,1,0,-85.0,-1.0
2026-08-02T21:59:51+00:00,-60.5,20.7,0.0,0.0,0.0,0.0,601,583191,0.0,0.0,0.0,0.0,0.0,0.0,0.0,0.0,0.0,154.0.3,6,1,0,94.0,-88.0
2026-08-02T22:04:51+00:00,-143.0,20.7,0.0,0.0,0.0,0.0,601,583491,0.0,0.0,0.0,0.0,0.0,0.0,0.0,0.0,0.0,154.0.3,6,1,0,81.0,-21.0
2026-08-02T22:09:51+00:00,-30.0,20.7,0.0,0.0,0.0,0.0,601,583791,0.0,0.0,0.0,0.0,0.0,0.0,0.0,0.0,0.0,154.0.3,6,1,0,-178.0,50.0
2026-08-02T22:14:51+00:00,-44.5,20.8,0.0,0.0,0.0,0.0,601,584091,0.0,0.0,0.0,0.0,0.0,0.0,0.0,0.0,0.0,154.0.3,6,1,0,-24.0,-68.0
2026-08-02T22:19:51+00:00,-53.5,20.8,0.0,0.0,0.0,0.0,601,584391,0.0,0.0,0.0,0.0,0.0,0.0,0.0,0.0,0.0,154.0.3,6,1,0,169.0,94.0
2026-08-02T22:24:51+00:00,-34.5,20.8,0.0,0.0,0.0,0.0,601,584691,0.0,0.0,0.0,0.0,0.0,0.0,0.0,0.0,0.0,154.0.3,6,1,0,126.0,81.0
2026-08-02T22:29:51+00:00,-28.5,20.3,0.0,0.0,0.0,0.0,601,584991,0.0,0.0,0.0,0.0,0.0,0.0,0.0,0.0,0.0,154.0.3,6,1,0,215.0,180.0
2026-08-02T22:34:51+00:00,14.0,19.6,0.0,0.0,0.0,0.0,601,585291,0.0,0.0,0.0,0.0,0.0,0.0,0.0,0.0,0.0,154.0.3,6,1,0,-34.0,116.0
2026-08-02T22:39:51+00:00,-17.0,19.6,0.0,0.0,0.0,0.0,601,585591,0.0,0.0,0.0,0.0,0.0,0.0,0.0,0.0,0.0,154.0.3,6,1,0,-104.0,169.0
2026-08-02T22:44:51+00:00,3.5,19.4,0.0,0.0,0.0,0.0,601,585891,0.0,0.0,0.0,0.0,0.0,0.0,0.0,0.0,0.0,154.0.3,6,1,0,-114.0,126.0
2026-08-02T22:49:51+00:00,18.0,19.4,0.0,0.0,0.0,0.0,601,586191,0.0,0.0,0.0,0.0,0.0,0.0,0.0,0.0,0.0,154.0.3,6,1,0,59.0,215.0
2026-08-02T22:54:51+00:00,40.5,19.4,0.0,0.0,0.0,0.0,601,586491,0.0,0.0,0.0,0.0,0.0,0.0,0.0,0.0,0.0,154.0.3,6,1,0,219.0,211.0
2026-08-02T22:59:51+00:00,-8.0,19.5,0.3,0.3,0.0,0.0,601,586791,0.3,0.3,0.3,0.0,0.0,0.0,0.3,0.3,0.3,154.0.3,6,1,0,18.0,104.0
2026-08-02T23:04:51+00:00,-46.0,19.5,0.3,0.3,0.0,0.0,601,587091,0.6,0.6,0.6,0.0,0.0,0.0,0.6,0.6,0.6,154.0.3,6,1,0,117.0,241.0
2026-08-02T23:09:51+00:00,33.0,19.5,0.3,0.3,0.0,0.0,601,587391,0.9,0.9,0.9,0.0,0.0,0.0,0.9,0.9,0.9,154.0.3,6,1,0,188.0,195.0
2026-08-02T23:14:51+00:00,59.5,19.4,0.1,0.1,0.0,0.0,601,587691,1.0,1.0,1.0,0.0,0.0,0.0,1.0,1.0,1.0,154.0.3,6,1,0,-158.0,-45.0
2026-08-02T23:19:51+00:00,63.5,19.4,0.1,0.1,0.0,0.0,601,587991,0.8,1.1,1.1,0.0,0.0,0.0,0.8,1.1,1.1,154.0.3,6,1,0,12.0,-59.0
2026-08-02T23:24:51+00:00,69.0,19.4,0.1,0.1,0.0,0.0,601,588291,0.6,1.2,1.2,0.0,0.0,0.0,0.6,1.2,1.2,154.0.3,6,1,0,-22.0,-92.0
2026-08-02T23:29:51+00:00,97.0,18.9,0.1,0.1,0.0,0.0,601,588591,0.4,1.3,1.3,0.0,0.0,0.0,0.4,1.3,1.3,154.0.3,6,1,0,-170.0,-250.0
2026-08-02T23:34:51+00:00,56.0,18.9,0.1,0.1,0.0,0.0,601,588891,0.4,1.4,1.4,0.0,0.0,0.0,0.4,1.4,1.4,154.0.3,6,1,0,-103.0,-504.0
2026-08-02T23:39:51+00:00,82.5,18.9,0.1,0.1,0.0,0.0,601,589191,0.4,1.5,1.5,0.0,0.0,0.0,0.4,1.5,1.5,154.0.3,6,1,0,229.0,180.0
2026-08-02T23:44:51+00:00,126.0,18.8,0.3,0.3,0.0,0.0,601,589491,0.6,1.8,1.8,0.0,0.0,0.0,0.6,1.8,1.8,154.0.3,6,1,0,77.0,75.0
2026-08-02T23:49:51+00:00,77.0,18.8,0.3,0.3,0.0,0.0,601,589791,0.8,2.1,2.1,0.0,0.0,0.0,0.8,2.1,2.1,154.0.3,6,1,0,3.0,69.0
2026-08-02T23:54:51+00:00,-20.0,18.8,0.3,0.3,0.0,0.0,601,590091,1.0,2.4,2.4,0.0,0.0,0.0,1.0,2.4,2.4,154.0.3,6,1,0,144.0,176.0
2026-08-02T23:59:51+00:00,14.0,18.7,0.2,0.2,0.0,0.0,601,590391,1.1,2.3,2.6,0.0,0.0,0.0,1.1,2.3,2.6,154.0.3,6,1,0,62.0,-67.0
2026-08-03T00:04:51+00:00,49.5,18.7,0.2,0.2,0.0,0.0,601,590691,1.0,2.2,2.8,0.0,0.0,0.0,1.0,2.2,2.8,154.0.3,6,1,0,-211.0,-33.0
2026-08-03T00:09:51+00:00,20.0,18.7,0.2,0.2,0.0,0.0,601,590991,0.9,2.1,3.0,0.0,0.0,0.0,0.9,2.1,3.0,154.0.3,6,1,0,-165.0,-136.0
2026-08-03T00:14:51+00:00,-7.0,18.6,0.1,0.1,0.0,0.0,601,591291,0.7,2.1,3.1,0.0,0.0,0.0,0.7,2.1,3.1,154.0.3,6,1,0,75.0,144.0
2026-08-03T00:19:51+00:00,-3.0,18.6,0.1,0.1,0.0,0.0,601,591591,0.6,2.1,3.2,0.0,0.0,0.0,0.6,2.1,3.2,154.0.3,6,1,0,98.0,226.0
2026-08-13T02:34:41+00:00,0.0,18.6,0.0,0.0,0.0,0.0,601,254081,0.4,2.0,3.2,0.0,0.0,0.0,0.4,2.0,3.2,154.0.1,2,0,0,,
2026-08-13T02:34:57+00:00,0.0,18.6,0.0,0.0,0.0,0.0,601,254097,0.2,1.9,3.2,0.0,0.0,0.0,0.2,1.9,3.2,154.0.1,2,0,0,,
2026-08-13T02:35:26+00:00,0.0,18.6,0.0,0.0,0.0,0.0,601,254126,0.1,1.8,3.2,0.0,0.0,0.0,0.1,1.8,3.2,154.0.1,2,0,0,,
2026-08-13T02:35:41+00:00,0.0,18.6,0.0,0.0,0.0,0.0,601,254141,0.0,1.7,3.2,0.0,0.0,0.0,0.0,1.7,3.2,154.0.1,2,0,0,,
2026-08-13T02:35:56+00:00,0.0,18.6,0.0,0.0,0.0,0.0,601,254156,0.0,1.4,3.2,0.0,0.0,0.0,0.0,1.4,3.2,154.0.1,2,0,0,,
2026-08-13T02:36:26+00:00,0.0,18.6,0.0,0.0,0.0,0.0,601,254186,0.0,1.1,3.2,0.0,0.0,0.0,0.0,1.1,3.2,154.0.1,2,0,0,,
2026-08-13T02:36:41+00:00,0.0,18.6,0.0,0.0,0.0,0.0,601,254201,0.0,0.8,3.2,0.0,0.0,0.0,0.0,0.8,3.2,154.0.1,2,0,0,,
2026-08-13T02:36:56+00:00,0.0,18.6,0.0,0.0,0.0,0.0,601,254216,0.0,0.6,3.2,0.0,0.0,0.0,0.0,0.6,3.2,154.0.1,2,0,0,,
2026-08-13T02:37:11+00:00,0.0,18.6,0.0,0.0,0.0,0.0,601,254231,0.0,0.4,3.2,0.0,0.0,0.0,0.0,0.4,3.2,154.0.1,2,0,0,,
2026-08-13T02:37:26+00:00,0.0,18.6,0.0,0.0,0.0,0.0,601,254246,0.0,0.2,3.2,0.0,0.0,0.0,0.0,0.2,3.2,154.0.1,2,0,0,,
2026-08-13T02:39:56+00:00,0.0,18.6,0.0,0.0,0.0,0.0,601,254396,0.0,0.1,3.2,0.0,0.0,0.0,0.0,0.1,3.2,154.0.1,2,0,0,,
2026-08-13T02:44:56+00:00,0.0,18.6,0.0,0.0,0.0,0.0,601,254696,0.0,0.0,2.9,0.0,0.0,0.0,0.0,0.0,2.9,154.0.1,2,0,0,-70.0,
2026-08-13T02:49:56+00:00,0.0,18.6,0.0,0.0,0.0,0.0,601,254996,0.0,0.0,2.6,0.0,0.0,0.0,0.0,0.0,2.6,154.0.1,2,0,0,12.0,
2026-08-13T02:54:56+00:00,0.0,18.6,0.0,0.0,0.0,0.0,601,255296,0.0,0.0,2.3,0.0,0.0,0.0,0.0,0.0,2.3,154.0.1,2,0,0,0.0,
2026-08-13T02:59:57+00:00,0.0,18.5,0.0,0.0,0.0,0.0,601,255597,0.0,0.0,2.2,0.0,0.0,0.0,0.0,0.0,2.2,154.0.1,2,0,0,-2.0,
2026-08-13T03:04:56+00:00,0.0,18.5,0.0,0.0,0.0,0.0,601,255896,0.0,0.0,2.1,0.0,0.0,0.0,0.0,0.0,2.1,154.0.1,2,0,0,0.0,89.0
2026-08-13T03:09:56+00:00,0.0,18.5,0.0,0.0,0.0,0.0,601,256196,0.0,0.0,2.0,0.0,0.0,0.0,0.0,0.0,2.0,154.0.1,2,0,0,,0.0
2026-08-13T03:14:56+00:00,0.0,18.4,0.0,0.0,0.0,0.0,601,256496,0.0,0.0,1.9,0.0,0.0,0.0,0.0,0.0,1.9,154.0.1,2,0,0,-192.0,0.0
2026-08-13T03:19:56+00:00,0.0,18.4,0.0,0.0,0.0,0.0,601,256796,0.0,0.0,1.8,0.0,0.0,0.0,0.0,0.0,1.8,154.0.1,2,0,0,-173.0,-2.0
2026-08-13T03:24:56+00:00,0.0,18.4,0.0,0.0,0.0,0.0,601,257096,0.0,0.0,1.7,0.0,0.0,0.0,0.0,0.0,1.7,154.0.1,2,0,0,-66.0,-125.0
2026-08-13T03:29:56+00:00,0.0,18.2,0.0,0.0,0.0,0.0,601,257396,0.0,0.0,1.4,0.0,0.0,0.0,0.0,0.0,1.4,154.0.1,2,0,0,0.0,
2026-08-13T03:34:56+00:00,0.0,18.2,0.0,0.0,0.0,0.0,601,257696,0.0,0.0,1.1,0.0,0.0,0.0,0.0,0.0,1.1,154.0.1,2,0,0,107.0,0.0
2026-08-13T03:39:56+00:00,0.0,18.2,0.0,0.0,0.0,0.0,601,257996,0.0,0.0,0.8,0.0,0.0,0.0,0.0,0.0,0.8,154.0.1,2,0,0,-99.0,-173.0
2026-08-13T03:44:56+00:00,61.5,18.2,0.0,0.0,0.0,0.0,601,258296,0.0,0.0,0.6,0.0,0.0,0.0,0.0,0.0,0.6,154.0.1,2,0,0,-579.0,-66.0
2026-08-13T03:49:56+00:00,0.0,18.2,0.0,0.0,0.0,0.0,601,258596,0.0,0.0,0.4,0.0,0.0,0.0,0.0,0.0,0.4,154.0.1,2,0,0,-579.0,0.0
2026-08-13T03:54:56+00:00,0.0,18.2,0.0,0.0,0.0,0.0,601,258896,0.0,0.0,0.2,0.0,0.0,0.0,0.0,0.0,0.2,154.0.1,2,0,0,-123.0,-11.0
2026-08-13T03:59:56+00:00,94.0,18.1,0.0,0.0,0.0,0.0,601,259196,0.0,0.0,0.1,0.0,0.0,0.0,0.0,0.0,0.1,154.0.1,2,0,0,284.0,0.0
2026-08-13T04:04:56+00:00,195.5,18.1,0.0,0.0,0.0,0.0,601,259496,0.0,0.0,0.0,0.0,0.0,0.0,0.0,0.0,0.0,154.0.1,3,0,0,61.0,-579.0
2026-08-13T04:09:56+00:00,188.5,18.1,0.0,0.0,0.0,0.0,601,259796,0.0,0.0,0.0,0.0,0.0,0.0,0.0,0.0,0.0,154.0.1,3,0,0,0.0,0.0
2026-08-13T04:14:56+00:00,219.0,18.0,0.0,0.0,0.0,0.0,601,260096,0.0,0.0,0.0,0.0,0.0,0.0,0.0,0.0,0.0,154.0.1,3,0,0,384.0,222.0
2026-08-13T04:19:56+00:00,101.0,18.0,0.0,0.0,0.0,0.0,601,260396,0.0,0.0,0.0,0.0,0.0,0.0,0.0,0.0,0.0,154.0.1,3,0,0,451.0,224.0
2026-08-13T04:24:56+00:00,37.5,18.0,0.0,0.0,0.0,0.0,601,260696,0.0,0.0,0.0,0.0,0.0,0.0,0.0,0.0,0.0,154.0.1,3,0,0,12.0,61.0
2026-08-13T04:29:56+00:00,42.5,18.0,0.0,0.0,0.0,0.0,601,260996,0.0,0.0,0.0,0.0,0.0,0.0,0.0,0.0,0.0,154.0.1,3,0,0,-105.0,94.0
2026-08-13T04:34:56+00:00,-12.0,17.7,0.0,0.0,0.0,0.0,601,261296,0.0,0.0,0.0,0.0,0.0,0.0,0.0,0.0,0.0,154.0.1,3,0,0,-14.0,109.0
2026-08-13T04:39:57+00:00,56.0,17.7,0.0,0.0,0.0,0.0,601,261597,0.0,0.0,0.0,0.0,0.0,0.0,0.0,0.0,0.0,154.0.1,3,0,0,-558.0,451.0
2026-08-13T04:44:56+00:00,179.0,17.6,0.0,0.0,0.0,0.0,601,261896,0.0,0.0,0.0,0.0,0.0,0.0,0.0,0.0,0.0,154.0.1,3,0,0,-558.0,494.0
2026-08-13T04:49:56+00:00,199.0,17.6,0.0,0.0,0.0,0.0,601,262196,0.0,0.0,0.0,0.0,0.0,0.0,0.0,0.0,0.0,154.0.1,3,0,0,,-24.0
2026-08-13T04:54:56+00:00,154.5,17.6,0.0,0.0,0.0,0.0,601,262496,0.0,0.0,0.0,0.0,0.0,0.0,0.0,0.0,0.0,154.0.1,3,0,0,228.0,0.0
2026-08-13T04:59:57+00:00,207.5,17.5,0.0,0.0,0.0,0.0,601,262797,0.0,0.0,0.0,0.0,0.0,0.0,0.0,0.0,0.0,154.0.1,3,0,0,296.0,-558.0
2026-08-13T05:04:56+00:00,207.5,17.5,0.0,0.0,0.0,0.0,601,263096,0.0,0.0,0.0,0.0,0.0,0.0,0.0,0.0,0.0,154.0.1,3,0,0,294.0,-558.0
2026-08-13T05:09:56+00:00,180.5,17.5,0.0,0.0,0.0,0.0,601,263396,0.0,0.0,0.0,0.0,0.0,0.0,0.0,0.0,0.0,154.0.1,3,0,0,,
2026-08-13T05:14:56+00:00,431.0,17.5,0.0,0.0,0.0,0.0,601,263696,0.0,0.0,0.0,0.0,0.0,0.0,0.0,0.0,0.0,154.0.1,3,0,0,398.0,228.0
2026-08-13T05:19:56+00:00,450.0,17.5,0.0,0.0,0.0,0.0,601,263996,0.0,0.0,0.0,0.0,0.0,0.0,0.0,0.0,0.0,154.0.1,3,0,0,403.0,296.0
2026-08-13T05:24:56+00:00,406.0,17.5,0.0,0.0,0.0,0.0,601,264296,0.0,0.0,0.0,0.0,0.0,0.0,0.0,0.0,0.0,154.0.1,3,0,0,431.0,294.0
2026-08-13T05:29:56+00:00,465.0,17.4,0.0,0.0,0.0,0.0,601,264596,0.0,0.0,0.0,0.0,0.0,0.0,0.0,0.0,0.0,154.0.1,3,0,0,450.0,
2026-08-13T07:39:56+00:00,0.0,17.7,0.0,0.0,0.0,0.0,601,272396,0.0,0.0,0.0,0.0,0.0,0.0,0.0,0.0,0.0,154.0.1,3,0,0,,
2026-08-13T07:44:56+00:00,0.0,17.6,0.0,0.0,0.0,0.0,601,272696,0.0,0.0,0.0,0.0,0.0,0.0,0.0,0.0,0.0,154.0.1,3,0,0,,
2026-08-13T07:49:56+00:00,-60.5,17.6,0.0,0.0,0.0,0.0,601,272996,0.0,0.0,0.0,0.0,0.0,0.0,0.0,0.0,0.0,154.0.1,3,0,0,,
2026-08-13T07:54:56+00:00,0.0,17.6,0.0,0.0,0.0,0.0,601,273296,0.0,0.0,0.0,0.0,0.0,0.0,0.0,0.0,0.0,154.0.1,3,0,0,,
2026-08-13T07:59:56+00:00,-12.0,17.5,0.0,0.0,0.0,0.0,601,273596,0.0,0.0,0.0,0.0,0.0,0.0,0.0,0.0,0.0,154.0.1,3,0,0,0.0,
2026-08-13T08:04:56+00:00,0.0,17.5,0.0,0.0,0.0,0.0,601,273896,0.0,0.0,0.0,0.0,0.0,0.0,0.0,0.0,0.0,154.0.1,3,0,0,0.0,
2026-08-13T08:09:56+00:00,0.0,17.5,0.0,0.0,0.0,0.0,601,274196,0.0,0.0,0.0,0.0,0.0,0.0,0.0,0.0,0.0,154.0.1,3,0,0,0.0,0.0
2026-08-13T08:14:56+00:00,0.0,17.4,0.0,0.0,0.0,0.0,601,274496,0.0,0.0,0.0,0.0,0.0,0.0,0.0,0.0,0.0,154.0.1,3,0,0,0.0,0.0
2026-08-13T08:19:56+00:00,0.0,17.4,0.0,0.0,0.0,0.0,601,274796,0.0,0.0,0.0,0.0,0.0,0.0,0.0,0.0,0.0,154.0.1,3,0,0,30.0,0.0
2026-08-13T08:24:56+00:00,0.0,17.3,0.0,0.0,0.0,0.0,601,275096,0.0,0.0,0.0,0.0,0.0,0.0,0.0,0.0,0.0,154.0.1,3,0,0,0.0,0.0
2026-08-13T08:29:56+00:00,0.0,17.3,0.0,0.0,0.0,0.0,601,275396,0.0,0.0,0.0,0.0,0.0,0.0,0.0,0.0,0.0,154.0.1,3,0,0,0.0,0.0
2026-08-13T08:34:56+00:00,0.0,17.3,0.0,0.0,0.0,0.0,601,275696,0.0,0.0,0.0,0.0,0.0,0.0,0.0,0.0,0.0,154.0.1,3,0,0,-81.0,18.0
2026-08-13T08:39:56+00:00,-25.0,17.3,0.0,0.0,0.0,0.0,601,275996,0.0,0.0,0.0,0.0,0.0,0.0,0.0,0.0,0.0,154.0.1,3,0,0,16.0,0.0
2026-08-13T08:44:56+00:00,-27.5,16.9,0.0,0.0,0.0,0.0,601,276296,0.0,0.0,0.0,0.0,0.0,0.0,0.0,0.0,0.0,154.0.1,3,0,0,-190.0,-39.0
2026-08-13T08:49:56+00:00,-11.5,16.9,0.0,0.0,0.0,0.0,601,276596,0.0,0.0,0.0,0.0,0.0,0.0,0.0,0.0,0.0,154.0.1,3,0,0,-191.0,-73.0
2026-08-13T08:54:56+00:00,0.0,16.9,0.0,0.0,0.0,0.0,601,276896,0.0,0.0,0.0,0.0,0.0,0.0,0.0,0.0,0.0,154.0.1,3,0,0,0.0,-81.0
2026-08-13T08:59:56+00:00,-2.0,16.9,0.0,0.0,0.0,0.0,601,277196,0.0,0.0,0.0,0.0,0.0,0.0,0.0,0.0,0.0,154.0.1,3,0,0,-11.0,0.0
2026-08-13T09:04:56+00:00,-27.0,16.9,0.0,0.0,0.0,0.0,601,277496,0.0,0.0,0.0,0.0,0.0,0.0,0.0,0.0,0.0,154.0.1,3,0,0,-60.0,0.0
2026-08-13T09:09:56+00:00,-43.5,16.9,0.0,0.0,0.0,0.0,601,277796,0.0,0.0,0.0,0.0,0.0,0.0,0.0,0.0,0.0,154.0.1,3,0,0,0.0,0.0
2026-08-13T09:14:57+00:00,0.0,16.8,0.0,0.0,0.0,0.0,601,278097,0.0,0.0,0.0,0.0,0.0,0.0,0.0,0.0,0.0,154.0.1,3,0,0,-160.0,-10.0
2026-08-13T09:19:57+00:00,-43.0,16.8,0.0,0.0,0.0,0.0,601,278397,0.0,0.0,0.0,0.0,0.0,0.0,0.0,0.0,0.0,154.0.1,3,0,0,0.0,0.0
2026-08-13T09:24:57+00:00,-36.5,16.8,0.0,0.0,0.0,0.0,601,278697,0.0,0.0,0.0,0.0,0.0,0.0,0.0,0.0,0.0,154.0.1,3,0,0,16.0,0.0
2026-08-13T09:29:57+00:00,-25.0,16.6,0.0,0.0,0.0,0.0,601,278997,0.0,0.0,0.0,0.0,0.0,0.0,0.0,0.0,0.0,154.0.1,3,0,0,0.0,0.0
2026-08-13T09:34:57+00:00,-10.0,16.6,0.0,0.0,0.0,0.0,601,279297,0.0,0.0,0.0,0.0,0.0,0.0,0.0,0.0,0.0,154.0.1,3,0,0,0.0,86.0
2026-08-13T09:39:57+00:00,0.0,16.7,0.0,0.0,0.0,0.0,601,279597,0.0,0.0,0.0,0.0,0.0,0.0,0.0,0.0,0.0,154.0.1,3,0,0,-116.0,93.0
2026-08-13T09:44:57+00:00,0.0,16.7,0.0,0.0,0.0,0.0,601,279897,0.0,0.0,0.0,0.0,0.0,0.0,0.0,0.0,0.0,154.0.1,3,0,0,0.0,0.0
2026-08-13T09:49:57+00:00,0.0,16.7,0.0,0.0,0.0,0.0,601,280197,0.0,0.0,0.0,0.0,0.0,0.0,0.0,0.0,0.0,154.0.1,3,0,0,-137.0,0.0
2026-08-13T09:54:57+00:00,0.0,16.7,0.0,0.0,0.0,0.0,601,280497,0.0,0.0,0.0,0.0,0.0,0.0,0.0,0.0,0.0,154.0.1,3,0,0,77.0,-27.0
2026-08-13T09:59:57+00:00,0.0,16.5,0.0,0.0,0.0,0.0,601,280797,0.0,0.0,0.0,0.0,0.0,0.0,0.0,0.0,0.0,154.0.1,3,0,0,189.0,20.0
2026-08-13T10:04:57+00:00,0.0,16.5,0.0,0.0,0.0,0.0,601,281097,0.0,0.0,0.0,0.0,0.0,0.0,0.0,0.0,0.0,154.0.1,3,0,0,-72.0,-108.0
2026-08-13T10:09:57+00:00,0.0,16.5,0.0,0.0,0.0,0.0,601,281397,0.0,0.0,0.0,0.0,0.0,0.0,0.0,0.0,0.0,154.0.1,3,0,0,171.0,52.0
2026-08-13T10:14:57+00:00,0.0,16.4,0.0,0.0,0.0,0.0,601,281697,0.0,0.0,0.0,0.0,0.0,0.0,0.0,0.0,0.0,154.0.1,3,0,0,0.0,0.0
2026-08-13T10:19:57+00:00,0.0,16.4,0.0,0.0,0.0,0.0,601,281997,0.0,0.0,0.0,0.0,0.0,0.0,0.0,0.0,0.0,154.0.1,3,0,0,260.0,189.0
2026-08-13T10:24:57+00:00,-29.0,16.4,0.0,0.0,0.0,0.0,601,282297,0.0,0.0,0.0,0.0,0.0,0.0,0.0,0.0,0.0,154.0.1,3,0,0,59.0,146.0
2026-08-13T10:29:57+00:00,-0.5,16.4,0.0,0.0,0.0,0.0,601,282597,0.0,0.0,0.0,0.0,0.0,0.0,0.0,0.0,0.0,154.0.1,3,0,0,0.0,171.0
2026-08-13T10:34:57+00:00,-26.0,16.6,0.0,0.0,0.0,0.0,601,282897,0.0,0.0,0.0,0.0,0.0,0.0,0.0,0.0,0.0,154.0.1,3,0,0,0.0,0.0
2026-08-13T10:39:57+00:00,0.0,16.6,0.0,0.0,0.0,0.0,601,283197,0.0,0.0,0.0,0.0,0.0,0.0,0.0,0.0,0.0,154.0.1,3,0,0,-1.0,0.0
2026-08-13T10:44:57+00:00,-7.0,16.5,0.0,0.0,0.0,0.0,601,283497,0.0,0.0,0.0,0.0,0.0,0.0,0.0,0.0,0.0,154.0.1,3,0,0,22.0,0.0
2026-08-13T10:49:57+00:00,0.0,16.5,0.0,0.0,0.0,0.0,601,283797,0.0,0.0,0.0,0.0,0.0,0.0,0.0,0.0,0.0,154.0.1,3,0,0,-542.0,0.0
2026-08-13T10:54:57+00:00,0.0,16.5,0.0,0.0,0.0,0.0,601,284097,0.0,0.0,0.0,0.0,0.0,0.0,0.0,0.0,0.0,154.0.1,3,0,0,-25.0,-159.0
2026-08-13T10:59:57+00:00,0.0,16.6,0.0,0.0,0.0,0.0,601,284397,0.0,0.0,0.0,0.0,0.0,0.0,0.0,0.0,0.0,154.0.1,3,0,0,138.0,49.0
2026-08-13T11:04:57+00:00,0.0,16.6,0.0,0.0,0.0,0.0,601,284697,0.0,0.0,0.0,0.0,0.0,0.0,0.0,0.0,0.0,154.0.1,3,0,0,109.0,22.0
2026-08-13T11:09:57+00:00,6.0,16.6,0.0,0.0,0.0,0.0,601,284997,0.0,0.0,0.0,0.0,0.0,0.0,0.0,0.0,0.0,154.0.1,3,0,0,172.0,0.0
2026-08-13T11:14:58+00:00,0.0,16.8,0.0,0.0,0.0,0.0,601,285298,0.0,0.0,0.0,0.0,0.0,0.0,0.0,0.0,0.0,154.0.1,3,0,0,-55.0,-25.0
2026-08-13T11:19:57+00:00,0.0,16.8,0.0,0.0,0.0,0.0,601,285597,0.0,0.0,0.0,0.0,0.0,0.0,0.0,0.0,0.0,154.0.1,3,0,0,0.0,147.0
2026-08-13T11:24:57+00:00,0.0,16.8,0.0,0.0,0.0,0.0,601,285897,0.0,0.0,0.0,0.0,0.0,0.0,0.0,0.0,0.0,154.0.1,3,0,0,,0.0
2026-08-13T11:29:57+00:00,1.0,17.2,0.0,0.0,0.0,0.0,601,286197,0.0,0.0,0.0,0.0,0.0,0.0,0.0,0.0,0.0,154.0.1,3,0,0,0.0,172.0
2026-08-13T11:34:57+00:00,0.0,17.2,0.0,0.0,0.0,0.0,601,286497,0.0,0.0,0.0,0.0,0.0,0.0,0.0,0.0,0.0,154.0.1,3,0,0,188.0,187.0
2026-08-13T11:39:57+00:00,0.0,17.2,0.0,0.0,0.0,0.0,601,286797,0.0,0.0,0.0,0.0,0.0,0.0,0.0,0.0,0.0,154.0.1,3,0,0,119.0,0.0
2026-08-13T11:44:57+00:00,0.0,17.6,0.0,0.0,0.0,0.0,601,287097,0.0,0.0,0.0,0.0,0.0,0.0,0.0,0.0,0.0,154.0.1,3,0,0,0.0,
2026-08-13T11:49:58+00:00,0.0,17.6,0.0,0.0,0.0,0.0,601,287398,0.0,0.0,0.0,0.0,0.0,0.0,0.0,0.0,0.0,154.0.1,3,0,0,-182.0,0.0
2026-08-13T11:54:57+00:00,0.0,17.6,0.0,0.0,0.0,0.0,601,287697,0.0,0.0,0.0,0.0,0.0,0.0,0.0,0.0,0.0,154.0.1,3,0,0,0.0,0.0
2026-08-13T11:59:58+00:00,0.0,18.0,0.0,0.0,0.0,0.0,601,287998,0.0,0.0,0.0,0.0,0.0,0.0,0.0,0.0,0.0,154.0.1,3,0,0,0.0,0.0
2026-08-13T12:04:57+00:00,0.0,18.0,0.0,0.0,0.0,0.0,601,288297,0.0,0.0,0.0,0.0,0.0,0.0,0.0,0.0,0.0,154.0.1,3,0,0,0.0,0.0
2026-08-13T12:09:57+00:00,-1.0,18.0,0.0,0.0,0.0,0.0,601,288597,0.0,0.0,0.0,0.0,0.0,0.0,0.0,0.0,0.0,154.0.1,3,0,0,,-136.0
2026-08-13T12:14:57+00:00,-11.0,18.4,0.0,0.0,0.0,0.0,601,288897,0.0,0.0,0.0,0.0,0.0,0.0,0.0,0.0,0.0,154.0.1,3,0,0,0.0,0.0
2026-08-13T12:19:58+00:00,0.0,18.4,0.0,0.0,0.0,0.0,601,289198,0.0,0.0,0.0,0.0,0.0,0.0,0.0,0.0,0.0,154.0.1,3,0,0,-31.0,0.0
2026-08-13T12:24:57+00:00,-53.5,18.4,0.0,0.0,0.0,0.0,601,289497,0.0,0.0,0.0,0.0,0.0,0.0,0.0,0.0,0.0,154.0.1,3,0,0,-40.0,-202.0
2026-08-13T12:29:58+00:00,-8.5,18.8,0.0,0.0,0.0,0.0,601,289798,0.0,0.0,0.0,0.0,0.0,0.0,0.0,0.0,0.0,154.0.1,3,0,0,0.0,0.0
2026-08-13T12:34:57+00:00,-7.0,18.9,0.0,0.0,0.0,0.0,601,290097,0.0,0.0,0.0,0.0,0.0,0.0,0.0,0.0,0.0,154.0.1,3,0,0,0.0,0.0
2026-08-13T12:39:58+00:00,0.0,18.9,0.0,0.0,0.0,0.0,601,290398,0.0,0.0,0.0,0.0,0.0,0.0,0.0,0.0,0.0,154.0.1,3,0,0,-88.0,-66.0
2026-08-13T12:44:57+00:00,0.0,19.2,0.0,0.0,0.0,0.0,601,290697,0.0,0.0,0.0,0.0,0.0,0.0,0.0,0.0,0.0,154.0.1,3,0,0,0.0,0.0
2026-08-13T12:49:58+00:00,0.0,19.2,0.0,0.0,0.0,0.0,601,290998,0.0,0.0,0.0,0.0,0.0,0.0,0.0,0.0,0.0,154.0.1,3,0,0,-1.0,-136.0
2026-08-13T12:54:57+00:00,0.0,19.2,0.0,0.0,0.0,0.0,601,291297,0.0,0.0,0.0,0.0,0.0,0.0,0.0,0.0,0.0,154.0.1,3,0,0,20.0,-472.0
2026-08-13T12:59:57+00:00,0.0,19.7,0.0,0.0,0.0,0.0,601,291597,0.0,0.0,0.0,0.0,0.0,0.0,0.0,0.0,0.0,154.0.1,3,0,0,,
2026-08-13T13:04:57+00:00,0.0,19.7,0.0,0.0,0.0,0.0,601,291897,0.0,0.0,0.0,0.0,0.0,0.0,0.0,0.0,0.0,154.0.1,3,0,0,0.0,-43.0
2026-08-13T13:09:58+00:00,0.0,19.7,0.0,0.0,0.0,0.0,601,292198,0.0,0.0,0.0,0.0,0.0,0.0,0.0,0.0,0.0,154.0.1,3,0,0,0.0,-76.0
2026-08-13T13:14:57+00:00,0.0,20.1,0.0,0.0,0.0,0.0,601,292497,0.0,0.0,0.0,0.0,0.0,0.0,0.0,0.0,0.0,154.0.1,3,0,0,0.0,20.0
2026-08-13T13:19:57+00:00,0.0,20.1,0.0,0.0,0.0,0.0,601,292797,0.0,0.0,0.0,0.0,0.0,0.0,0.0,0.0,0.0,154.0.1,3,0,0,,
2026-08-13T13:24:57+00:00,0.0,20.1,0.0,0.0,0.0,0.0,601,293097,0.0,0.0,0.0,0.0,0.0,0.0,0.0,0.0,0.0,154.0.1,3,0,0,0.0,0.0
2026-08-13T13:29:57+00:00,0.0,20.6,0.0,0.0,0.0,0.0,601,293397,0.0,0.0,0.0,0.0,0.0,0.0,0.0,0.0,0.0,154.0.1,3,0,0,343.0,0.0
2026-08-13T13:34:57+00:00,-1.0,20.6,0.0,0.0,0.0,0.0,601,293697,0.0,0.0,0.0,0.0,0.0,0.0,0.0,0.0,0.0,154.0.1,3,0,0,280.0,49.0
2026-08-13T13:39:57+00:00,0.0,20.6,0.0,0.0,0.0,0.0,601,293997,0.0,0.0,0.0,0.0,0.0,0.0,0.0,0.0,0.0,154.0.1,3,0,0,310.0,
2026-08-13T13:44:57+00:00,0.0,21.0,0.0,0.0,0.0,0.0,601,294297,0.0,0.0,0.0,0.0,0.0,0.0,0.0,0.0,0.0,154.0.1,3,0,0,201.0,171.0
2026-08-13T13:49:57+00:00,0.0,21.0,0.0,0.0,0.0,0.0,601,294597,0.0,0.0,0.0,0.0,0.0,0.0,0.0,0.0,0.0,154.0.1,3,0,0,219.0,-467.0
2026-08-13T13:54:57+00:00,0.0,21.0,0.0,0.0,0.0,0.0,601,294897,0.0,0.0,0.0,0.0,0.0,0.0,0.0,0.0,0.0,154.0.1,3,0,0,-16.0,-87.0
2026-08-13T13:59:57+00:00,0.0,21.3,0.0,0.0,0.0,0.0,601,295197,0.0,0.0,0.0,0.0,0.0,0.0,0.0,0.0,0.0,154.0.1,3,0,0,227.0,117.0
2026-08-13T14:04:57+00:00,0.0,21.3,0.0,0.0,0.0,0.0,601,295497,0.0,0.0,0.0,0.0,0.0,0.0,0.0,0.0,0.0,154.0.1,3,0,0,208.0,-5.0
2026-08-13T14:09:57+00:00,0.0,21.3,0.0,0.0,0.0,0.0,601,295797,0.0,0.0,0.0,0.0,0.0,0.0,0.0,0.0,0.0,154.0.1,3,0,0,170.0,219.0
2026-08-13T14:14:57+00:00,19.0,21.6,0.0,0.0,0.0,0.0,601,296097,0.0,0.0,0.0,0.0,0.0,0.0,0.0,0.0,0.0,154.0.1,3,0,0,159.0,107.0
2026-08-13T14:19:57+00:00,0.0,21.6,0.0,0.0,0.0,0.0,601,296397,0.0,0.0,0.0,0.0,0.0,0.0,0.0,0.0,0.0,154.0.1,3,0,0,186.0,227.0
2026-08-13T14:24:57+00:00,0.0,21.6,0.0,0.0,0.0,0.0,601,296697,0.0,0.0,0.0,0.0,0.0,0.0,0.0,0.0,0.0,154.0.1,3,0,0,-70.0,0.0
2026-08-13T14:29:57+00:00,0.0,22.0,0.0,0.0,0.0,0.0,601,296997,0.0,0.0,0.0,0.0,0.0,0.0,0.0,0.0,0.0,154.0.1,3,0,0,-141.0,-312.0
2026-08-13T14:34:57+00:00,25.0,22.1,0.0,0.0,0.0,0.0,601,297297,0.0,0.0,0.0,0.0,0.0,0.0,0.0,0.0,0.0,154.0.1,3,0,0,0.0,-312.0
2026-08-13T14:39:57+00:00,34.5,22.1,0.0,0.0,0.0,0.0,601,297597,0.0,0.0,0.0,0.0,0.0,0.0,0.0,0.0,0.0,154.0.1,3,0,0,57.0,-19.0
2026-08-13T14:44:57+00:00,0.0,22.3,0.0,0.0,0.0,0.0,601,297897,0.0,0.0,0.0,0.0,0.0,0.0,0.0,0.0,0.0,154.0.1,3,0,0,25.0,57.0
2026-08-13T14:49:57+00:00,0.0,22.3,0.0,0.0,0.0,0.0,601,298197,0.0,0.0,0.0,0.0,0.0,0.0,0.0,0.0,0.0,154.0.1,3,0,0,0.0,141.0
2026-08-13T14:54:57+00:00,0.0,22.3,0.0,0.0,0.0,0.0,601,298497,0.0,0.0,0.0,0.0,0.0,0.0,0.0,0.0,0.0,154.0.1,3,0,0,233.0,152.0
2026-08-13T14:59:57+00:00,0.0,22.6,0.0,0.0,0.0,0.0,601,298797,0.0,0.0,0.0,0.0,0.0,0.0,0.0,0.0,0.0,154.0.1,3,0,0,0.0,57.0
2026-08-13T15:04:57+00:00,0.0,22.6,0.0,0.0,0.0,0.0,601,299097,0.0,0.0,0.0,0.0,0.0,0.0,0.0,0.0,0.0,154.0.1,3,0,0,-46.0,25.0
2026-08-13T15:09:57+00:00,0.0,22.6,0.0,0.0,0.0,0.0,601,299397,0.0,0.0,0.0,0.0,0.0,0.0,0.0,0.0,0.0,154.0.1,3,0,0,9.0,0.0
2026-08-13T15:14:57+00:00,-0.5,22.8,0.0,0.0,0.0,0.0,601,299697,0.0,0.0,0.0,0.0,0.0,0.0,0.0,0.0,0.0,154.0.1,3,0,0,-39.0,-62.0
2026-08-13T15:19:57+00:00,0.0,22.8,0.0,0.0,0.0,0.0,601,299997,0.0,0.0,0.0,0.0,0.0,0.0,0.0,0.0,0.0,154.0.1,3,0,0,-49.0,-20.0
2026-08-13T15:24:57+00:00,-6.0,22.8,0.0,0.0,0.0,0.0,601,300297,0.0,0.0,0.0,0.0,0.0,0.0,0.0,0.0,0.0,154.0.1,3,0,0,-34.0,27.0
2026-08-13T15:29:57+00:00,0.0,23.1,0.0,0.0,0.0,0.0,601,300597,0.0,0.0,0.0,0.0,0.0,0.0,0.0,0.0,0.0,154.0.1,3,0,0,-93.0,56.0
2026-08-13T15:34:57+00:00,32.0,23.4,0.0,0.0,0.0,0.0,601,300897,0.0,0.0,0.0,0.0,0.0,0.0,0.0,0.0,0.0,154.0.1,3,0,0,-26.0,-39.0
2026-08-13T15:39:57+00:00,0.0,23.4,0.0,0.0,0.0,0.0,601,301197,0.0,0.0,0.0,0.0,0.0,0.0,0.0,0.0,0.0,154.0.1,3,0,0,52.0,-29.0
2026-08-13T15:44:57+00:00,13.5,23.7,0.0,0.0,0.0,0.0,601,301497,0.0,0.0,0.0,0.0,0.0,0.0,0.0,0.0,0.0,154.0.1,3,0,0,-3.0,-118.0
2026-08-13T15:49:57+00:00,0.0,23.7,0.0,0.0,0.0,0.0,601,301797,0.0,0.0,0.0,0.0,0.0,0.0,0.0,0.0,0.0,154.0.1,3,0,0,-31.0,127.0
2026-08-13T15:54:57+00:00,0.0,23.7,0.0,0.0,0.0,0.0,601,302097,0.0,0.0,0.0,0.0,0.0,0.0,0.0,0.0,0.0,154.0.1,3,0,0,-102.0,115.0
2026-08-13T15:59:57+00:00,113.5,24.0,0.0,0.0,0.0,0.0,601,302397,0.0,0.0,0.0,0.0,0.0,0.0,0.0,0.0,0.0,154.0.1,3,0,0,-53.0,52.0
2026-08-13T16:04:57+00:00,108.0,24.0,0.0,0.0,0.0,0.0,601,302697,0.0,0.0,0.0,0.0,0.0,0.0,0.0,0.0,0.0,154.0.1,3,0,0,-4.0,51.0
2026-08-13T16:09:57+00:00,31.0,24.0,0.0,0.0,0.0,0.0,601,302997,0.0,0.0,0.0,0.0,0.0,0.0,0.0,0.0,0.0,154.0.1,3,0,0,-45.0,-31.0
2026-08-13T16:14:57+00:00,0.0,24.2,0.0,0.0,0.0,0.0,601,303297,0.0,0.0,0.0,0.0,0.0,0.0,0.0,0.0,0.0,154.0.1,3,0,0,248.0,27.0
2026-08-13T16:19:57+00:00,0.0,24.2,0.0,0.0,0.0,0.0,601,303597,0.0,0.0,0.0,0.0,0.0,0.0,0.0,0.0,0.0,154.0.1,3,0,0,-8.0,-53.0
2026-08-13T16:24:57+00:00,50.0,24.2,0.0,0.0,0.0,0.0,601,303897,0.0,0.0,0.0,0.0,0.0,0.0,0.0,0.0,0.0,154.0.1,3,0,0,184.0,231.0
2026-08-13T16:29:57+00:00,105.0,24.5,0.0,0.0,0.0,0.0,601,304197,0.0,0.0,0.0,0.0,0.0,0.0,0.0,0.0,0.0,154.0.1,3,0,0,-2.0,-45.0
2026-08-13T16:34:57+00:00,80.5,24.5,0.0,0.0,0.0,0.0,601,304497,0.0,0.0,0.0,0.0,0.0,0.0,0.0,0.0,0.0,154.0.1,3,0,0,-13.0,-43.0
2026-08-13T16:39:57+00:00,73.0,24.2,0.0,0.0,0.0,0.0,601,304797,0.0,0.0,0.0,0.0,0.0,0.0,0.0,0.0,0.0,154.0.1,3,0,0,-151.0,179.0
2026-08-13T16:44:57+00:00,172.0,24.5,0.0,0.0,0.0,0.0,601,305097,0.0,0.0,0.0,0.0,0.0,0.0,0.0,0.0,0.0,154.0.1,3,0,0,0.0,0.0
2026-08-13T16:49:57+00:00,92.5,24.5,0.0,0.0,0.0,0.0,601,305397,0.0,0.0,0.0,0.0,0.0,0.0,0.0,0.0,0.0,154.0.1,3,0,0,0.0,-2.0
2026-08-13T16:54:57+00:00,70.0,24.5,0.0,0.0,0.0,0.0,601,305697,0.0,0.0,0.0,0.0,0.0,0.0,0.0,0.0,0.0,154.0.1,3,0,0,0.0,211.0
2026-08-13T16:59:57+00:00,26.0,24.8,0.0,0.0,0.0,0.0,601,305997,0.0,0.0,0.0,0.0,0.0,0.0,0.0,0.0,0.0,154.0.1,3,0,0,241.0,-151.0
2026-08-13T17:04:57+00:00,34.5,24.8,0.0,0.0,0.0,0.0,601,306297,0.0,0.0,0.0,0.0,0.0,0.0,0.0,0.0,0.0,154.0.1,3,0,0,266.0,-107.0
2026-08-13T17:09:58+00:00,108.0,24.8,0.0,0.0,0.0,0.0,601,306598,0.0,0.0,0.0,0.0,0.0,0.0,0.0,0.0,0.0,154.0.1,3,0,0,0.0,0.0
2026-08-13T17:14:57+00:00,73.5,25.0,0.0,0.0,0.0,0.0,601,306897,0.0,0.0,0.0,0.0,0.0,0.0,0.0,0.0,0.0,154.0.1,3,0,0,0.0,221.0
2026-08-13T17:19:57+00:00,82.5,25.0,0.0,0.0,0.0,0.0,601,307197,0.0,0.0,0.0,0.0,0.0,0.0,0.0,0.0,0.0,154.0.1,3,0,0,,241.0
2026-08-13T17:24:57+00:00,56.5,25.0,0.0,0.0,0.0,0.0,601,307497,0.0,0.0,0.0,0.0,0.0,0.0,0.0,0.0,0.0,154.0.1,3,0,0,83.0,266.0
2026-08-13T17:29:57+00:00,20.0,25.3,0.0,0.0,0.0,0.0,601,307797,0.0,0.0,0.0,0.0,0.0,0.0,0.0,0.0,0.0,154.0.1,3,0,0,0.0,110.0
2026-08-13T17:34:57+00:00,0.0,25.1,0.0,0.0,0.0,0.0,601,308097,0.0,0.0,0.0,0.0,0.0,0.0,0.0,0.0,0.0,154.0.1,3,0,0,91.0,0.0
2026-08-13T17:39:57+00:00,1.5,25.1,0.0,0.0,0.0,0.0,601,308397,0.0,0.0,0.0,0.0,0.0,0.0,0.0,0.0,0.0,154.0.1,3,0,0,0.0,
2026-08-13T17:44:57+00:00,0.0,25.4,0.0,0.0,0.0,0.0,601,308697,0.0,0.0,0.0,0.0,0.0,0.0,0.0,0.0,0.0,154.0.1,3,0,0,-30.0,0.0
2026-08-13T17:49:58+00:00,0.0,25.4,0.0,0.0,0.0,0.0,601,308998,0.0,0.0,0.0,0.0,0.0,0.0,0.0,0.0,0.0,154.0.1,3,0,0,34.0,64.0
2026-08-13T17:54:57+00:00,0.0,25.4,0.0,0.0,0.0,0.0,601,309297,0.0,0.0,0.0,0.0,0.0,0.0,0.0,0.0,0.0,154.0.1,3,0,0,30.0,28.0
2026-08-13T17:59:58+00:00,0.0,25.8,0.0,0.0,0.0,0.0,601,309598,0.0,0.0,0.0,0.0,0.0,0.0,0.0,0.0,0.0,154.0.1,3,0,0,-126.0,0.0
2026-08-13T18:04:57+00:00,0.0,25.8,0.0,0.0,0.0,0.0,601,309897,0.0,0.0,0.0,0.0,0.0,0.0,0.0,0.0,0.0,154.0.1,3,0,0,-54.0,0.0
2026-08-13T18:09:58+00:00,0.0,25.8,0.0,0.0,0.0,0.0,601,310198,0.0,0.0,0.0,0.0,0.0,0.0,0.0,0.0,0.0,154.0.1,3,0,0,-130.0,3.0
2026-08-13T18:14:57+00:00,0.0,26.0,0.0,0.0,0.0,0.0,601,310497,0.0,0.0,0.0,0.0,0.0,0.0,0.0,0.0,0.0,154.0.1,3,0,0,0.0,0.0
2026-08-13T18:19:57+00:00,0.0,26.0,0.0,0.0,0.0,0.0,601,310797,0.0,0.0,0.0,0.0,0.0,0.0,0.0,0.0,0.0,154.0.1,3,0,0,,
2026-08-13T18:24:57+00:00,0.0,26.0,0.0,0.0,0.0,0.0,601,311097,0.0,0.0,0.0,0.0,0.0,0.0,0.0,0.0,0.0,154.0.1,3,0,0,87.0,56.0
2026-08-13T18:29:57+00:00,0.0,26.3,0.0,0.0,0.0,0.0,601,311397,0.0,0.0,0.0,0.0,0.0,0.0,0.0,0.0,0.0,154.0.1,3,0,0,171.0,
2026-08-13T18:34:57+00:00,0.0,26.3,0.0,0.0,0.0,0.0,601,311697,0.0,0.0,0.0,0.0,0.0,0.0,0.0,0.0,0.0,154.0.1,3,0,0,0.0,0.0
2026-08-13T18:39:58+00:00,-11.5,26.3,0.0,0.0,0.0,0.0,601,311998,0.0,0.0,0.0,0.0,0.0,0.0,0.0,0.0,0.0,154.0.1,3,0,0,0.0,0.0
2026-08-13T18:44:57+00:00,0.0,26.4,0.0,0.0,0.0,0.0,601,312297,0.0,0.0,0.0,0.0,0.0,0.0,0.0,0.0,0.0,154.0.1,3,0,0,-377.0,0.0
2026-08-13T18:49:57+00:00,0.0,26.4,0.0,0.0,0.0,0.0,601,312597,0.0,0.0,0.0,0.0,0.0,0.0,0.0,0.0,0.0,154.0.1,3,0,0,,-203.0
2026-08-13T18:54:57+00:00,0.0,26.4,0.0,0.0,0.0,0.0,601,312897,0.0,0.0,0.0,0.0,0.0,0.0,0.0,0.0,0.0,154.0.1,3,0,0,237.0,0.0
2026-08-13T18:59:58+00:00,0.0,26.6,0.0,0.0,0.0,0.0,601,313198,0.0,0.0,0.0,0.0,0.0,0.0,0.0,0.0,0.0,154.0.1,3,0,0,-10.0,-5.0
2026-08-13T19:04:57+00:00,-24.0,26.6,0.0,0.0,0.0,0.0,601,313497,0.0,0.0,0.0,0.0,0.0,0.0,0.0,0.0,0.0,154.0.1,3,0,0,-29.0,-377.0
2026-08-13T19:09:57+00:00,0.0,26.6,0.0,0.0,0.0,0.0,601,313797,0.0,0.0,0.0,0.0,0.0,0.0,0.0,0.0,0.0,154.0.1,3,0,0,,
2026-08-13T19:14:57+00:00,0.0,26.6,0.0,0.0,0.0,0.0,601,314097,0.0,0.0,0.0,0.0,0.0,0.0,0.0,0.0,0.0,154.0.1,3,0,0,0.0,26.0
2026-08-13T19:19:58+00:00,0.0,26.6,0.0,0.0,0.0,0.0,601,314398,0.0,0.0,0.0,0.0,0.0,0.0,0.0,0.0,0.0,154.0.1,3,0,0,-30.0,45.0
2026-08-13T19:24:57+00:00,0.0,26.6,0.0,0.0,0.0,0.0,601,314697,0.0,0.0,0.0,0.0,0.0,0.0,0.0,0.0,0.0,154.0.1,3,0,0,216.0,-29.0
2026-08-13T19:29:57+00:00,0.0,26.7,0.0,0.0,0.0,0.0,601,314997,0.0,0.0,0.0,0.0,0.0,0.0,0.0,0.0,0.0,154.0.1,3,0,0,,
2026-08-13T19:34:57+00:00,0.0,26.7,0.0,0.0,0.0,0.0,601,315297,0.0,0.0,0.0,0.0,0.0,0.0,0.0,0.0,0.0,154.0.1,3,0,0,-262.0,-93.0
2026-08-13T19:39:57+00:00,0.0,26.7,0.0,0.0,0.0,0.0,601,315597,0.0,0.0,0.0,0.0,0.0,0.0,0.0,0.0,0.0,154.0.1,3,0,0,-206.0,-30.0
2026-08-13T19:44:58+00:00,0.0,26.8,0.0,0.0,0.0,0.0,601,315898,0.0,0.0,0.0,0.0,0.0,0.0,0.0,0.0,0.0,154.0.1,3,0,0,236.0,75.0
2026-08-13T19:49:57+00:00,0.0,26.8,0.0,0.0,0.0,0.0,601,316197,0.0,0.0,0.0,0.0,0.0,0.0,0.0,0.0,0.0,154.0.1,3,0,0,0.0,
2026-08-13T19:54:57+00:00,0.0,26.8,0.0,0.0,0.0,0.0,601,316497,0.0,0.0,0.0,0.0,0.0,0.0,0.0,0.0,0.0,154.0.1,3,0,0,,-262.0
2026-08-13T19:59:57+00:00,0.0,26.9,0.0,0.0,0.0,0.0,601,316797,0.0,0.0,0.0,0.0,0.0,0.0,0.0,0.0,0.0,154.0.1,3,0,0,-40.0,217.0
2026-08-13T20:04:57+00:00,-1.5,26.9,0.0,0.0,0.0,0.0,601,317097,0.0,0.0,0.0,0.0,0.0,0.0,0.0,0.0,0.0,154.0.1,3,0,0,-86.0,108.0
2026-08-13T20:09:57+00:00,-4.0,26.9,0.0,0.0,0.0,0.0,601,317397,0.0,0.0,0.0,0.0,0.0,0.0,0.0,0.0,0.0,154.0.1,3,0,0,-71.0,181.0
2026-08-13T20:14:57+00:00,0.0,26.8,0.0,0.0,0.0,0.0,601,317697,0.0,0.0,0.0,0.0,0.0,0.0,0.0,0.0,0.0,154.0.1,3,0,0,70.0,
2026-08-13T20:19:57+00:00,0.0,26.8,0.0,0.0,0.0,0.0,601,317997,0.0,0.0,0.0,0.0,0.0,0.0,0.0,0.0,0.0,154.0.1,3,0,0,143.0,-59.0
2026-08-13T20:24:58+00:00,0.0,26.8,0.0,0.0,0.0,0.0,601,318298,0.0,0.0,0.0,0.0,0.0,0.0,0.0,0.0,0.0,154.0.1,3,0,0,120.0,119.0
2026-08-13T20:29:58+00:00,0.0,26.8,0.0,0.0,0.0,0.0,601,318598,0.0,0.0,0.0,0.0,0.0,0.0,0.0,0.0,0.0,154.0.1,3,0,0,0.0,0.0
2026-08-13T20:34:57+00:00,0.0,26.7,0.0,0.0,0.0,0.0,601,318897,0.0,0.0,0.0,0.0,0.0,0.0,0.0,0.0,0.0,154.0.1,3,0,0,,0.0
2026-08-13T20:39:57+00:00,0.0,26.7,0.0,0.0,0.0,0.0,601,319197,0.0,0.0,0.0,0.0,0.0,0.0,0.0,0.0,0.0,154.0.1,3,0,0,,23.0
2026-08-13T20:44:57+00:00,0.0,26.7,0.0,0.0,0.0,0.0,601,319497,0.0,0.0,0.0,0.0,0.0,0.0,0.0,0.0,0.0,154.0.1,3,0,0,-48.0,0.0
2026-08-13T20:49:57+00:00,35.0,26.7,0.0,0.0,0.0,0.0,601,319797,0.0,0.0,0.0,0.0,0.0,0.0,0.0,0.0,0.0,154.0.1,3,0,0,-57.0,6.0
2026-08-13T20:54:57+00:00,50.0,26.7,0.0,0.0,0.0,0.0,601,320097,0.0,0.0,0.0,0.0,0.0,0.0,0.0,0.0,0.0,154.0.1,3,0,0,-500.0,
2026-08-13T20:59:57+00:00,36.0,26.6,0.0,0.0,0.0,0.0,601,320397,0.0,0.0,0.0,0.0,0.0,0.0,0.0,0.0,0.0,154.0.1,3,0,0,99.0,
2026-08-13T21:04:57+00:00,27.0,26.6,0.0,0.0,0.0,0.0,601,320697,0.0,0.0,0.0,0.0,0.0,0.0,0.0,0.0,0.0,154.0.1,3,0,0,-67.0,240.0
2026-08-13T21:09:57+00:00,60.0,26.6,0.0,0.0,0.0,0.0,601,320997,0.0,0.0,0.0,0.0,0.0,0.0,0.0,0.0,0.0,154.0.1,3,0,0,-36.0,-39.0
2026-08-13T21:14:57+00:00,94.0,26.5,0.0,0.0,0.0,0.0,601,321297,0.0,0.0,0.0,0.0,0.0,0.0,0.0,0.0,0.0,154.0.1,3,0,0,383.0,88.0
2026-08-13T21:19:57+00:00,0.0,26.5,0.0,0.0,0.0,0.0,601,321597,0.0,0.0,0.0,0.0,0.0,0.0,0.0,0.0,0.0,154.0.1,3,0,0,374.0,-500.0
2026-08-13T21:24:57+00:00,18.5,26.5,0.0,0.0,0.0,0.0,601,321897,0.0,0.0,0.0,0.0,0.0,0.0,0.0,0.0,0.0,154.0.1,3,0,0,551.0,566.0
2026-08-13T21:29:58+00:00,0.0,26.3,0.0,0.0,0.0,0.0,601,322198,0.0,0.0,0.0,0.0,0.0,0.0,0.0,0.0,0.0,154.0.1,3,0,0,449.0,341.0
2026-08-13T21:34:58+00:00,21.5,26.3,0.0,0.0,0.0,0.0,601,322498,0.0,0.0,0.0,0.0,0.0,0.0,0.0,0.0,0.0,154.0.1,3,0,0,384.0,339.0
2026-08-13T21:39:57+00:00,8.0,26.3,0.0,0.0,0.0,0.0,601,322797,0.0,0.0,0.0,0.0,0.0,0.0,0.0,0.0,0.0,154.0.1,3,0,0,,289.0
2026-08-13T21:44:57+00:00,0.0,26.1,0.0,0.0,0.0,0.0,601,323097,0.0,0.0,0.0,0.0,0.0,0.0,0.0,0.0,0.0,154.0.1,3,0,0,,343.0
2026-08-13T21:49:57+00:00,0.0,26.1,0.0,0.0,0.0,0.0,601,323397,0.0,0.0,0.0,0.0,0.0,0.0,0.0,0.0,0.0,154.0.1,3,0,0,-257.0,-47.0
2026-08-13T21:54:57+00:00,21.0,26.1,0.0,0.0,0.0,0.0,601,323697,0.0,0.0,0.0,0.0,0.0,0.0,0.0,0.0,0.0,154.0.1,3,0,0,-148.0,131.0
2026-08-13T21:59:58+00:00,9.5,25.9,0.0,0.0,0.0,0.0,601,323998,0.0,0.0,0.0,0.0,0.0,0.0,0.0,0.0,0.0,154.0.1,3,0,0,-57.0,458.0
2026-08-13T22:04:57+00:00,33.0,25.9,0.0,0.0,0.0,0.0,601,324297,0.0,0.0,0.0,0.0,0.0,0.0,0.0,0.0,0.0,154.0.1,3,0,0,-79.0,
2026-08-13T22:09:57+00:00,26.0,25.9,0.0,0.0,0.0,0.0,601,324597,0.0,0.0,0.0,0.0,0.0,0.0,0.0,0.0,0.0,154.0.1,3,0,0,,163.0
2026-08-13T22:14:57+00:00,45.0,25.7,0.0,0.0,0.0,0.0,601,324897,0.0,0.0,0.0,0.0,0.0,0.0,0.0,0.0,0.0,154.0.1,3,0,0,-71.0,-148.0
2026-08-13T22:19:57+00:00,0.0,25.7,0.0,0.0,0.0,0.0,601,325197,0.0,0.0,0.0,0.0,0.0,0.0,0.0,0.0,0.0,154.0.1,3,0,0,173.0,106.0
2026-08-13T22:24:58+00:00,35.0,25.7,0.0,0.0,0.0,0.0,601,325498,0.0,0.0,0.0,0.0,0.0,0.0,0.0,0.0,0.0,154.0.1,3,0,0,157.0,122.0
2026-08-13T22:29:57+00:00,0.0,25.5,0.0,0.0,0.0,0.0,601,325797,0.0,0.0,0.0,0.0,0.0,0.0,0.0,0.0,0.0,154.0.1,3,0,0,177.0,
2026-08-13T22:34:57+00:00,0.0,25.5,0.0,0.0,0.0,0.0,601,326097,0.0,0.0,0.0,0.0,0.0,0.0,0.0,0.0,0.0,154.0.1,3,0,0,,154.0
2026-08-13T22:39:57+00:00,0.0,25.7,0.0,0.0,0.0,0.0,601,326397,0.0,0.0,0.0,0.0,0.0,0.0,0.0,0.0,0.0,154.0.1,3,0,0,242.0,111.0
2026-08-13T22:44:57+00:00,0.0,25.4,0.0,0.0,0.0,0.0,601,326697,0.0,0.0,0.0,0.0,0.0,0.0,0.0,0.0,0.0,154.0.1,3,0,0,181.0,26.0
2026-08-13T22:49:57+00:00,0.0,25.4,0.0,0.0,0.0,0.0,601,326997,0.0,0.0,0.0,0.0,0.0,0.0,0.0,0.0,0.0,154.0.1,3,0,0,112.0,89.0
2026-08-13T22:54:58+00:00,0.0,25.4,0.0,0.0,0.0,0.0,601,327298,0.0,0.0,0.0,0.0,0.0,0.0,0.0,0.0,0.0,154.0.1,3,0,0,256.0,56.0
2026-08-13T22:59:57+00:00,0.0,25.0,0.0,0.0,0.0,0.0,601,327597,0.0,0.0,0.0,0.0,0.0,0.0,0.0,0.0,0.0,154.0.1,3,0,0,0.0,0.0
2026-08-13T23:04:57+00:00,0.0,25.0,0.0,0.0,0.0,0.0,601,327897,0.0,0.0,0.0,0.0,0.0,0.0,0.0,0.0,0.0,154.0.1,3,0,0,,181.0
2026-08-13T23:09:57+00:00,0.0,25.0,0.0,0.0,0.0,0.0,601,328197,0.0,0.0,0.0,0.0,0.0,0.0,0.0,0.0,0.0,154.0.1,3,0,0,0.0,0.0
2026-08-13T23:14:57+00:00,0.0,24.6,0.0,0.0,0.0,0.0,601,328497,0.0,0.0,0.0,0.0,0.0,0.0,0.0,0.0,0.0,154.0.1,3,0,0,0.0,0.0
2026-08-13T23:19:57+00:00,0.0,24.6,0.0,0.0,0.0,0.0,601,328797,0.0,0.0,0.0,0.0,0.0,0.0,0.0,0.0,0.0,154.0.1,3,0,0,0.0,0.0
2026-08-13T23:24:57+00:00,0.0,24.6,0.0,0.0,0.0,0.0,601,329097,0.0,0.0,0.0,0.0,0.0,0.0,0.0,0.0,0.0,154.0.1,3,0,0,0.0,
2026-08-13T23:29:57+00:00,39.0,24.4,0.0,0.0,0.0,0.0,601,329397,0.0,0.0,0.0,0.0,0.0,0.0,0.0,0.0,0.0,154.0.1,3,0,0,-7.0,-373.0
2026-08-13T23:34:57+00:00,15.0,24.4,0.0,0.0,0.0,0.0,601,329697,0.0,0.0,0.0,0.0,0.0,0.0,0.0,0.0,0.0,154.0.1,3,0,0,0.0,0.0
2026-08-13T23:39:58+00:00,0.0,24.4,0.0,0.0,0.0,0.0,601,329998,0.0,0.0,0.0,0.0,0.0,0.0,0.0,0.0,0.0,154.0.1,3,0,0,96.0,0.0
2026-08-13T23:44:57+00:00,4.0,23.9,0.0,0.0,0.0,0.0,601,330297,0.0,0.0,0.0,0.0,0.0,0.0,0.0,0.0,0.0,154.0.1,3,0,0,-488.0,0.0
2026-08-13T23:49:57+00:00,14.0,23.9,0.0,0.0,0.0,0.0,601,330597,0.0,0.0,0.0,0.0,0.0,0.0,0.0,0.0,0.0,154.0.1,3,0,0,,93.0
2026-08-13T23:54:57+00:00,39.5,23.9,0.0,0.0,0.0,0.0,601,330897,0.0,0.0,0.0,0.0,0.0,0.0,0.0,0.0,0.0,154.0.1,3,0,0,69.0,0.0
2026-08-13T23:59:57+00:00,29.0,23.1,0.0,0.0,0.0,0.0,601,331197,0.0,0.0,0.0,0.0,0.0,0.0,0.0,0.0,0.0,154.0.1,3,0,0,205.0,50.0
2026-08-14T00:04:57+00:00,124.0,23.1,0.0,0.0,0.0,0.0,601,331497,0.0,0.0,0.0,0.0,0.0,0.0,0.0,0.0,0.0,154.0.1,3,0,0,64.0,108.0
2026-08-14T00:09:57+00:00,23.0,23.1,0.0,0.0,0.0,0.0,601,331797,0.0,0.0,0.0,0.0,0.0,0.0,0.0,0.0,0.0,154.0.1,3,0,0,-47.0,
2026-08-14T00:14:57+00:00,47.5,22.5,0.0,0.0,0.0,0.0,601,332097,0.0,0.0,0.0,0.0,0.0,0.0,0.0,0.0,0.0,154.0.1,3,0,0,136.0,69.0
2026-08-14T00:19:57+00:00,56.0,22.5,0.0,0.0,0.0,0.0,601,332397,0.0,0.0,0.0,0.0,0.0,0.0,0.0,0.0,0.0,154.0.1,3,0,0,112.0,133.0
2026-08-14T00:24:57+00:00,106.5,22.5,0.0,0.0,0.0,0.0,601,332697,0.0,0.0,0.0,0.0,0.0,0.0,0.0,0.0,0.0,154.0.1,3,0,0,263.0,180.0
2026-08-14T00:29:57+00:00,101.0,22.0,0.0,0.0,0.0,0.0,601,332997,0.0,0.0,0.0,0.0,0.0,0.0,0.0,0.0,0.0,154.0.1,3,0,0,490.0,155.0
2026-08-14T00:34:57+00:00,122.0,22.0,0.0,0.0,0.0,0.0,601,333297,0.0,0.0,0.0,0.0,0.0,0.0,0.0,0.0,0.0,154.0.1,3,0,0,0.0,-17.0
2026-08-14T00:39:57+00:00,91.0,22.0,0.0,0.0,0.0,0.0,601,333597,0.0,0.0,0.0,0.0,0.0,0.0,0.0,0.0,0.0,154.0.1,3,0,0,449.0,112.0
2026-08-14T00:44:57+00:00,137.5,21.6,0.0,0.0,0.0,0.0,601,333897,0.0,0.0,0.0,0.0,0.0,0.0,0.0,0.0,0.0,154.0.1,3,0,0,0.0,46.0
2026-08-14T00:49:57+00:00,186.0,21.6,0.0,0.0,0.0,0.0,601,334197,0.0,0.0,0.0,0.0,0.0,0.0,0.0,0.0,0.0,154.0.1,3,0,0,385.0,490.0
2026-08-14T00:54:57+00:00,35.0,21.6,0.0,0.0,0.0,0.0,601,334497,0.0,0.0,0.0,0.0,0.0,0.0,0.0,0.0,0.0,154.0.1,3,0,0,170.0,159.0
2026-08-14T00:59:57+00:00,190.0,21.2,0.0,0.0,0.0,0.0,601,334797,0.0,0.0,0.0,0.0,0.0,0.0,0.0,0.0,0.0,154.0.1,3,0,0,0.0,0.0
2026-08-14T01:04:57+00:00,105.0,21.2,0.0,0.0,0.0,0.0,601,335097,0.0,0.0,0.0,0.0,0.0,0.0,0.0,0.0,0.0,154.0.1,3,0,0,183.0,0.0
2026-08-14T01:09:57+00:00,0.0,21.2,0.0,0.0,0.0,0.0,601,335397,0.0,0.0,0.0,0.0,0.0,0.0,0.0,0.0,0.0,154.0.1,3,0,0,0.0,0.0
2026-08-14T01:14:57+00:00,19.0,20.8,0.0,0.0,0.0,0.0,601,335697,0.0,0.0,0.0,0.0,0.0,0.0,0.0,0.0,0.0,154.0.1,3,0,0,465.0,149.0
2026-08-14T01:19:57+00:00,23.5,21.2,0.0,0.0,0.0,0.0,601,335997,0.0,0.0,0.0,0.0,0.0,0.0,0.0,0.0,0.0,154.0.1,3,0,0,283.0,186.0
2026-08-14T01:24:57+00:00,0.0,21.2,0.0,0.0,0.0,0.0,601,336297,0.0,0.0,0.0,0.0,0.0,0.0,0.0,0.0,0.0,154.0.1,3,0,0,553.0,183.0
2026-08-14T01:29:57+00:00,54.0,20.8,0.0,0.0,0.0,0.0,601,336597,0.0,0.0,0.0,0.0,0.0,0.0,0.0,0.0,0.0,154.0.1,3,0,0,0.0,0.0
2026-08-14T01:34:57+00:00,80.0,20.8,0.0,0.0,0.0,0.0,601,336897,0.0,0.0,0.0,0.0,0.0,0.0,0.0,0.0,0.0,154.0.1,3,0,0,0.0,0.0
2026-08-14T01:39:57+00:00,164.0,20.8,0.0,0.0,0.0,0.0,601,337197,0.0,0.0,0.0,0.0,0.0,0.0,0.0,0.0,0.0,154.0.1,3,0,0,60.0,406.0
2026-08-14T01:44:57+00:00,6.0,20.5,0.0,0.0,0.0,0.0,601,337497,0.0,0.0,0.0,0.0,0.0,0.0,0.0,0.0,0.0,154.0.1,3,0,0,0.0,38.0
2026-08-14T01:49:57+00:00,71.0,20.5,0.0,0.0,0.0,0.0,601,337797,0.0,0.0,0.0,0.0,0.0,0.0,0.0,0.0,0.0,154.0.1,3,0,0,164.0,0.0
2026-08-14T01:54:56+00:00,116.0,20.5,0.0,0.0,0.0,0.0,601,338096,0.0,0.0,0.0,0.0,0.0,0.0,0.0,0.0,0.0,154.0.1,3,0,0,,
2026-08-14T01:59:57+00:00,142.0,20.3,0.0,0.0,0.0,0.0,601,338397,0.0,0.0,0.0,0.0,0.0,0.0,0.0,0.0,0.0,154.0.1,3,0,0,301.0,-42.0
2026-08-14T02:04:57+00:00,0.0,20.3,0.0,0.0,0.0,0.0,601,338697,0.0,0.0,0.0,0.0,0.0,0.0,0.0,0.0,0.0,154.0.1,3,0,0,341.0,285.0
2026-08-14T02:09:56+00:00,20.0,20.3,0.0,0.0,0.0,0.0,601,338996,0.0,0.0,0.0,0.0,0.0,0.0,0.0,0.0,0.0,154.0.1,3,0,0,,
2026-08-14T02:14:56+00:00,153.0,20.0,0.0,0.0,0.0,0.0,601,339296,0.0,0.0,0.0,0.0,0.0,0.0,0.0,0.0,0.0,154.0.1,3,0,0,,
2026-08-14T02:19:56+00:00,91.0,20.0,0.0,0.0,0.0,0.0,601,339596,0.0,0.0,0.0,0.0,0.0,0.0,0.0,0.0,0.0,154.0.1,3,0,0,155.0,
2026-08-14T02:24:56+00:00,81.0,20.0,0.0,0.0,0.0,0.0,601,339896,0.0,0.0,0.0,0.0,0.0,0.0,0.0,0.0,0.0,154.0.1,3,0,0,216.0,236.0
2026-08-14T02:29:56+00:00,186.0,19.7,0.0,0.0,0.0,0.0,601,340196,0.0,0.0,0.0,0.0,0.0,0.0,0.0,0.0,0.0,154.0.1,3,0,0,484.0,
2026-08-14T02:34:56+00:00,112.5,19.7,0.0,0.0,0.0,0.0,601,340496,0.0,0.0,0.0,0.0,0.0,0.0,0.0,0.0,0.0,154.0.1,3,0,0,0.0,
2026-08-14T02:39:56+00:00,28.0,19.7,0.0,0.0,0.0,0.0,601,340796,0.0,0.0,0.0,0.0,0.0,0.0,0.0,0.0,0.0,154.0.1,3,0,0,0.0,-39.0
2026-08-14T02:44:56+00:00,65.5,19.5,0.0,0.0,0.0,0.0,601,341096,0.0,0.0,0.0,0.0,0.0,0.0,0.0,0.0,0.0,154.0.1,3,0,0,0.0,493.0
2026-08-14T02:49:57+00:00,58.0,19.5,0.0,0.0,0.0,0.0,601,341397,0.0,0.0,0.0,0.0,0.0,0.0,0.0,0.0,0.0,154.0.1,3,0,0,0.0,484.0
2026-08-14T02:54:56+00:00,0.0,19.5,0.0,0.0,0.0,0.0,601,341696,0.0,0.0,0.0,0.0,0.0,0.0,0.0,0.0,0.0,154.0.1,3,0,0,0.0,0.0
2026-08-14T02:59:56+00:00,0.0,19.4,0.0,0.0,0.0,0.0,601,341996,0.0,0.0,0.0,0.0,0.0,0.0,0.0,0.0,0.0,154.0.1,3,0,0,,51.0
2026-08-14T03:04:56+00:00,1.0,19.4,0.0,0.0,0.0,0.0,601,342296,0.0,0.0,0.0,0.0,0.0,0.0,0.0,0.0,0.0,154.0.1,3,0,0,0.0,0.0
2026-08-14T03:09:57+00:00,20.0,19.4,0.0,0.0,0.0,0.0,601,342597,0.0,0.0,0.0,0.0,0.0,0.0,0.0,0.0,0.0,154.0.1,3,0,0,0.0,0.0
2026-08-14T03:14:56+00:00,0.0,19.2,0.0,0.0,0.0,0.0,601,342896,0.0,0.0,0.0,0.0,0.0,0.0,0.0,0.0,0.0,154.0.1,3,0,0,0.0,0.0
2026-08-14T03:19:56+00:00,0.0,19.2,0.0,0.0,0.0,0.0,601,343196,0.0,0.0,0.0,0.0,0.0,0.0,0.0,0.0,0.0,154.0.1,3,0,0,,
2026-08-14T03:24:56+00:00,0.0,19.2,0.0,0.0,0.0,0.0,601,343496,0.0,0.0,0.0,0.0,0.0,0.0,0.0,0.0,0.0,154.0.1,3,0,0,0.0,0.0
2026-08-14T03:29:56+00:00,50.0,19.1,0.0,0.0,0.0,0.0,601,343796,0.0,0.0,0.0,0.0,0.0,0.0,0.0,0.0,0.0,154.0.1,3,0,0,-109.0,27.0
2026-08-14T03:34:56+00:00,0.0,19.1,0.0,0.0,0.0,0.0,601,344096,0.0,0.0,0.0,0.0,0.0,0.0,0.0,0.0,0.0,154.0.1,3,0,0,0.0,0.0
2026-08-14T03:39:57+00:00,0.0,19.1,0.0,0.0,0.0,0.0,601,344397,0.0,0.0,0.0,0.0,0.0,0.0,0.0,0.0,0.0,154.0.1,3,0,0,285.0,20.0
2026-08-14T03:44:56+00:00,131.0,18.9,0.0,0.0,0.0,0.0,601,344696,0.0,0.0,0.0,0.0,0.0,0.0,0.0,0.0,0.0,154.0.1,3,0,0,0.0,0.0
2026-08-14T03:49:56+00:00,62.0,18.9,0.0,0.0,0.0,0.0,601,344996,0.0,0.0,0.0,0.0,0.0,0.0,0.0,0.0,0.0,154.0.1,3,0,0,,-17.0
2026-08-14T03:54:56+00:00,127.0,18.9,0.0,0.0,0.0,0.0,601,345296,0.0,0.0,0.0,0.0,0.0,0.0,0.0,0.0,0.0,154.0.1,3,0,0,170.0,0.0
2026-08-14T03:59:56+00:00,92.5,18.8,0.0,0.0,0.0,0.0,601,345596,0.0,0.0,0.0,0.0,0.0,0.0,0.0,0.0,0.0,154.0.1,3,0,0,62.0,0.0
2026-08-14T04:04:56+00:00,26.0,18.8,0.0,0.0,0.0,0.0,601,345896,0.0,0.0,0.0,0.0,0.0,0.0,0.0,0.0,0.0,154.0.1,4,0,0,0.0,284.0
2026-08-14T04:09:56+00:00,64.0,18.8,0.0,0.0,0.0,0.0,601,346196,0.0,0.0,0.0,0.0,0.0,0.0,0.0,0.0,0.0,154.0.1,4,0,0,73.0,
2026-08-14T04:14:57+00:00,87.0,18.5,0.0,0.0,0.0,0.0,601,346497,0.0,0.0,0.0,0.0,0.0,0.0,0.0,0.0,0.0,154.0.1,4,0,0,392.0,252.0
2026-08-14T04:19:56+00:00,72.0,18.5,0.0,0.0,0.0,0.0,601,346796,0.0,0.0,0.0,0.0,0.0,0.0,0.0,0.0,0.0,154.0.1,4,0,0,7.0,-562.0
2026-08-14T04:24:56+00:00,37.5,18.5,0.0,0.0,0.0,0.0,601,347096,0.0,0.0,0.0,0.0,0.0,0.0,0.0,0.0,0.0,154.0.1,4,0,0,,0.0
2026-08-14T04:29:56+00:00,61.5,18.3,0.0,0.0,0.0,0.0,601,347396,0.0,0.0,0.0,0.0,0.0,0.0,0.0,0.0,0.0,154.0.1,4,0,0,-48.0,73.0
2026-08-14T04:34:56+00:00,74.0,18.3,0.0,0.0,0.0,0.0,601,347696,0.0,0.0,0.0,0.0,0.0,0.0,0.0,0.0,0.0,154.0.1,4,0,0,-27.0,7.0
2026-08-14T04:39:56+00:00,90.5,18.3,0.0,0.0,0.0,0.0,601,347996,0.0,0.0,0.0,0.0,0.0,0.0,0.0,0.0,0.0,154.0.1,4,0,0,76.0,-20.0
2026-08-14T04:44:56+00:00,84.5,18.1,0.0,0.0,0.0,0.0,601,348296,0.0,0.0,0.0,0.0,0.0,0.0,0.0,0.0,0.0,154.0.1,4,0,0,-442.0,
2026-08-14T04:49:56+00:00,83.5,18.1,0.0,0.0,0.0,0.0,601,348596,0.0,0.0,0.0,0.0,0.0,0.0,0.0,0.0,0.0,154.0.1,4,0,0,13.0,-48.0
2026-08-14T04:54:56+00:00,137.5,18.1,0.0,0.0,0.0,0.0,601,348896,0.0,0.0,0.0,0.0,0.0,0.0,0.0,0.0,0.0,154.0.1,4,0,0,246.0,0.0
2026-08-14T04:59:56+00:00,129.5,17.9,0.0,0.0,0.0,0.0,601,349196,0.0,0.0,0.0,0.0,0.0,0.0,0.0,0.0,0.0,154.0.1,4,0,0,212.0,-442.0
2026-08-14T05:04:56+00:00,116.0,17.9,0.0,0.0,0.0,0.0,601,349496,0.0,0.0,0.0,0.0,0.0,0.0,0.0,0.0,0.0,154.0.1,4,0,0,244.0,-442.0
2026-08-14T05:09:56+00:00,121.5,17.9,0.0,0.0,0.0,0.0,601,349796,0.0,0.0,0.0,0.0,0.0,0.0,0.0,0.0,0.0,154.0.1,4,0,0,264.0,188.0
2026-08-14T05:14:56+00:00,357.0,17.8,0.0,0.0,0.0,0.0,601,350096,0.0,0.0,0.0,0.0,0.0,0.0,0.0,0.0,0.0,154.0.1,4,0,0,275.0,246.0
2026-08-14T05:19:56+00:00,368.0,17.8,0.0,0.0,0.0,0.0,601,350396,0.0,0.0,0.0,0.0,0.0,0.0,0.0,0.0,0.0,154.0.1,4,0,0,331.0,212.0
2026-08-14T05:24:56+00:00,358.0,17.8,0.0,0.0,0.0,0.0,601,350696,0.0,0.0,0.0,0.0,0.0,0.0,0.0,0.0,0.0,154.0.1,4,0,0,357.0,244.0
2026-08-14T05:29:56+00:00,402.0,17.7,0.0,0.0,0.0,0.0,601,350996,0.0,0.0,0.0,0.0,0.0,0.0,0.0,0.0,0.0,154.0.1,4,0,0,368.0,264.0
2026-08-14T07:44:56+00:00,0.0,16.7,0.0,0.0,0.0,0.0,601,359096,0.0,0.0,0.0,0.0,0.0,0.0,0.0,0.0,0.0,154.0.1,4,0,0,,
2026-08-14T07:49:56+00:00,0.0,16.7,0.0,0.0,0.0,0.0,601,359396,0.0,0.0,0.0,0.0,0.0,0.0,0.0,0.0,0.0,154.0.1,4,0,0,,
2026-08-14T07:54:56+00:00,0.0,16.9,0.0,0.0,0.0,0.0,601,359696,0.0,0.0,0.0,0.0,0.0,0.0,0.0,0.0,0.0,154.0.1,4,0,0,0.0,
2026-08-14T07:59:56+00:00,0.0,16.9,0.0,0.0,0.0,0.0,601,359996,0.0,0.0,0.0,0.0,0.0,0.0,0.0,0.0,0.0,154.0.1,4,0,0,10.0,
2026-08-14T08:04:56+00:00,0.0,16.9,0.0,0.0,0.0,0.0,601,360296,0.0,0.0,0.0,0.0,0.0,0.0,0.0,0.0,0.0,154.0.1,4,0,0,0.0,
2026-08-14T08:09:56+00:00,0.0,16.9,0.0,0.0,0.0,0.0,601,360596,0.0,0.0,0.0,0.0,0.0,0.0,0.0,0.0,0.0,154.0.1,4,0,0,0.0,
2026-08-14T08:14:56+00:00,-1.5,16.9,0.0,0.0,0.0,0.0,601,360896,0.0,0.0,0.0,0.0,0.0,0.0,0.0,0.0,0.0,154.0.1,4,0,0,0.0,0.0
2026-08-14T08:19:56+00:00,-2.0,16.9,0.0,0.0,0.0,0.0,601,361196,0.0,0.0,0.0,0.0,0.0,0.0,0.0,0.0,0.0,154.0.1,4,0,0,91.0,0.0
2026-08-14T08:24:56+00:00,0.0,16.9,0.0,0.0,0.0,0.0,601,361496,0.0,0.0,0.0,0.0,0.0,0.0,0.0,0.0,0.0,154.0.1,4,0,0,0.0,0.0
2026-08-14T08:29:56+00:00,-2.0,17.0,0.0,0.0,0.0,0.0,601,361796,0.0,0.0,0.0,0.0,0.0,0.0,0.0,0.0,0.0,154.0.1,4,0,0,-4.0,0.0
2026-08-14T08:34:56+00:00,-29.5,17.0,0.0,0.0,0.0,0.0,601,362096,0.0,0.0,0.0,0.0,0.0,0.0,0.0,0.0,0.0,154.0.1,4,0,0,0.0,31.0
2026-08-14T08:39:57+00:00,-64.5,17.0,0.0,0.0,0.0,0.0,601,362397,0.0,0.0,0.0,0.0,0.0,0.0,0.0,0.0,0.0,154.0.1,4,0,0,-16.0,91.0
2026-08-14T08:44:57+00:00,-37.0,16.9,0.0,0.0,0.0,0.0,601,362697,0.0,0.0,0.0,0.0,0.0,0.0,0.0,0.0,0.0,154.0.1,4,0,0,-80.0,-3.0
2026-08-14T08:49:57+00:00,-37.0,16.8,0.0,0.0,0.0,0.0,601,362997,0.0,0.0,0.0,0.0,0.0,0.0,0.0,0.0,0.0,154.0.1,4,0,0,-154.0,30.0
2026-08-14T08:54:56+00:00,0.0,16.8,0.0,0.0,0.0,0.0,601,363296,0.0,0.0,0.0,0.0,0.0,0.0,0.0,0.0,0.0,154.0.1,4,0,0,,0.0
2026-08-14T08:59:57+00:00,0.0,16.6,0.0,0.0,0.0,0.0,601,363597,0.0,0.0,0.0,0.0,0.0,0.0,0.0,0.0,0.0,154.0.1,4,0,0,-53.0,0.0
2026-08-14T09:04:57+00:00,0.0,16.6,0.0,0.0,0.0,0.0,601,363897,0.0,0.0,0.0,0.0,0.0,0.0,0.0,0.0,0.0,154.0.1,4,0,0,135.0,-76.0
2026-08-14T09:09:57+00:00,-2.0,16.6,0.0,0.0,0.0,0.0,601,364197,0.0,0.0,0.0,0.0,0.0,0.0,0.0,0.0,0.0,154.0.1,4,0,0,79.0,-154.0
2026-08-14T09:14:57+00:00,-18.0,16.6,0.0,0.0,0.0,0.0,601,364497,0.0,0.0,0.0,0.0,0.0,0.0,0.0,0.0,0.0,154.0.1,4,0,0,0.0,77.0
2026-08-14T09:19:57+00:00,-48.0,16.6,0.0,0.0,0.0,0.0,601,364797,0.0,0.0,0.0,0.0,0.0,0.0,0.0,0.0,0.0,154.0.1,4,0,0,34.0,-447.0
2026-08-14T09:24:57+00:00,-43.0,16.6,0.0,0.0,0.0,0.0,601,365097,0.0,0.0,0.0,0.0,0.0,0.0,0.0,0.0,0.0,154.0.1,4,0,0,32.0,135.0
2026-08-14T09:29:57+00:00,-13.5,16.4,0.0,0.0,0.0,0.0,601,365397,0.0,0.0,0.0,0.0,0.0,0.0,0.0,0.0,0.0,154.0.1,4,0,0,-48.0,79.0
2026-08-14T09:34:57+00:00,-39.0,16.4,0.0,0.0,0.0,0.0,601,365697,0.0,0.0,0.0,0.0,0.0,0.0,0.0,0.0,0.0,154.0.1,4,0,0,-30.0,7.0
2026-08-14T09:39:57+00:00,0.0,16.7,0.0,0.0,0.0,0.0,601,365997,0.0,0.0,0.0,0.0,0.0,0.0,0.0,0.0,0.0,154.0.1,4,0,0,0.0,-245.0
2026-08-14T09:44:57+00:00,0.0,16.5,0.0,0.0,0.0,0.0,601,366297,0.0,0.0,0.0,0.0,0.0,0.0,0.0,0.0,0.0,154.0.1,4,0,0,0.0,71.0
2026-08-14T09:49:58+00:00,0.0,16.5,0.0,0.0,0.0,0.0,601,366598,0.0,0.0,0.0,0.0,0.0,0.0,0.0,0.0,0.0,154.0.1,4,0,0,0.0,171.0
2026-08-14T09:54:57+00:00,0.0,16.5,0.0,0.0,0.0,0.0,601,366897,0.0,0.0,0.0,0.0,0.0,0.0,0.0,0.0,0.0,154.0.1,4,0,0,0.0,0.0
2026-08-14T09:59:57+00:00,0.0,16.3,0.0,0.0,0.0,0.0,601,367197,0.0,0.0,0.0,0.0,0.0,0.0,0.0,0.0,0.0,154.0.1,4,0,0,,-114.0
2026-08-14T10:04:58+00:00,0.0,16.3,0.0,0.0,0.0,0.0,601,367498,0.0,0.0,0.0,0.0,0.0,0.0,0.0,0.0,0.0,154.0.1,4,0,0,0.0,0.0
2026-08-14T10:09:58+00:00,0.0,16.3,0.0,0.0,0.0,0.0,601,367798,0.0,0.0,0.0,0.0,0.0,0.0,0.0,0.0,0.0,154.0.1,4,0,0,0.0,0.0
2026-08-14T10:14:58+00:00,0.0,16.2,0.0,0.0,0.0,0.0,601,368098,0.0,0.0,0.0,0.0,0.0,0.0,0.0,0.0,0.0,154.0.1,4,0,0,0.0,0.0
2026-08-14T10:19:57+00:00,0.0,16.2,0.0,0.0,0.0,0.0,601,368397,0.0,0.0,0.0,0.0,0.0,0.0,0.0,0.0,0.0,154.0.1,4,0,0,,
2026-08-14T10:24:57+00:00,0.0,16.2,0.0,0.0,0.0,0.0,601,368697,0.0,0.0,0.0,0.0,0.0,0.0,0.0,0.0,0.0,154.0.1,4,0,0,,0.0
2026-08-14T10:29:57+00:00,0.0,16.0,0.0,0.0,0.0,0.0,601,368997,0.0,0.0,0.0,0.0,0.0,0.0,0.0,0.0,0.0,154.0.1,4,0,0,105.0,0.0
2026-08-14T10:34:57+00:00,0.0,15.8,0.0,0.0,0.0,0.0,601,369297,0.0,0.0,0.0,0.0,0.0,0.0,0.0,0.0,0.0,154.0.1,4,0,0,146.0,
2026-08-14T10:39:58+00:00,-2.0,15.8,0.0,0.0,0.0,0.0,601,369598,0.0,0.0,0.0,0.0,0.0,0.0,0.0,0.0,0.0,154.0.1,4,0,0,67.0,0.0
2026-08-14T10:44:58+00:00,0.0,15.8,0.0,0.0,0.0,0.0,601,369898,0.0,0.0,0.0,0.0,0.0,0.0,0.0,0.0,0.0,154.0.1,4,0,0,3.0,0.0
2026-08-14T10:49:58+00:00,0.0,15.8,0.0,0.0,0.0,0.0,601,370198,0.0,0.0,0.0,0.0,0.0,0.0,0.0,0.0,0.0,154.0.1,4,0,0,0.0,-355.0
2026-08-14T10:54:58+00:00,0.0,15.8,0.0,0.0,0.0,0.0,601,370498,0.0,0.0,0.0,0.0,0.0,0.0,0.0,0.0,0.0,154.0.1,4,0,0,119.0,-130.0
2026-08-14T10:59:58+00:00,0.0,15.9,0.0,0.0,0.0,0.0,601,370798,0.0,0.0,0.0,0.0,0.0,0.0,0.0,0.0,0.0,154.0.1,4,0,0,0.0,67.0
2026-08-14T11:04:58+00:00,0.0,15.9,0.0,0.0,0.0,0.0,601,371098,0.0,0.0,0.0,0.0,0.0,0.0,0.0,0.0,0.0,154.0.1,4,0,0,107.0,-162.0
2026-08-14T11:09:58+00:00,0.0,15.9,0.0,0.0,0.0,0.0,601,371398,0.0,0.0,0.0,0.0,0.0,0.0,0.0,0.0,0.0,154.0.1,4,0,0,50.0,-133.0
2026-08-14T11:14:58+00:00,0.0,16.2,0.0,0.0,0.0,0.0,601,371698,0.0,0.0,0.0,0.0,0.0,0.0,0.0,0.0,0.0,154.0.1,4,0,0,0.0,-34.0
2026-08-14T11:19:57+00:00,0.0,16.2,0.0,0.0,0.0,0.0,601,371997,0.0,0.0,0.0,0.0,0.0,0.0,0.0,0.0,0.0,154.0.1,4,0,0,,
2026-08-14T11:24:58+00:00,0.0,16.2,0.0,0.0,0.0,0.0,601,372298,0.0,0.0,0.0,0.0,0.0,0.0,0.0,0.0,0.0,154.0.1,4,0,0,201.0,107.0
2026-08-14T11:29:58+00:00,0.0,16.6,0.0,0.0,0.0,0.0,601,372598,0.0,0.0,0.0,0.0,0.0,0.0,0.0,0.0,0.0,154.0.1,4,0,0,86.0,161.0
2026-08-14T11:34:57+00:00,0.0,16.6,0.0,0.0,0.0,0.0,601,372897,0.0,0.0,0.0,0.0,0.0,0.0,0.0,0.0,0.0,154.0.1,4,0,0,,
2026-08-14T11:39:57+00:00,0.0,16.7,0.0,0.0,0.0,0.0,601,373197,0.0,0.0,0.0,0.0,0.0,0.0,0.0,0.0,0.0,154.0.1,4,0,0,,
2026-08-14T11:44:58+00:00,0.0,17.3,0.0,0.0,0.0,0.0,601,373498,0.0,0.0,0.0,0.0,0.0,0.0,0.0,0.0,0.0,154.0.1,4,0,0,-395.0,0.0
2026-08-14T11:49:57+00:00,0.0,17.3,0.0,0.0,0.0,0.0,601,373797,0.0,0.0,0.0,0.0,0.0,0.0,0.0,0.0,0.0,154.0.1,4,0,0,0.0,127.0
2026-08-14T11:54:57+00:00,0.5,17.3,0.0,0.0,0.0,0.0,601,374097,0.0,0.0,0.0,0.0,0.0,0.0,0.0,0.0,0.0,154.0.1,4,0,0,,
2026-08-14T11:59:58+00:00,0.0,17.8,0.0,0.0,0.0,0.0,601,374398,0.0,0.0,0.0,0.0,0.0,0.0,0.0,0.0,0.0,154.0.1,4,0,0,66.0,19.0
2026-08-14T12:04:58+00:00,0.0,17.8,0.0,0.0,0.0,0.0,601,374698,0.0,0.0,0.0,0.0,0.0,0.0,0.0,0.0,0.0,154.0.1,4,0,0,424.0,382.0
2026-08-14T12:09:58+00:00,0.0,17.8,0.0,0.0,0.0,0.0,601,374998,0.0,0.0,0.0,0.0,0.0,0.0,0.0,0.0,0.0,154.0.1,4,0,0,0.0,0.0
2026-08-14T12:14:58+00:00,0.0,18.5,0.0,0.0,0.0,0.0,601,375298,0.0,0.0,0.0,0.0,0.0,0.0,0.0,0.0,0.0,154.0.1,4,0,0,0.0,0.0
2026-08-14T12:19:58+00:00,-6.5,18.5,0.0,0.0,0.0,0.0,601,375598,0.0,0.0,0.0,0.0,0.0,0.0,0.0,0.0,0.0,154.0.1,4,0,0,-131.0,0.0
2026-08-14T12:24:57+00:00,-50.0,18.5,0.0,0.0,0.0,0.0,601,375897,0.0,0.0,0.0,0.0,0.0,0.0,0.0,0.0,0.0,154.0.1,4,0,0,,0.0
2026-08-14T12:29:57+00:00,0.0,19.1,0.0,0.0,0.0,0.0,601,376197,0.0,0.0,0.0,0.0,0.0,0.0,0.0,0.0,0.0,154.0.1,4,0,0,,
2026-08-14T12:34:57+00:00,-96.0,18.9,0.0,0.0,0.0,0.0,601,376497,0.0,0.0,0.0,0.0,0.0,0.0,0.0,0.0,0.0,154.0.1,4,0,0,0.0,
2026-08-14T12:39:57+00:00,-75.0,18.9,0.0,0.0,0.0,0.0,601,376797,0.0,0.0,0.0,0.0,0.0,0.0,0.0,0.0,0.0,154.0.1,4,0,0,42.0,
2026-08-14T12:44:57+00:00,-33.5,19.4,0.0,0.0,0.0,0.0,601,377097,0.0,0.0,0.0,0.0,0.0,0.0,0.0,0.0,0.0,154.0.1,4,0,0,0.0,
2026-08-14T12:49:57+00:00,0.0,19.4,0.0,0.0,0.0,0.0,601,377397,0.0,0.0,0.0,0.0,0.0,0.0,0.0,0.0,0.0,154.0.1,4,0,0,-98.0,
2026-08-14T12:54:57+00:00,0.0,19.4,0.0,0.0,0.0,0.0,601,377697,0.0,0.0,0.0,0.0,0.0,0.0,0.0,0.0,0.0,154.0.1,4,0,0,496.0,0.0
2026-08-14T12:59:57+00:00,-19.5,20.1,0.0,0.0,0.0,0.0,601,377997,0.0,0.0,0.0,0.0,0.0,0.0,0.0,0.0,0.0,154.0.1,4,0,0,0.0,27.0
2026-08-14T13:04:57+00:00,-17.5,20.1,0.0,0.0,0.0,0.0,601,378297,0.0,0.0,0.0,0.0,0.0,0.0,0.0,0.0,0.0,154.0.1,4,0,0,0.0,5.0
2026-08-14T13:09:57+00:00,0.0,20.1,0.0,0.0,0.0,0.0,601,378597,0.0,0.0,0.0,0.0,0.0,0.0,0.0,0.0,0.0,154.0.1,4,0,0,-37.0,-31.0
2026-08-14T13:14:57+00:00,0.0,20.4,0.0,0.0,0.0,0.0,601,378897,0.0,0.0,0.0,0.0,0.0,0.0,0.0,0.0,0.0,154.0.1,4,0,0,-25.0,-88.0
2026-08-14T13:19:57+00:00,-1.5,20.4,0.0,0.0,0.0,0.0,601,379197,0.0,0.0,0.0,0.0,0.0,0.0,0.0,0.0,0.0,154.0.1,4,0,0,0.0,0.0
2026-08-14T13:24:58+00:00,0.0,20.9,0.0,0.0,0.0,0.0,601,379498,0.0,0.0,0.0,0.0,0.0,0.0,0.0,0.0,0.0,154.0.1,4,0,0,102.0,-115.0
2026-08-14T13:29:57+00:00,0.0,21.3,0.0,0.0,0.0,0.0,601,379797,0.0,0.0,0.0,0.0,0.0,0.0,0.0,0.0,0.0,154.0.1,4,0,0,-70.0,0.0
2026-08-14T13:34:57+00:00,0.0,21.3,0.0,0.0,0.0,0.0,601,380097,0.0,0.0,0.0,0.0,0.0,0.0,0.0,0.0,0.0,154.0.1,4,0,0,,71.0
2026-08-14T13:39:57+00:00,0.0,21.3,0.0,0.0,0.0,0.0,601,380397,0.0,0.0,0.0,0.0,0.0,0.0,0.0,0.0,0.0,154.0.1,4,0,0,252.0,0.0
2026-08-14T13:44:57+00:00,0.0,21.9,0.0,0.0,0.0,0.0,601,380697,0.0,0.0,0.0,0.0,0.0,0.0,0.0,0.0,0.0,154.0.1,4,0,0,57.0,-56.0
2026-08-14T13:49:57+00:00,2.0,21.9,0.0,0.0,0.0,0.0,601,380997,0.0,0.0,0.0,0.0,0.0,0.0,0.0,0.0,0.0,154.0.1,4,0,0,492.0,448.0
2026-08-14T13:54:57+00:00,0.0,21.9,0.0,0.0,0.0,0.0,601,381297,0.0,0.0,0.0,0.0,0.0,0.0,0.0,0.0,0.0,154.0.1,4,0,0,-17.0,
2026-08-14T13:59:57+00:00,0.0,22.3,0.0,0.0,0.0,0.0,601,381597,0.0,0.0,0.0,0.0,0.0,0.0,0.0,0.0,0.0,154.0.1,4,0,0,-90.0,-39.0
2026-08-14T14:04:57+00:00,0.0,22.3,0.0,0.0,0.0,0.0,601,381897,0.0,0.0,0.0,0.0,0.0,0.0,0.0,0.0,0.0,154.0.1,4,0,0,-5.0,57.0
2026-08-14T14:09:57+00:00,0.0,22.3,0.0,0.0,0.0,0.0,601,382197,0.0,0.0,0.0,0.0,0.0,0.0,0.0,0.0,0.0,154.0.1,4,0,0,366.0,18.0
2026-08-14T14:14:57+00:00,0.0,22.7,0.0,0.0,0.0,0.0,601,382497,0.0,0.0,0.0,0.0,0.0,0.0,0.0,0.0,0.0,154.0.1,4,0,0,0.0,62.0
2026-08-14T14:19:57+00:00,16.0,22.7,0.0,0.0,0.0,0.0,601,382797,0.0,0.0,0.0,0.0,0.0,0.0,0.0,0.0,0.0,154.0.1,4,0,0,-110.0,-135.0
2026-08-14T14:24:57+00:00,20.5,22.7,0.0,0.0,0.0,0.0,601,383097,0.0,0.0,0.0,0.0,0.0,0.0,0.0,0.0,0.0,154.0.1,4,0,0,0.0,0.0
2026-08-14T14:29:57+00:00,0.0,23.2,0.0,0.0,0.0,0.0,601,383397,0.0,0.0,0.0,0.0,0.0,0.0,0.0,0.0,0.0,154.0.1,4,0,0,0.0,366.0
2026-08-14T14:34:57+00:00,0.0,23.2,0.0,0.0,0.0,0.0,601,383697,0.0,0.0,0.0,0.0,0.0,0.0,0.0,0.0,0.0,154.0.1,4,0,0,0.0,0.0
2026-08-14T14:39:57+00:00,0.0,23.5,0.0,0.0,0.0,0.0,601,383997,0.0,0.0,0.0,0.0,0.0,0.0,0.0,0.0,0.0,154.0.1,4,0,0,108.0,60.0
2026-08-14T14:44:57+00:00,0.0,24.0,0.0,0.0,0.0,0.0,601,384297,0.0,0.0,0.0,0.0,0.0,0.0,0.0,0.0,0.0,154.0.1,4,0,0,89.0,61.0
2026-08-14T14:49:57+00:00,0.0,24.0,0.0,0.0,0.0,0.0,601,384597,0.0,0.0,0.0,0.0,0.0,0.0,0.0,0.0,0.0,154.0.1,4,0,0,24.0,109.0
2026-08-14T14:54:57+00:00,0.0,24.0,0.0,0.0,0.0,0.0,601,384897,0.0,0.0,0.0,0.0,0.0,0.0,0.0,0.0,0.0,154.0.1,4,0,0,-143.0,93.0
2026-08-14T14:59:57+00:00,-19.0,24.5,0.0,0.0,0.0,0.0,601,385197,0.0,0.0,0.0,0.0,0.0,0.0,0.0,0.0,0.0,154.0.1,4,0,0,-58.0,-49.0
2026-08-14T15:04:57+00:00,0.0,24.5,0.0,0.0,0.0,0.0,601,385497,0.0,0.0,0.0,0.0,0.0,0.0,0.0,0.0,0.0,154.0.1,4,0,0,-78.0,-83.0
2026-08-14T15:09:57+00:00,-17.0,24.5,0.0,0.0,0.0,0.0,601,385797,0.0,0.0,0.0,0.0,0.0,0.0,0.0,0.0,0.0,154.0.1,4,0,0,-85.0,-140.0
2026-08-14T15:14:57+00:00,-27.0,24.8,0.0,0.0,0.0,0.0,601,386097,0.0,0.0,0.0,0.0,0.0,0.0,0.0,0.0,0.0,154.0.1,4,0,0,-60.0,-131.0
2026-08-14T15:19:57+00:00,0.0,24.8,0.0,0.0,0.0,0.0,601,386397,0.0,0.0,0.0,0.0,0.0,0.0,0.0,0.0,0.0,154.0.1,4,0,0,-122.0,-58.0
2026-08-14T15:24:57+00:00,-109.0,24.8,0.0,0.0,0.0,0.0,601,386697,0.0,0.0,0.0,0.0,0.0,0.0,0.0,0.0,0.0,154.0.1,4,0,0,111.0,154.0
2026-08-14T15:29:57+00:00,-100.0,25.4,0.0,0.0,0.0,0.0,601,386997,0.0,0.0,0.0,0.0,0.0,0.0,0.0,0.0,0.0,154.0.1,4,0,0,-113.0,77.0
2026-08-14T15:34:57+00:00,-49.0,25.4,0.0,0.0,0.0,0.0,601,387297,0.0,0.0,0.0,0.0,0.0,0.0,0.0,0.0,0.0,154.0.1,4,0,0,58.0,0.0
2026-08-14T15:39:57+00:00,0.0,25.4,0.0,0.0,0.0,0.0,601,387597,0.0,0.0,0.0,0.0,0.0,0.0,0.0,0.0,0.0,154.0.1,4,0,0,-115.0,-212.0
2026-08-14T15:44:57+00:00,47.5,25.9,0.0,0.0,0.0,0.0,601,387897,0.0,0.0,0.0,0.0,0.0,0.0,0.0,0.0,0.0,154.0.1,4,0,0,63.0,111.0
2026-08-14T15:49:57+00:00,2.0,25.9,0.0,0.0,0.0,0.0,601,388197,0.0,0.0,0.0,0.0,0.0,0.0,0.0,0.0,0.0,154.0.1,4,0,0,-292.0,-176.0
2026-08-14T15:54:57+00:00,84.5,25.9,0.0,0.0,0.0,0.0,601,388497,0.0,0.0,0.0,0.0,0.0,0.0,0.0,0.0,0.0,154.0.1,4,0,0,360.0,58.0
2026-08-14T15:59:57+00:00,110.5,26.3,0.0,0.0,0.0,0.0,601,388797,0.0,0.0,0.0,0.0,0.0,0.0,0.0,0.0,0.0,154.0.1,4,0,0,439.0,106.0
2026-08-14T16:04:57+00:00,58.0,26.3,0.0,0.0,0.0,0.0,601,389097,0.0,0.0,0.0,0.0,0.0,0.0,0.0,0.0,0.0,154.0.1,4,0,0,299.0,63.0
2026-08-14T16:09:57+00:00,0.0,26.3,0.0,0.0,0.0,0.0,601,389397,0.0,0.0,0.0,0.0,0.0,0.0,0.0,0.0,0.0,154.0.1,4,0,0,479.0,388.0
2026-08-14T16:14:57+00:00,21.5,26.6,0.0,0.0,0.0,0.0,601,389697,0.0,0.0,0.0,0.0,0.0,0.0,0.0,0.0,0.0,154.0.1,4,0,0,17.0,-216.0
2026-08-14T16:19:57+00:00,0.0,26.6,0.0,0.0,0.0,0.0,601,389997,0.0,0.0,0.0,0.0,0.0,0.0,0.0,0.0,0.0,154.0.1,4,0,0,483.0,439.0
2026-08-14T16:24:57+00:00,49.0,26.6,0.0,0.0,0.0,0.0,601,390297,0.0,0.0,0.0,0.0,0.0,0.0,0.0,0.0,0.0,154.0.1,4,0,0,0.0,94.0
2026-08-14T16:29:57+00:00,0.0,26.8,0.0,0.0,0.0,0.0,601,390597,0.0,0.0,0.0,0.0,0.0,0.0,0.0,0.0,0.0,154.0.1,4,0,0,-201.0,62.0
2026-08-14T16:34:57+00:00,0.0,26.8,0.0,0.0,0.0,0.0,601,390897,0.0,0.0,0.0,0.0,0.0,0.0,0.0,0.0,0.0,154.0.1,4,0,0,379.0,418.0
2026-08-14T16:39:57+00:00,33.0,26.3,0.0,0.0,0.0,0.0,601,391197,0.0,0.0,0.0,0.0,0.0,0.0,0.0,0.0,0.0,154.0.1,4,0,0,-79.0,-74.0
2026-08-14T16:44:57+00:00,25.0,26.6,0.0,0.0,0.0,0.0,601,391497,0.0,0.0,0.0,0.0,0.0,0.0,0.0,0.0,0.0,154.0.1,4,0,0,525.0,491.0
2026-08-14T16:49:57+00:00,0.0,26.6,0.0,0.0,0.0,0.0,601,391797,0.0,0.0,0.0,0.0,0.0,0.0,0.0,0.0,0.0,154.0.1,4,0,0,66.0,-201.0
2026-08-14T16:54:57+00:00,0.0,26.6,0.0,0.0,0.0,0.0,601,392097,0.0,0.0,0.0,0.0,0.0,0.0,0.0,0.0,0.0,154.0.1,4,0,0,50.0,98.0
2026-08-14T16:59:57+00:00,0.0,26.7,0.0,0.0,0.0,0.0,601,392397,0.0,0.0,0.0,0.0,0.0,0.0,0.0,0.0,0.0,154.0.1,4,0,0,201.0,-551.0
2026-08-14T17:04:57+00:00,19.0,26.7,0.0,0.0,0.0,0.0,601,392697,0.0,0.0,0.0,0.0,0.0,0.0,0.0,0.0,0.0,154.0.1,4,0,0,-85.0,39.0
2026-08-14T17:09:57+00:00,76.0,26.7,0.0,0.0,0.0,0.0,601,392997,0.0,0.0,0.0,0.0,0.0,0.0,0.0,0.0,0.0,154.0.1,4,0,0,-72.0,66.0
2026-08-14T17:14:57+00:00,78.0,26.7,0.0,0.0,0.0,0.0,601,393297,0.0,0.0,0.0,0.0,0.0,0.0,0.0,0.0,0.0,154.0.1,4,0,0,333.0,194.0
2026-08-14T17:19:57+00:00,87.5,26.7,0.0,0.0,0.0,0.0,601,393597,0.0,0.0,0.0,0.0,0.0,0.0,0.0,0.0,0.0,154.0.1,4,0,0,-19.0,0.0
2026-08-14T17:24:57+00:00,111.5,26.7,0.0,0.0,0.0,0.0,601,393897,0.0,0.0,0.0,0.0,0.0,0.0,0.0,0.0,0.0,154.0.1,4,0,0,-15.0,-85.0
2026-08-14T17:29:57+00:00,185.5,26.7,0.0,0.0,0.0,0.0,601,394197,0.0,0.0,0.0,0.0,0.0,0.0,0.0,0.0,0.0,154.0.1,4,0,0,103.0,282.0
2026-08-14T17:34:58+00:00,88.0,26.7,0.0,0.0,0.0,0.0,601,394498,0.0,0.0,0.0,0.0,0.0,0.0,0.0,0.0,0.0,154.0.1,4,0,0,92.0,-161.0
2026-08-14T17:39:57+00:00,1.0,26.7,0.0,0.0,0.0,0.0,601,394797,0.0,0.0,0.0,0.0,0.0,0.0,0.0,0.0,0.0,154.0.1,4,0,0,253.0,0.0
2026-08-14T17:44:57+00:00,0.0,26.9,0.0,0.0,0.0,0.0,601,395097,0.0,0.0,0.0,0.0,0.0,0.0,0.0,0.0,0.0,154.0.1,4,0,0,,-15.0
2026-08-14T17:49:57+00:00,0.0,26.9,0.0,0.0,0.0,0.0,601,395397,0.0,0.0,0.0,0.0,0.0,0.0,0.0,0.0,0.0,154.0.1,4,0,0,1.0,227.0
2026-08-14T17:54:57+00:00,0.0,26.9,0.0,0.0,0.0,0.0,601,395697,0.0,0.0,0.0,0.0,0.0,0.0,0.0,0.0,0.0,154.0.1,4,0,0,-239.0,-30.0
2026-08-14T17:59:58+00:00,0.0,26.9,0.0,0.0,0.0,0.0,601,395998,0.0,0.0,0.0,0.0,0.0,0.0,0.0,0.0,0.0,154.0.1,4,0,0,-258.0,-101.0
2026-08-14T18:04:58+00:00,0.0,26.9,0.0,0.0,0.0,0.0,601,396298,0.0,0.0,0.0,0.0,0.0,0.0,0.0,0.0,0.0,154.0.1,4,0,0,-105.0,-192.0
2026-08-14T18:09:57+00:00,19.0,26.9,0.0,0.0,0.0,0.0,601,396597,0.0,0.0,0.0,0.0,0.0,0.0,0.0,0.0,0.0,154.0.1,4,0,0,,-206.0
2026-08-14T18:14:57+00:00,0.0,27.2,0.0,0.0,0.0,0.0,601,396897,0.0,0.0,0.0,0.0,0.0,0.0,0.0,0.0,0.0,154.0.1,4,0,0,,-239.0
2026-08-14T18:19:57+00:00,0.0,27.2,0.0,0.0,0.0,0.0,601,397197,0.0,0.0,0.0,0.0,0.0,0.0,0.0,0.0,0.0,154.0.1,4,0,0,-188.0,-258.0
2026-08-14T18:24:57+00:00,0.0,27.2,0.0,0.0,0.0,0.0,601,397497,0.0,0.0,0.0,0.0,0.0,0.0,0.0,0.0,0.0,154.0.1,4,0,0,0.0,-105.0
2026-08-14T18:29:57+00:00,0.0,27.3,0.0,0.0,0.0,0.0,601,397797,0.0,0.0,0.0,0.0,0.0,0.0,0.0,0.0,0.0,154.0.1,4,0,0,0.0,
2026-08-14T18:34:57+00:00,-17.0,27.3,0.0,0.0,0.0,0.0,601,398097,0.0,0.0,0.0,0.0,0.0,0.0,0.0,0.0,0.0,154.0.1,4,0,0,0.0,
2026-08-14T18:39:57+00:00,-16.5,27.3,0.0,0.0,0.0,0.0,601,398397,0.0,0.0,0.0,0.0,0.0,0.0,0.0,0.0,0.0,154.0.1,4,0,0,-5.0,0.0
2026-08-14T18:44:57+00:00,0.0,27.6,0.0,0.0,0.0,0.0,601,398697,0.0,0.0,0.0,0.0,0.0,0.0,0.0,0.0,0.0,154.0.1,4,0,0,-17.0,5.0
2026-08-14T18:49:57+00:00,0.0,27.6,0.0,0.0,0.0,0.0,601,398997,0.0,0.0,0.0,0.0,0.0,0.0,0.0,0.0,0.0,154.0.1,4,0,0,-33.0,0.0
2026-08-14T18:54:58+00:00,-40.0,27.6,0.0,0.0,0.0,0.0,601,399298,0.0,0.0,0.0,0.0,0.0,0.0,0.0,0.0,0.0,154.0.1,4,0,0,-200.0,49.0
2026-08-14T18:59:58+00:00,33.5,27.6,0.0,0.0,0.0,0.0,601,399598,0.0,0.0,0.0,0.0,0.0,0.0,0.0,0.0,0.0,154.0.1,4,0,0,-560.0,-75.0
2026-08-14T19:04:57+00:00,52.5,27.6,0.0,0.0,0.0,0.0,601,399897,0.0,0.0,0.0,0.0,0.0,0.0,0.0,0.0,0.0,154.0.1,4,0,0,,-53.0
2026-08-14T19:09:57+00:00,58.0,27.6,0.0,0.0,0.0,0.0,601,400197,0.0,0.0,0.0,0.0,0.0,0.0,0.0,0.0,0.0,154.0.1,4,0,0,,0.0
2026-08-14T19:14:58+00:00,26.0,27.7,0.0,0.0,0.0,0.0,601,400498,0.0,0.0,0.0,0.0,0.0,0.0,0.0,0.0,0.0,154.0.1,4,0,0,486.0,-560.0
2026-08-14T19:19:57+00:00,2.5,27.7,0.0,0.0,0.0,0.0,601,400797,0.0,0.0,0.0,0.0,0.0,0.0,0.0,0.0,0.0,154.0.1,4,0,0,0.0,147.0
2026-08-14T19:24:58+00:00,33.0,27.7,0.0,0.0,0.0,0.0,601,401098,0.0,0.0,0.0,0.0,0.0,0.0,0.0,0.0,0.0,154.0.1,4,0,0,458.0,-71.0
2026-08-14T19:29:58+00:00,0.0,27.3,0.0,0.0,0.0,0.0,601,401398,0.0,0.0,0.0,0.0,0.0,0.0,0.0,0.0,0.0,154.0.1,4,0,0,175.0,151.0
2026-08-14T19:34:58+00:00,0.0,27.3,0.0,0.0,0.0,0.0,601,401698,0.0,0.0,0.0,0.0,0.0,0.0,0.0,0.0,0.0,154.0.1,4,0,0,0.0,486.0
2026-08-14T19:39:57+00:00,38.0,27.3,0.0,0.0,0.0,0.0,601,401997,0.0,0.0,0.0,0.0,0.0,0.0,0.0,0.0,0.0,154.0.1,4,0,0,,0.0
2026-08-14T19:44:57+00:00,55.5,27.5,0.0,0.0,0.0,0.0,601,402297,0.0,0.0,0.0,0.0,0.0,0.0,0.0,0.0,0.0,154.0.1,4,0,0,,
2026-08-14T19:49:58+00:00,72.0,27.5,0.0,0.0,0.0,0.0,601,402598,0.0,0.0,0.0,0.0,0.0,0.0,0.0,0.0,0.0,154.0.1,4,0,0,-44.0,5.0
2026-08-14T19:54:58+00:00,0.0,27.5,0.0,0.0,0.0,0.0,601,402898,0.0,0.0,0.0,0.0,0.0,0.0,0.0,0.0,0.0,154.0.1,4,0,0,211.0,3.0
2026-08-14T19:59:57+00:00,109.0,27.6,0.0,0.0,0.0,0.0,601,403197,0.0,0.0,0.0,0.0,0.0,0.0,0.0,0.0,0.0,154.0.1,4,0,0,,
2026-08-14T20:04:57+00:00,62.0,27.6,0.0,0.0,0.0,0.0,601,403497,0.0,0.0,0.0,0.0,0.0,0.0,0.0,0.0,0.0,154.0.1,4,0,0,,
2026-08-14T20:09:58+00:00,41.0,27.6,0.0,0.0,0.0,0.0,601,403798,0.0,0.0,0.0,0.0,0.0,0.0,0.0,0.0,0.0,154.0.1,4,0,0,0.0,0.0
2026-08-14T20:14:57+00:00,47.0,27.7,0.0,0.0,0.0,0.0,601,404097,0.0,0.0,0.0,0.0,0.0,0.0,0.0,0.0,0.0,154.0.1,4,0,0,263.0,211.0
2026-08-14T20:19:58+00:00,41.0,27.7,0.0,0.0,0.0,0.0,601,404398,0.0,0.0,0.0,0.0,0.0,0.0,0.0,0.0,0.0,154.0.1,4,0,0,280.0,185.0
2026-08-14T20:24:57+00:00,100.0,27.7,0.0,0.0,0.0,0.0,601,404697,0.0,0.0,0.0,0.0,0.0,0.0,0.0,0.0,0.0,154.0.1,4,0,0,413.0,
2026-08-14T20:29:57+00:00,68.0,27.6,0.0,0.0,0.0,0.0,601,404997,0.0,0.0,0.0,0.0,0.0,0.0,0.0,0.0,0.0,154.0.1,4,0,0,,0.0
2026-08-14T20:34:57+00:00,67.0,27.4,0.0,0.0,0.0,0.0,601,405297,0.0,0.0,0.0,0.0,0.0,0.0,0.0,0.0,0.0,154.0.1,4,0,0,0.0,0.0
2026-08-14T20:39:58+00:00,11.0,27.4,0.0,0.0,0.0,0.0,601,405598,0.0,0.0,0.0,0.0,0.0,0.0,0.0,0.0,0.0,154.0.1,4,0,0,0.0,0.0
2026-08-14T20:44:58+00:00,66.5,27.4,0.0,0.0,0.0,0.0,601,405898,0.0,0.0,0.0,0.0,0.0,0.0,0.0,0.0,0.0,154.0.1,4,0,0,0.0,0.0
2026-08-14T20:49:58+00:00,80.0,27.4,0.0,0.0,0.0,0.0,601,406198,0.0,0.0,0.0,0.0,0.0,0.0,0.0,0.0,0.0,154.0.1,4,0,0,291.0,355.0
2026-08-14T20:54:58+00:00,79.0,27.4,0.0,0.0,0.0,0.0,601,406498,0.0,0.0,0.0,0.0,0.0,0.0,0.0,0.0,0.0,154.0.1,4,0,0,207.0,343.0
2026-08-14T20:59:58+00:00,98.0,27.1,0.0,0.0,0.0,0.0,601,406798,0.0,0.0,0.0,0.0,0.0,0.0,0.0,0.0,0.0,154.0.1,4,0,0,141.0,363.0
2026-08-14T21:04:58+00:00,86.0,27.1,0.0,0.0,0.0,0.0,601,407098,0.0,0.0,0.0,0.0,0.0,0.0,0.0,0.0,0.0,154.0.1,4,0,0,284.0,0.0
2026-08-14T21:09:58+00:00,49.0,27.1,0.0,0.0,0.0,0.0,601,407398,0.0,0.0,0.0,0.0,0.0,0.0,0.0,0.0,0.0,154.0.1,4,0,0,98.0,-85.0
2026-08-14T21:14:58+00:00,78.0,27.1,0.0,0.0,0.0,0.0,601,407698,0.0,0.0,0.0,0.0,0.0,0.0,0.0,0.0,0.0,154.0.1,4,0,0,0.0,132.0
2026-08-14T21:19:57+00:00,0.0,27.1,0.0,0.0,0.0,0.0,601,407997,0.0,0.0,0.0,0.0,0.0,0.0,0.0,0.0,0.0,154.0.1,4,0,0,,
2026-08-14T21:24:57+00:00,23.5,27.1,0.0,0.0,0.0,0.0,601,408297,0.0,0.0,0.0,0.0,0.0,0.0,0.0,0.0,0.0,154.0.1,4,0,0,,
2026-08-14T21:29:57+00:00,16.0,27.0,0.0,0.0,0.0,0.0,601,408597,0.0,0.0,0.0,0.0,0.0,0.0,0.0,0.0,0.0,154.0.1,4,0,0,0.0,
2026-08-14T21:34:57+00:00,0.0,27.0,0.0,0.0,0.0,0.0,601,408897,0.0,0.0,0.0,0.0,0.0,0.0,0.0,0.0,0.0,154.0.1,4,0,0,120.0,
2026-08-14T21:39:57+00:00,0.0,27.0,0.0,0.0,0.0,0.0,601,409197,0.0,0.0,0.0,0.0,0.0,0.0,0.0,0.0,0.0,154.0.1,4,0,0,106.0,
2026-08-14T21:44:58+00:00,0.0,27.4,0.0,0.0,0.0,0.0,601,409498,0.0,0.0,0.0,0.0,0.0,0.0,0.0,0.0,0.0,154.0.1,4,0,0,-39.0,190.0
2026-08-14T21:49:58+00:00,0.0,27.4,0.0,0.0,0.0,0.0,601,409798,0.0,0.0,0.0,0.0,0.0,0.0,0.0,0.0,0.0,154.0.1,4,0,0,195.0,-9.0
2026-08-14T21:54:58+00:00,42.0,27.4,0.0,0.0,0.0,0.0,601,410098,0.0,0.0,0.0,0.0,0.0,0.0,0.0,0.0,0.0,154.0.1,4,0,0,316.0,34.0
2026-08-14T21:59:58+00:00,3.0,27.2,0.0,0.0,0.0,0.0,601,410398,0.0,0.0,0.0,0.0,0.0,0.0,0.0,0.0,0.0,154.0.1,4,0,0,261.0,106.0
2026-08-14T22:04:58+00:00,31.5,27.2,0.0,0.0,0.0,0.0,601,410698,0.0,0.0,0.0,0.0,0.0,0.0,0.0,0.0,0.0,154.0.1,4,0,0,434.0,0.0
2026-08-14T22:09:58+00:00,6.0,27.2,0.0,0.0,0.0,0.0,601,410998,0.0,0.0,0.0,0.0,0.0,0.0,0.0,0.0,0.0,154.0.1,4,0,0,-17.0,-10.0
2026-08-14T22:14:58+00:00,57.0,27.1,0.0,0.0,0.0,0.0,601,411298,0.0,0.0,0.0,0.0,0.0,0.0,0.0,0.0,0.0,154.0.1,4,0,0,243.0,-389.0
2026-08-14T22:19:58+00:00,96.0,27.1,0.0,0.0,0.0,0.0,601,411598,0.0,0.0,0.0,0.0,0.0,0.0,0.0,0.0,0.0,154.0.1,4,0,0,0.0,261.0
2026-08-14T22:24:57+00:00,96.0,27.1,0.0,0.0,0.0,0.0,601,411897,0.0,0.0,0.0,0.0,0.0,0.0,0.0,0.0,0.0,154.0.1,4,0,0,,
2026-08-14T22:29:57+00:00,26.0,26.9,0.0,0.0,0.0,0.0,601,412197,0.0,0.0,0.0,0.0,0.0,0.0,0.0,0.0,0.0,154.0.1,4,0,0,,
2026-08-14T22:34:58+00:00,18.0,26.9,0.0,0.0,0.0,0.0,601,412498,0.0,0.0,0.0,0.0,0.0,0.0,0.0,0.0,0.0,154.0.1,4,0,0,0.0,0.0
2026-08-14T22:39:57+00:00,0.0,26.9,0.0,0.0,0.0,0.0,601,412797,0.0,0.0,0.0,0.0,0.0,0.0,0.0,0.0,0.0,154.0.1,4,0,0,26.0,
2026-08-14T22:44:58+00:00,1.5,26.7,0.0,0.0,0.0,0.0,601,413098,0.0,0.0,0.0,0.0,0.0,0.0,0.0,0.0,0.0,154.0.1,4,0,0,27.0,-173.0
2026-08-14T22:49:57+00:00,34.5,26.7,0.0,0.0,0.0,0.0,601,413397,0.0,0.0,0.0,0.0,0.0,0.0,0.0,0.0,0.0,154.0.1,4,0,0,188.0,
2026-08-14T22:54:57+00:00,0.0,26.7,0.0,0.0,0.0,0.0,601,413697,0.0,0.0,0.0,0.0,0.0,0.0,0.0,0.0,0.0,154.0.1,4,0,0,,304.0
2026-08-14T22:59:57+00:00,1.0,26.4,0.0,0.0,0.0,0.0,601,413997,0.0,0.0,0.0,0.0,0.0,0.0,0.0,0.0,0.0,154.0.1,4,0,0,63.0,26.0
2026-08-14T23:04:58+00:00,0.0,26.4,0.0,0.0,0.0,0.0,601,414298,0.0,0.0,0.0,0.0,0.0,0.0,0.0,0.0,0.0,154.0.1,4,0,0,148.0,-370.0
2026-08-14T23:09:57+00:00,0.0,26.4,0.0,0.0,0.0,0.0,601,414597,0.0,0.0,0.0,0.0,0.0,0.0,0.0,0.0,0.0,154.0.1,4,0,0,-71.0,-51.0
2026-08-14T23:14:57+00:00,0.0,26.1,0.0,0.0,0.0,0.0,601,414897,0.0,0.0,0.0,0.0,0.0,0.0,0.0,0.0,0.0,154.0.1,4,0,0,,
2026-08-14T23:19:57+00:00,0.0,26.1,0.0,0.0,0.0,0.0,601,415197,0.0,0.0,0.0,0.0,0.0,0.0,0.0,0.0,0.0,154.0.1,4,0,0,236.0,63.0
2026-08-14T23:24:57+00:00,0.0,26.1,0.0,0.0,0.0,0.0,601,415497,0.0,0.0,0.0,0.0,0.0,0.0,0.0,0.0,0.0,154.0.1,4,0,0,216.0,206.0
2026-08-14T23:29:57+00:00,30.0,25.6,0.0,0.0,0.0,0.0,601,415797,0.0,0.0,0.0,0.0,0.0,0.0,0.0,0.0,0.0,154.0.1,4,0,0,221.0,173.0
2026-08-14T23:34:58+00:00,21.5,25.8,0.0,0.0,0.0,0.0,601,416098,0.0,0.0,0.0,0.0,0.0,0.0,0.0,0.0,0.0,154.0.1,4,0,0,87.0,0.0
2026-08-14T23:39:57+00:00,56.0,25.8,0.0,0.0,0.0,0.0,601,416397,0.0,0.0,0.0,0.0,0.0,0.0,0.0,0.0,0.0,154.0.1,4,0,0,0.0,0.0
2026-08-14T23:44:57+00:00,86.0,25.1,0.0,0.0,0.0,0.0,601,416697,0.0,0.0,0.0,0.0,0.0,0.0,0.0,0.0,0.0,154.0.1,4,0,0,,0.0
2026-08-14T23:49:57+00:00,32.0,25.1,0.0,0.0,0.0,0.0,601,416997,0.0,0.0,0.0,0.0,0.0,0.0,0.0,0.0,0.0,154.0.1,4,0,0,-149.0,0.0
2026-08-14T23:54:57+00:00,46.0,25.1,0.0,0.0,0.0,0.0,601,417297,0.0,0.0,0.0,0.0,0.0,0.0,0.0,0.0,0.0,154.0.1,4,0,0,283.0,0.0
2026-08-14T23:59:57+00:00,0.0,24.3,0.0,0.0,0.0,0.0,601,417597,0.0,0.0,0.0,0.0,0.0,0.0,0.0,0.0,0.0,154.0.1,4,0,0,321.0,0.0
2026-08-15T00:04:57+00:00,0.0,24.3,0.0,0.0,0.0,0.0,601,417897,0.0,0.0,0.0,0.0,0.0,0.0,0.0,0.0,0.0,154.0.1,4,0,0,298.0,
2026-08-15T00:09:57+00:00,0.0,24.3,0.0,0.0,0.0,0.0,601,418197,0.0,0.0,0.0,0.0,0.0,0.0,0.0,0.0,0.0,154.0.1,4,0,0,-73.0,-60.0
2026-08-15T00:14:57+00:00,0.0,23.6,0.0,0.0,0.0,0.0,601,418497,0.0,0.0,0.0,0.0,0.0,0.0,0.0,0.0,0.0,154.0.1,4,0,0,375.0,283.0
2026-08-15T00:19:58+00:00,0.0,23.6,0.0,0.0,0.0,0.0,601,418798,0.0,0.0,0.0,0.0,0.0,0.0,0.0,0.0,0.0,154.0.1,4,0,0,-95.0,-74.0
2026-08-15T00:24:58+00:00,55.0,23.6,0.0,0.0,0.0,0.0,601,419098,0.0,0.0,0.0,0.0,0.0,0.0,0.0,0.0,0.0,154.0.1,4,0,0,418.0,298.0
2026-08-15T00:29:58+00:00,55.5,22.9,0.0,0.0,0.0,0.0,601,419398,0.0,0.0,0.0,0.0,0.0,0.0,0.0,0.0,0.0,154.0.1,4,0,0,45.0,468.0
2026-08-15T00:34:58+00:00,7.0,22.9,0.0,0.0,0.0,0.0,601,419698,0.0,0.0,0.0,0.0,0.0,0.0,0.0,0.0,0.0,154.0.1,4,0,0,0.0,294.0
2026-08-15T00:39:58+00:00,52.0,22.9,0.0,0.0,0.0,0.0,601,419998,0.0,0.0,0.0,0.0,0.0,0.0,0.0,0.0,0.0,154.0.1,4,0,0,0.0,-2.0
2026-08-15T00:44:58+00:00,35.0,22.4,0.0,0.0,0.0,0.0,601,420298,0.0,0.0,0.0,0.0,0.0,0.0,0.0,0.0,0.0,154.0.1,4,0,0,0.0,0.0
2026-08-15T00:49:58+00:00,19.0,22.4,0.0,0.0,0.0,0.0,601,420598,0.0,0.0,0.0,0.0,0.0,0.0,0.0,0.0,0.0,154.0.1,4,0,0,0.0,45.0
2026-08-15T00:54:58+00:00,36.0,22.4,0.0,0.0,0.0,0.0,601,420898,0.0,0.0,0.0,0.0,0.0,0.0,0.0,0.0,0.0,154.0.1,4,0,0,183.0,145.0
2026-08-15T00:59:58+00:00,20.0,21.9,0.0,0.0,0.0,0.0,601,421198,0.0,0.0,0.0,0.0,0.0,0.0,0.0,0.0,0.0,154.0.1,4,0,0,162.0,0.0
2026-08-15T01:04:57+00:00,88.5,21.9,0.0,0.0,0.0,0.0,601,421497,0.0,0.0,0.0,0.0,0.0,0.0,0.0,0.0,0.0,154.0.1,4,0,0,,
2026-08-15T01:09:58+00:00,109.5,22.1,0.0,0.0,0.0,0.0,601,421798,0.0,0.0,0.0,0.0,0.0,0.0,0.0,0.0,0.0,154.0.1,4,0,0,316.0,88.0
2026-08-15T01:14:58+00:00,133.0,21.7,0.0,0.0,0.0,0.0,601,422098,0.0,0.0,0.0,0.0,0.0,0.0,0.0,0.0,0.0,154.0.1,4,0,0,437.0,231.0
2026-08-15T01:19:57+00:00,133.0,21.7,0.0,0.0,0.0,0.0,601,422397,0.0,0.0,0.0,0.0,0.0,0.0,0.0,0.0,0.0,154.0.1,4,0,0,,
2026-08-15T01:24:57+00:00,152.0,21.7,0.0,0.0,0.0,0.0,601,422697,0.0,0.0,0.0,0.0,0.0,0.0,0.0,0.0,0.0,154.0.1,4,0,0,,
2026-08-15T01:29:57+00:00,155.5,21.0,0.0,0.0,0.0,0.0,601,422997,0.0,0.0,0.0,0.0,0.0,0.0,0.0,0.0,0.0,154.0.1,4,0,0,412.0,
2026-08-15T01:34:57+00:00,235.0,21.0,0.0,0.0,0.0,0.0,601,423297,0.0,0.0,0.0,0.0,0.0,0.0,0.0,0.0,0.0,154.0.1,4,0,0,-352.0,0.0
2026-08-15T01:39:57+00:00,233.0,21.0,0.0,0.0,0.0,0.0,601,423597,0.0,0.0,0.0,0.0,0.0,0.0,0.0,0.0,0.0,154.0.1,4,0,0,0.0,
2026-08-15T01:44:58+00:00,75.5,20.8,0.0,0.0,0.0,0.0,601,423898,0.0,0.0,0.0,0.0,0.0,0.0,0.0,0.0,0.0,154.0.1,4,0,0,141.0,0.0
2026-08-15T01:49:57+00:00,84.0,20.8,0.0,0.0,0.0,0.0,601,424197,0.0,0.0,0.0,0.0,0.0,0.0,0.0,0.0,0.0,154.0.1,4,0,0,0.0,412.0
2026-08-15T01:54:57+00:00,101.5,20.8,0.0,0.0,0.0,0.0,601,424497,0.0,0.0,0.0,0.0,0.0,0.0,0.0,0.0,0.0,154.0.1,4,0,0,,491.0
2026-08-15T01:59:57+00:00,109.0,20.5,0.0,0.0,0.0,0.0,601,424797,0.0,0.0,0.0,0.0,0.0,0.0,0.0,0.0,0.0,154.0.1,4,0,0,237.0,139.0
2026-08-15T02:04:57+00:00,0.0,20.5,0.0,0.0,0.0,0.0,601,425097,0.0,0.0,0.0,0.0,0.0,0.0,0.0,0.0,0.0,154.0.1,4,0,0,203.0,141.0
2026-08-15T02:09:57+00:00,0.0,20.5,0.0,0.0,0.0,0.0,601,425397,0.0,0.0,0.0,0.0,0.0,0.0,0.0,0.0,0.0,154.0.1,4,0,0,-114.0,-553.0
2026-08-15T02:14:57+00:00,83.5,20.2,0.0,0.0,0.0,0.0,601,425697,0.0,0.0,0.0,0.0,0.0,0.0,0.0,0.0,0.0,154.0.1,4,0,0,-46.0,
2026-08-15T02:19:57+00:00,0.0,20.2,0.0,0.0,0.0,0.0,601,425997,0.0,0.0,0.0,0.0,0.0,0.0,0.0,0.0,0.0,154.0.1,4,0,0,0.0,0.0
2026-08-15T02:24:58+00:00,0.0,20.2,0.0,0.0,0.0,0.0,601,426298,0.0,0.0,0.0,0.0,0.0,0.0,0.0,0.0,0.0,154.0.1,4,0,0,379.0,303.0
2026-08-15T02:29:58+00:00,102.0,20.0,0.0,0.0,0.0,0.0,601,426598,0.0,0.0,0.0,0.0,0.0,0.0,0.0,0.0,0.0,154.0.1,4,0,0,339.0,0.0
2026-08-15T02:34:57+00:00,82.5,20.4,0.0,0.0,0.0,0.0,601,426897,0.0,0.0,0.0,0.0,0.0,0.0,0.0,0.0,0.0,154.0.1,4,0,0,,473.0
2026-08-15T02:39:57+00:00,0.0,20.4,0.0,0.0,0.0,0.0,601,427197,0.0,0.0,0.0,0.0,0.0,0.0,0.0,0.0,0.0,154.0.1,4,0,0,,350.0
2026-08-15T02:44:57+00:00,47.5,20.1,0.0,0.0,0.0,0.0,601,427497,0.0,0.0,0.0,0.0,0.0,0.0,0.0,0.0,0.0,154.0.1,4,0,0,266.0,0.0
2026-08-15T02:49:58+00:00,12.5,20.1,0.0,0.0,0.0,0.0,601,427798,0.0,0.0,0.0,0.0,0.0,0.0,0.0,0.0,0.0,154.0.1,4,0,0,0.0,326.0
2026-08-15T02:54:58+00:00,54.0,20.1,0.0,0.0,0.0,0.0,601,428098,0.0,0.0,0.0,0.0,0.0,0.0,0.0,0.0,0.0,154.0.1,4,0,0,95.0,348.0
2026-08-15T02:59:58+00:00,21.0,19.9,0.0,0.0,0.0,0.0,601,428398,0.0,0.0,0.0,0.0,0.0,0.0,0.0,0.0,0.0,154.0.1,4,0,0,0.0,0.0
2026-08-15T03:04:58+00:00,63.0,19.9,0.0,0.0,0.0,0.0,601,428698,0.0,0.0,0.0,0.0,0.0,0.0,0.0,0.0,0.0,154.0.1,4,0,0,340.0,361.0
2026-08-15T03:09:58+00:00,107.0,19.9,0.0,0.0,0.0,0.0,601,428998,0.0,0.0,0.0,0.0,0.0,0.0,0.0,0.0,0.0,154.0.1,4,0,0,21.0,58.0
2026-08-15T03:14:57+00:00,71.0,19.7,0.0,0.0,0.0,0.0,601,429297,0.0,0.0,0.0,0.0,0.0,0.0,0.0,0.0,0.0,154.0.1,4,0,0,,335.0
2026-08-15T03:19:57+00:00,110.5,19.7,0.0,0.0,0.0,0.0,601,429597,0.0,0.0,0.0,0.0,0.0,0.0,0.0,0.0,0.0,154.0.1,4,0,0,,
2026-08-15T03:24:57+00:00,96.0,19.7,0.0,0.0,0.0,0.0,601,429897,0.0,0.0,0.0,0.0,0.0,0.0,0.0,0.0,0.0,154.0.1,4,0,0,399.0,
2026-08-15T03:29:57+00:00,88.0,18.9,0.0,0.0,0.0,0.0,601,430197,0.0,0.0,0.0,0.0,0.0,0.0,0.0,0.0,0.0,154.0.1,4,0,0,159.0,
2026-08-15T03:34:57+00:00,106.0,18.9,0.0,0.0,0.0,0.0,601,430497,0.0,0.0,0.0,0.0,0.0,0.0,0.0,0.0,0.0,154.0.1,4,0,0,0.0,
2026-08-15T03:39:57+00:00,75.0,18.9,0.0,0.0,0.0,0.0,601,430797,0.0,0.0,0.0,0.0,0.0,0.0,0.0,0.0,0.0,154.0.1,4,0,0,0.0,
2026-08-15T03:44:58+00:00,123.0,18.7,0.0,0.0,0.0,0.0,601,431098,0.0,0.0,0.0,0.0,0.0,0.0,0.0,0.0,0.0,154.0.1,4,0,0,418.0,63.0
2026-08-15T03:49:58+00:00,388.0,18.7,0.0,0.0,0.0,0.0,601,431398,0.0,0.0,0.0,0.0,0.0,0.0,0.0,0.0,0.0,154.0.1,4,0,0,155.0,113.0
2026-08-15T03:54:57+00:00,455.0,18.7,0.0,0.0,0.0,0.0,601,431697,0.0,0.0,0.0,0.0,0.0,0.0,0.0,0.0,0.0,154.0.1,4,0,0,,48.0
2026-08-15T03:59:57+00:00,466.0,18.5,0.0,0.0,0.0,0.0,601,431997,0.0,0.0,0.0,0.0,0.0,0.0,0.0,0.0,0.0,154.0.1,4,0,0,,88.0
2026-08-15T04:04:57+00:00,160.0,18.5,0.0,0.0,0.0,0.0,601,432297,0.0,0.0,0.0,0.0,0.0,0.0,0.0,0.0,0.0,154.0.1,5,1,0,-398.0,0.0
2026-08-15T04:09:58+00:00,87.0,18.5,0.0,0.0,0.0,0.0,601,432598,0.0,0.0,0.0,0.0,0.0,0.0,0.0,0.0,0.0,154.0.1,5,1,0,554.0,155.0
2026-08-15T04:14:57+00:00,88.0,18.3,0.0,0.0,0.0,0.0,601,432897,0.0,0.0,0.0,0.0,0.0,0.0,0.0,0.0,0.0,154.0.1,5,1,0,13.0,
2026-08-15T04:19:57+00:00,-42.5,18.3,0.0,0.0,0.0,0.0,601,433197,0.0,0.0,0.0,0.0,0.0,0.0,0.0,0.0,0.0,154.0.1,5,1,0,,
2026-08-15T04:24:58+00:00,94.5,18.3,0.0,0.0,0.0,0.0,601,433498,0.0,0.0,0.0,0.0,0.0,0.0,0.0,0.0,0.0,154.0.1,5,1,0,176.0,0.0
2026-08-15T04:29:57+00:00,121.5,18.1,0.0,0.0,0.0,0.0,601,433797,0.0,0.0,0.0,0.0,0.0,0.0,0.0,0.0,0.0,154.0.1,5,1,0,170.0,114.0
2026-08-15T04:34:57+00:00,75.0,18.2,0.0,0.0,0.0,0.0,601,434097,0.0,0.0,0.0,0.0,0.0,0.0,0.0,0.0,0.0,154.0.1,5,1,0,,13.0
2026-08-15T04:39:57+00:00,94.5,18.2,0.0,0.0,0.0,0.0,601,434397,0.0,0.0,0.0,0.0,0.0,0.0,0.0,0.0,0.0,154.0.1,5,1,0,-74.0,
2026-08-15T04:44:57+00:00,275.5,18.0,0.0,0.0,0.0,0.0,601,434697,0.0,0.0,0.0,0.0,0.0,0.0,0.0,0.0,0.0,154.0.1,5,1,0,-160.0,-32.0
2026-08-15T04:49:57+00:00,327.0,18.0,0.0,0.0,0.0,0.0,601,434997,0.0,0.0,0.0,0.0,0.0,0.0,0.0,0.0,0.0,154.0.1,5,1,0,299.0,170.0
2026-08-15T04:54:58+00:00,349.5,18.0,0.0,0.0,0.0,0.0,601,435298,0.0,0.0,0.0,0.0,0.0,0.0,0.0,0.0,0.0,154.0.1,5,1,0,276.0,0.0
2026-08-15T04:59:57+00:00,394.5,17.9,0.0,0.0,0.0,0.0,601,435597,0.0,0.0,0.0,0.0,0.0,0.0,0.0,0.0,0.0,154.0.1,5,1,0,294.0,0.0
2026-08-15T05:04:57+00:00,486.5,17.9,0.0,0.0,0.0,0.0,601,435897,0.0,0.0,0.0,0.0,0.0,0.0,0.0,0.0,0.0,154.0.1,5,1,0,,-110.0
2026-08-15T05:09:57+00:00,546.0,17.9,0.0,0.0,0.0,0.0,601,436197,0.0,0.0,0.0,0.0,0.0,0.0,0.0,0.0,0.0,154.0.1,5,1,0,430.0,-110.0
2026-08-15T05:14:57+00:00,590.0,17.7,0.0,0.0,0.0,0.0,601,436497,0.0,0.0,0.0,0.0,0.0,0.0,0.0,0.0,0.0,154.0.1,5,1,0,488.0,276.0
2026-08-15T08:19:57+00:00,0.0,17.3,0.0,0.0,0.0,0.0,601,447597,0.0,0.0,0.0,0.0,0.0,0.0,0.0,0.0,0.0,154.0.2,5,1,0,,
2026-08-15T08:24:57+00:00,0.0,17.3,0.0,0.0,0.0,0.0,601,447897,0.0,0.0,0.0,0.0,0.0,0.0,0.0,0.0,0.0,154.0.2,5,1,0,,
2026-08-15T08:29:57+00:00,0.0,17.6,0.0,0.0,0.0,0.0,601,448197,0.0,0.0,0.0,0.0,0.0,0.0,0.0,0.0,0.0,154.0.2,5,1,0,0.0,
2026-08-15T08:34:57+00:00,0.0,17.6,0.0,0.0,0.0,0.0,601,448497,0.0,0.0,0.0,0.0,0.0,0.0,0.0,0.0,0.0,154.0.2,5,1,0,0.0,
2026-08-15T08:39:57+00:00,0.0,17.6,0.0,0.0,0.0,0.0,601,448797,0.0,0.0,0.0,0.0,0.0,0.0,0.0,0.0,0.0,154.0.2,5,1,0,0.0,
2026-08-15T08:44:57+00:00,0.0,17.5,0.0,0.0,0.0,0.0,601,449097,0.0,0.0,0.0,0.0,0.0,0.0,0.0,0.0,0.0,154.0.2,5,1,0,0.0,
2026-08-15T08:49:57+00:00,0.0,17.5,0.0,0.0,0.0,0.0,601,449397,0.0,0.0,0.0,0.0,0.0,0.0,0.0,0.0,0.0,154.0.2,5,1,0,0.0,0.0
2026-08-15T08:54:57+00:00,0.0,17.5,0.0,0.0,0.0,0.0,601,449697,0.0,0.0,0.0,0.0,0.0,0.0,0.0,0.0,0.0,154.0.2,5,1,0,0.0,0.0
2026-08-15T08:59:57+00:00,-406.0,17.4,0.0,0.0,0.0,0.0,601,449997,0.0,0.0,0.0,0.0,0.0,0.0,0.0,0.0,0.0,154.0.2,5,1,0,0.0,0.0
2026-08-15T09:04:57+00:00,-15.0,17.4,0.0,0.0,0.0,0.0,601,450297,0.0,0.0,0.0,0.0,0.0,0.0,0.0,0.0,0.0,154.0.2,5,1,0,0.0,0.0
2026-08-15T09:12:12+00:00,5.0,17.4,0.0,0.0,0.0,0.0,601,450732,0.0,0.0,0.0,0.0,0.0,0.0,0.0,0.0,0.0,154.0.2,5,1,0,-406.0,0.0
2026-08-15T09:14:57+00:00,-25.0,17.3,0.0,0.0,0.0,0.0,601,450897,0.0,0.0,0.0,0.0,0.0,0.0,0.0,0.0,0.0,154.0.2,5,1,0,-15.0,0.0
2026-08-15T09:19:57+00:00,-25.0,17.3,0.0,0.0,0.0,0.0,601,451197,0.0,0.0,0.0,0.0,0.0,0.0,0.0,0.0,0.0,154.0.2,5,1,0,,0.0
2026-08-15T09:24:57+00:00,-36.0,17.3,0.0,0.0,0.0,0.0,601,451497,0.0,0.0,0.0,0.0,0.0,0.0,0.0,0.0,0.0,154.0.2,5,1,0,-25.0,0.0
2026-08-15T09:29:57+00:00,-36.0,17.3,0.0,0.0,0.0,0.0,601,451797,0.0,0.0,0.0,0.0,0.0,0.0,0.0,0.0,0.0,154.0.2,5,1,0,-25.0,-406.0
2026-08-15T09:34:57+00:00,0.0,17.4,0.0,0.0,0.0,0.0,601,452097,0.0,0.0,0.0,0.0,0.0,0.0,0.0,0.0,0.0,154.0.2,5,1,0,-44.0,-15.0
2026-08-15T09:39:57+00:00,-9.0,17.4,0.0,0.0,0.0,0.0,601,452397,0.0,0.0,0.0,0.0,0.0,0.0,0.0,0.0,0.0,154.0.2,5,1,0,-77.0,
2026-08-15T09:44:57+00:00,0.0,17.3,0.0,0.0,0.0,0.0,601,452697,0.0,0.0,0.0,0.0,0.0,0.0,0.0,0.0,0.0,154.0.2,5,1,0,0.0,-25.0
2026-08-15T09:49:57+00:00,0.0,17.3,0.0,0.0,0.0,0.0,601,452997,0.0,0.0,0.0,0.0,0.0,0.0,0.0,0.0,0.0,154.0.2,5,1,0,29.0,-25.0
2026-08-15T09:54:57+00:00,0.0,17.3,0.0,0.0,0.0,0.0,601,453297,0.0,0.0,0.0,0.0,0.0,0.0,0.0,0.0,0.0,154.0.2,5,1,0,0.0,-36.0
2026-08-15T09:59:57+00:00,0.0,17.1,0.0,0.0,0.0,0.0,601,453597,0.0,0.0,0.0,0.0,0.0,0.0,0.0,0.0,0.0,154.0.2,5,1,0,83.0,0.0
2026-08-15T10:04:57+00:00,6.0,17.1,0.0,0.0,0.0,0.0,601,453897,0.0,0.0,0.0,0.0,0.0,0.0,0.0,0.0,0.0,154.0.2,5,1,0,0.0,-53.0
2026-08-15T10:09:57+00:00,78.0,17.1,0.0,0.0,0.0,0.0,601,454197,0.0,0.0,0.0,0.0,0.0,0.0,0.0,0.0,0.0,154.0.2,5,1,0,111.0,29.0
2026-08-15T10:14:57+00:00,20.0,17.0,0.0,0.0,0.0,0.0,601,454497,0.0,0.0,0.0,0.0,0.0,0.0,0.0,0.0,0.0,154.0.2,5,1,0,187.0,0.0
2026-08-15T10:19:57+00:00,26.0,17.0,0.0,0.0,0.0,0.0,601,454797,0.0,0.0,0.0,0.0,0.0,0.0,0.0,0.0,0.0,154.0.2,5,1,0,50.0,53.0
2026-08-15T10:24:57+00:00,20.5,17.0,0.0,0.0,0.0,0.0,601,455097,0.0,0.0,0.0,0.0,0.0,0.0,0.0,0.0,0.0,154.0.2,5,1,0,206.0,106.0
2026-08-15T10:29:58+00:00,3.0,16.9,0.0,0.0,0.0,0.0,601,455398,0.0,0.0,0.0,0.0,0.0,0.0,0.0,0.0,0.0,154.0.2,5,1,0,26.0,-113.0
2026-08-15T10:34:57+00:00,22.0,17.2,0.0,0.0,0.0,0.0,601,455697,0.0,0.0,0.0,0.0,0.0,0.0,0.0,0.0,0.0,154.0.2,5,1,0,20.0,6.0
2026-08-15T10:39:57+00:00,7.0,17.2,0.0,0.0,0.0,0.0,601,455997,0.0,0.0,0.0,0.0,0.0,0.0,0.0,0.0,0.0,154.0.2,5,1,0,,197.0
2026-08-15T10:44:58+00:00,0.0,17.1,0.0,0.0,0.0,0.0,601,456298,0.0,0.0,0.0,0.0,0.0,0.0,0.0,0.0,0.0,154.0.2,5,1,0,115.0,180.0
2026-08-15T10:49:57+00:00,-6.0,17.1,0.0,0.0,0.0,0.0,601,456597,0.0,0.0,0.0,0.0,0.0,0.0,0.0,0.0,0.0,154.0.2,5,1,0,109.0,0.0
2026-08-15T10:54:57+00:00,0.0,17.1,0.0,0.0,0.0,0.0,601,456897,0.0,0.0,0.0,0.0,0.0,0.0,0.0,0.0,0.0,154.0.2,5,1,0,,21.0
2026-08-15T10:59:57+00:00,0.0,17.2,0.0,0.0,0.0,0.0,601,457197,0.0,0.0,0.0,0.0,0.0,0.0,0.0,0.0,0.0,154.0.2,5,1,0,6.0,
2026-08-15T11:04:57+00:00,0.0,17.2,0.0,0.0,0.0,0.0,601,457497,0.0,0.0,0.0,0.0,0.0,0.0,0.0,0.0,0.0,154.0.2,5,1,0,0.0,0.0
2026-08-15T11:09:57+00:00,0.0,17.2,0.0,0.0,0.0,0.0,601,457797,0.0,0.0,0.0,0.0,0.0,0.0,0.0,0.0,0.0,154.0.2,5,1,0,179.0,0.0
2026-08-15T11:14:57+00:00,-11.0,17.4,0.0,0.0,0.0,0.0,601,458097,0.0,0.0,0.0,0.0,0.0,0.0,0.0,0.0,0.0,154.0.2,5,1,0,242.0,
2026-08-15T11:19:57+00:00,-7.0,17.4,0.0,0.0,0.0,0.0,601,458397,0.0,0.0,0.0,0.0,0.0,0.0,0.0,0.0,0.0,154.0.2,5,1,0,228.0,206.0
2026-08-15T11:24:57+00:00,0.0,17.4,0.0,0.0,0.0,0.0,601,458697,0.0,0.0,0.0,0.0,0.0,0.0,0.0,0.0,0.0,154.0.2,5,1,0,-51.0,-13.0
2026-08-15T11:29:57+00:00,0.0,18.3,0.0,0.0,0.0,0.0,601,458997,0.0,0.0,0.0,0.0,0.0,0.0,0.0,0.0,0.0,154.0.2,5,1,0,-14.0,0.0
2026-08-15T11:34:57+00:00,0.0,18.3,0.0,0.0,0.0,0.0,601,459297,0.0,0.0,0.0,0.0,0.0,0.0,0.0,0.0,0.0,154.0.2,5,1,0,356.0,69.0
2026-08-15T11:39:57+00:00,2.5,18.3,0.0,0.0,0.0,0.0,601,459597,0.0,0.0,0.0,0.0,0.0,0.0,0.0,0.0,0.0,154.0.2,5,1,0,-144.0,31.0
2026-08-15T11:44:57+00:00,0.0,18.7,0.0,0.0,0.0,0.0,601,459897,0.0,0.0,0.0,0.0,0.0,0.0,0.0,0.0,0.0,154.0.2,5,1,0,-48.0,285.0
2026-08-15T11:49:57+00:00,0.0,18.7,0.0,0.0,0.0,0.0,601,460197,0.0,0.0,0.0,0.0,0.0,0.0,0.0,0.0,0.0,154.0.2,5,1,0,148.0,154.0
2026-08-15T11:54:57+00:00,0.0,18.7,0.0,0.0,0.0,0.0,601,460497,0.0,0.0,0.0,0.0,0.0,0.0,0.0,0.0,0.0,154.0.2,5,1,0,-165.0,-160.0
2026-08-15T11:59:57+00:00,0.0,19.0,0.0,0.0,0.0,0.0,601,460797,0.0,0.0,0.0,0.0,0.0,0.0,0.0,0.0,0.0,154.0.2,5,1,0,12.0,23.0
2026-08-15T12:04:58+00:00,0.0,19.0,0.0,0.0,0.0,0.0,601,461098,0.0,0.0,0.0,0.0,0.0,0.0,0.0,0.0,0.0,154.0.2,5,1,0,0.0,-48.0
2026-08-15T12:09:57+00:00,0.0,19.0,0.0,0.0,0.0,0.0,601,461397,0.0,0.0,0.0,0.0,0.0,0.0,0.0,0.0,0.0,154.0.2,5,1,0,0.0,0.0
2026-08-15T12:14:57+00:00,-17.5,19.4,0.0,0.0,0.0,0.0,601,461697,0.0,0.0,0.0,0.0,0.0,0.0,0.0,0.0,0.0,154.0.2,5,1,0,,80.0
2026-08-15T12:19:57+00:00,-37.0,19.4,0.0,0.0,0.0,0.0,601,461997,0.0,0.0,0.0,0.0,0.0,0.0,0.0,0.0,0.0,154.0.2,5,1,0,-40.0,95.0
2026-08-15T12:24:57+00:00,-27.0,19.4,0.0,0.0,0.0,0.0,601,462297,0.0,0.0,0.0,0.0,0.0,0.0,0.0,0.0,0.0,154.0.2,5,1,0,46.0,0.0
2026-08-15T12:29:57+00:00,0.0,19.7,0.0,0.0,0.0,0.0,601,462597,0.0,0.0,0.0,0.0,0.0,0.0,0.0,0.0,0.0,154.0.2,5,1,0,214.0,0.0
2026-08-15T12:34:57+00:00,0.0,19.7,0.0,0.0,0.0,0.0,601,462897,0.0,0.0,0.0,0.0,0.0,0.0,0.0,0.0,0.0,154.0.2,5,1,0,179.0,
2026-08-15T12:39:57+00:00,0.0,19.7,0.0,0.0,0.0,0.0,601,463197,0.0,0.0,0.0,0.0,0.0,0.0,0.0,0.0,0.0,154.0.2,5,1,0,309.0,117.0
2026-08-15T12:44:57+00:00,0.0,19.9,0.0,0.0,0.0,0.0,601,463497,0.0,0.0,0.0,0.0,0.0,0.0,0.0,0.0,0.0,154.0.2,5,1,0,354.0,117.0
2026-08-15T12:49:57+00:00,0.0,19.9,0.0,0.0,0.0,0.0,601,463797,0.0,0.0,0.0,0.0,0.0,0.0,0.0,0.0,0.0,154.0.2,5,1,0,-51.0,-93.0
2026-08-15T12:54:58+00:00,0.0,19.9,0.0,0.0,0.0,0.0,601,464098,0.0,0.0,0.0,0.0,0.0,0.0,0.0,0.0,0.0,154.0.2,5,1,0,0.0,179.0
2026-08-15T12:59:57+00:00,0.0,20.8,0.0,0.0,0.0,0.0,601,464397,0.0,0.0,0.0,0.0,0.0,0.0,0.0,0.0,0.0,154.0.2,5,1,0,107.0,-179.0
2026-08-15T13:04:57+00:00,0.0,20.8,0.0,0.0,0.0,0.0,601,464697,0.0,0.0,0.0,0.0,0.0,0.0,0.0,0.0,0.0,154.0.2,5,1,0,,354.0
2026-08-15T13:09:57+00:00,0.0,20.8,0.0,0.0,0.0,0.0,601,464997,0.0,0.0,0.0,0.0,0.0,0.0,0.0,0.0,0.0,154.0.2,5,1,0,0.0,0.0
2026-08-15T13:14:57+00:00,0.0,20.9,0.0,0.0,0.0,0.0,601,465297,0.0,0.0,0.0,0.0,0.0,0.0,0.0,0.0,0.0,154.0.2,5,1,0,-18.0,0.0
2026-08-15T13:19:57+00:00,0.0,20.9,0.0,0.0,0.0,0.0,601,465597,0.0,0.0,0.0,0.0,0.0,0.0,0.0,0.0,0.0,154.0.2,5,1,0,-87.0,85.0
2026-08-15T13:24:57+00:00,-3.0,20.9,0.0,0.0,0.0,0.0,601,465897,0.0,0.0,0.0,0.0,0.0,0.0,0.0,0.0,0.0,154.0.2,5,1,0,-113.0,
2026-08-15T13:29:58+00:00,0.0,21.1,0.0,0.0,0.0,0.0,601,466198,0.0,0.0,0.0,0.0,0.0,0.0,0.0,0.0,0.0,154.0.2,5,1,0,-21.0,-33.0
2026-08-15T13:34:57+00:00,-38.0,21.1,0.0,0.0,0.0,0.0,601,466497,0.0,0.0,0.0,0.0,0.0,0.0,0.0,0.0,0.0,154.0.2,5,1,0,-47.0,-41.0
2026-08-15T13:39:57+00:00,-21.5,21.1,0.0,0.0,0.0,0.0,601,466797,0.0,0.0,0.0,0.0,0.0,0.0,0.0,0.0,0.0,154.0.2,5,1,0,,-9.0
2026-08-15T13:44:57+00:00,-22.0,21.1,0.0,0.0,0.0,0.0,601,467097,0.0,0.0,0.0,0.0,0.0,0.0,0.0,0.0,0.0,154.0.2,5,1,0,-109.0,-61.0
2026-08-15T13:49:57+00:00,-63.0,21.1,0.0,0.0,0.0,0.0,601,467397,0.0,0.0,0.0,0.0,0.0,0.0,0.0,0.0,0.0,154.0.2,5,1,0,-56.0,-21.0
2026-08-15T13:54:57+00:00,0.0,21.1,0.0,0.0,0.0,0.0,601,467697,0.0,0.0,0.0,0.0,0.0,0.0,0.0,0.0,0.0,154.0.2,5,1,0,55.0,-113.0
2026-08-15T13:59:57+00:00,0.0,21.3,0.0,0.0,0.0,0.0,601,467997,0.0,0.0,0.0,0.0,0.0,0.0,0.0,0.0,0.0,154.0.2,5,1,0,48.0,
2026-08-15T14:04:58+00:00,-29.0,21.3,0.0,0.0,0.0,0.0,601,468298,0.0,0.0,0.0,0.0,0.0,0.0,0.0,0.0,0.0,154.0.2,5,1,0,53.0,11.0
2026-08-15T14:09:57+00:00,0.0,21.3,0.0,0.0,0.0,0.0,601,468597,0.0,0.0,0.0,0.0,0.0,0.0,0.0,0.0,0.0,154.0.2,5,1,0,-46.0,12.0
2026-08-15T14:14:57+00:00,0.0,21.1,0.0,0.0,0.0,0.0,601,468897,0.0,0.0,0.0,0.0,0.0,0.0,0.0,0.0,0.0,154.0.2,5,1,0,,83.0
2026-08-15T14:19:57+00:00,0.0,21.1,0.0,0.0,0.0,0.0,601,469197,0.0,0.0,0.0,0.0,0.0,0.0,0.0,0.0,0.0,154.0.2,5,1,0,-80.0,-63.0
2026-08-15T14:24:57+00:00,0.0,21.1,0.0,0.0,0.0,0.0,601,469497,0.0,0.0,0.0,0.0,0.0,0.0,0.0,0.0,0.0,154.0.2,5,1,0,-156.0,53.0
2026-08-15T14:29:57+00:00,0.0,21.2,0.0,0.0,0.0,0.0,601,469797,0.0,0.0,0.0,0.0,0.0,0.0,0.0,0.0,0.0,154.0.2,5,1,0,-5.0,0.0
2026-08-15T14:34:57+00:00,0.0,21.2,0.0,0.0,0.0,0.0,601,470097,0.0,0.0,0.0,0.0,0.0,0.0,0.0,0.0,0.0,154.0.2,5,1,0,98.0,
2026-08-15T14:39:57+00:00,0.0,21.2,0.0,0.0,0.0,0.0,601,470397,0.0,0.0,0.0,0.0,0.0,0.0,0.0,0.0,0.0,154.0.2,5,1,0,113.0,156.0
2026-08-15T14:44:57+00:00,0.0,21.4,0.0,0.0,0.0,0.0,601,470697,0.0,0.0,0.0,0.0,0.0,0.0,0.0,0.0,0.0,154.0.2,5,1,0,280.0,0.0
2026-08-15T14:49:57+00:00,0.0,21.4,0.0,0.0,0.0,0.0,601,470997,0.0,0.0,0.0,0.0,0.0,0.0,0.0,0.0,0.0,154.0.2,5,1,0,0.0,146.0
2026-08-15T14:54:57+00:00,0.0,21.4,0.0,0.0,0.0,0.0,601,471297,0.0,0.0,0.0,0.0,0.0,0.0,0.0,0.0,0.0,154.0.2,5,1,0,0.0,98.0
2026-08-15T14:59:58+00:00,0.0,21.5,0.0,0.0,0.0,0.0,601,471598,0.0,0.0,0.0,0.0,0.0,0.0,0.0,0.0,0.0,154.0.2,5,1,0,-24.0,-96.0
2026-08-15T15:04:57+00:00,0.0,21.5,0.0,0.0,0.0,0.0,601,471897,0.0,0.0,0.0,0.0,0.0,0.0,0.0,0.0,0.0,154.0.2,5,1,0,9.0,-50.0
2026-08-15T15:09:57+00:00,-15.5,21.5,0.0,0.0,0.0,0.0,601,472197,0.0,0.0,0.0,0.0,0.0,0.0,0.0,0.0,0.0,154.0.2,5,1,0,,-34.0
2026-08-15T15:14:57+00:00,0.0,21.8,0.0,0.0,0.0,0.0,601,472497,0.0,0.0,0.0,0.0,0.0,0.0,0.0,0.0,0.0,154.0.2,5,1,0,-25.0,34.0
2026-08-15T15:19:57+00:00,-1.0,21.8,0.0,0.0,0.0,0.0,601,472797,0.0,0.0,0.0,0.0,0.0,0.0,0.0,0.0,0.0,154.0.2,5,1,0,0.0,0.0
2026-08-15T15:24:57+00:00,-5.0,21.8,0.0,0.0,0.0,0.0,601,473097,0.0,0.0,0.0,0.0,0.0,0.0,0.0,0.0,0.0,154.0.2,5,1,0,-161.0,9.0
2026-08-15T15:29:58+00:00,0.0,22.3,0.0,0.0,0.0,0.0,601,473398,0.0,0.0,0.0,0.0,0.0,0.0,0.0,0.0,0.0,154.0.2,5,1,0,-95.0,0.0
2026-08-15T15:34:57+00:00,23.5,22.3,0.0,0.0,0.0,0.0,601,473697,0.0,0.0,0.0,0.0,0.0,0.0,0.0,0.0,0.0,154.0.2,5,1,0,-141.0,-21.0
2026-08-15T15:39:57+00:00,0.0,22.3,0.0,0.0,0.0,0.0,601,473997,0.0,0.0,0.0,0.0,0.0,0.0,0.0,0.0,0.0,154.0.2,5,1,0,,-136.0
2026-08-15T15:44:57+00:00,0.0,22.6,0.0,0.0,0.0,0.0,601,474297,0.0,0.0,0.0,0.0,0.0,0.0,0.0,0.0,0.0,154.0.2,5,1,0,306.0,78.0
2026-08-15T15:49:57+00:00,0.0,22.6,0.0,0.0,0.0,0.0,601,474597,0.0,0.0,0.0,0.0,0.0,0.0,0.0,0.0,0.0,154.0.2,5,1,0,320.0,-1.0
2026-08-15T15:54:57+00:00,0.0,22.6,0.0,0.0,0.0,0.0,601,474897,0.0,0.0,0.0,0.0,0.0,0.0,0.0,0.0,0.0,154.0.2,5,1,0,0.0,19.0
2026-08-15T15:59:57+00:00,41.5,22.9,0.0,0.0,0.0,0.0,601,475197,0.0,0.0,0.0,0.0,0.0,0.0,0.0,0.0,0.0,154.0.2,5,1,0,0.0,
2026-08-15T16:04:57+00:00,0.0,22.9,0.0,0.0,0.0,0.0,601,475497,0.0,0.0,0.0,0.0,0.0,0.0,0.0,0.0,0.0,154.0.2,5,1,0,-427.0,-83.0
2026-08-15T16:09:57+00:00,0.0,22.9,0.0,0.0,0.0,0.0,601,475797,0.0,0.0,0.0,0.0,0.0,0.0,0.0,0.0,0.0,154.0.2,5,1,0,0.0,320.0
2026-08-15T16:14:57+00:00,0.0,23.1,0.0,0.0,0.0,0.0,601,476097,0.0,0.0,0.0,0.0,0.0,0.0,0.0,0.0,0.0,154.0.2,5,1,0,0.0,0.0
2026-08-15T16:19:58+00:00,0.0,23.1,0.0,0.0,0.0,0.0,601,476398,0.0,0.0,0.0,0.0,0.0,0.0,0.0,0.0,0.0,154.0.2,5,1,0,0.0,0.0
2026-08-15T16:24:57+00:00,0.0,23.1,0.0,0.0,0.0,0.0,601,476697,0.0,0.0,0.0,0.0,0.0,0.0,0.0,0.0,0.0,154.0.2,5,1,0,0.0,0.0
2026-08-15T16:29:57+00:00,0.0,23.3,0.0,0.0,0.0,0.0,601,476997,0.0,0.0,0.0,0.0,0.0,0.0,0.0,0.0,0.0,154.0.2,5,1,0,,231.0
2026-08-15T16:34:57+00:00,0.0,23.4,0.0,0.0,0.0,0.0,601,477297,0.0,0.0,0.0,0.0,0.0,0.0,0.0,0.0,0.0,154.0.2,5,1,0,317.0,144.0
2026-08-15T16:39:58+00:00,0.0,23.4,0.0,0.0,0.0,0.0,601,477598,0.0,0.0,0.0,0.0,0.0,0.0,0.0,0.0,0.0,154.0.2,5,1,0,141.0,0.0
2026-08-15T16:44:57+00:00,0.0,23.5,0.0,0.0,0.0,0.0,601,477897,0.0,0.0,0.0,0.0,0.0,0.0,0.0,0.0,0.0,154.0.2,5,1,0,176.0,67.0
2026-08-15T16:49:57+00:00,0.0,23.5,0.0,0.0,0.0,0.0,601,478197,0.0,0.0,0.0,0.0,0.0,0.0,0.0,0.0,0.0,154.0.2,5,1,0,,
2026-08-15T16:54:58+00:00,-57.0,23.5,0.0,0.0,0.0,0.0,601,478498,0.0,0.0,0.0,0.0,0.0,0.0,0.0,0.0,0.0,154.0.2,5,1,0,-410.0,0.0
2026-08-15T16:59:57+00:00,0.0,23.5,0.0,0.0,0.0,0.0,601,478797,0.0,0.0,0.0,0.0,0.0,0.0,0.0,0.0,0.0,154.0.2,5,1,0,122.0,0.0
2026-08-15T17:04:57+00:00,0.0,23.5,0.0,0.0,0.0,0.0,601,479097,0.0,0.0,0.0,0.0,0.0,0.0,0.0,0.0,0.0,154.0.2,5,1,0,,0.0
2026-08-15T17:09:57+00:00,-22.0,23.5,0.0,0.0,0.0,0.0,601,479397,0.0,0.0,0.0,0.0,0.0,0.0,0.0,0.0,0.0,154.0.2,5,1,0,-96.0,
2026-08-15T17:14:57+00:00,0.0,23.6,0.0,0.0,0.0,0.0,601,479697,0.0,0.0,0.0,0.0,0.0,0.0,0.0,0.0,0.0,154.0.2,5,1,0,29.0,-75.0
2026-08-15T17:19:57+00:00,0.0,23.6,0.0,0.0,0.0,0.0,601,479997,0.0,0.0,0.0,0.0,0.0,0.0,0.0,0.0,0.0,154.0.2,5,1,0,-22.0,122.0
2026-08-15T17:24:57+00:00,0.0,23.6,0.0,0.0,0.0,0.0,601,480297,0.0,0.0,0.0,0.0,0.0,0.0,0.0,0.0,0.0,154.0.2,5,1,0,343.0,
2026-08-15T17:29:57+00:00,0.0,23.7,0.0,0.0,0.0,0.0,601,480597,0.0,0.0,0.0,0.0,0.0,0.0,0.0,0.0,0.0,154.0.2,5,1,0,215.0,-47.0
2026-08-15T17:34:57+00:00,-2.0,23.7,0.0,0.0,0.0,0.0,601,480897,0.0,0.0,0.0,0.0,0.0,0.0,0.0,0.0,0.0,154.0.2,5,1,0,173.0,-121.0
2026-08-15T17:39:57+00:00,-41.5,23.7,0.0,0.0,0.0,0.0,601,481197,0.0,0.0,0.0,0.0,0.0,0.0,0.0,0.0,0.0,154.0.2,5,1,0,-115.0,0.0
2026-08-15T17:44:57+00:00,0.0,23.8,0.0,0.0,0.0,0.0,601,481497,0.0,0.0,0.0,0.0,0.0,0.0,0.0,0.0,0.0,154.0.2,5,1,0,236.0,-12.0
2026-08-15T17:49:57+00:00,0.0,23.8,0.0,0.0,0.0,0.0,601,481797,0.0,0.0,0.0,0.0,0.0,0.0,0.0,0.0,0.0,154.0.2,5,1,0,151.0,215.0
2026-08-15T17:54:57+00:00,0.0,23.8,0.0,0.0,0.0,0.0,601,482097,0.0,0.0,0.0,0.0,0.0,0.0,0.0,0.0,0.0,154.0.2,5,1,0,33.0,173.0
2026-08-15T17:59:57+00:00,35.0,23.8,0.0,0.0,0.0,0.0,601,482397,0.0,0.0,0.0,0.0,0.0,0.0,0.0,0.0,0.0,154.0.2,5,1,0,-108.0,-115.0
2026-08-15T18:04:57+00:00,0.0,23.8,0.0,0.0,0.0,0.0,601,482697,0.0,0.0,0.0,0.0,0.0,0.0,0.0,0.0,0.0,154.0.2,5,1,0,45.0,173.0
2026-08-15T18:09:57+00:00,0.0,23.8,0.0,0.0,0.0,0.0,601,482997,0.0,0.0,0.0,0.0,0.0,0.0,0.0,0.0,0.0,154.0.2,5,1,0,35.0,84.0
2026-08-15T18:14:57+00:00,0.0,24.0,0.0,0.0,0.0,0.0,601,483297,0.0,0.0,0.0,0.0,0.0,0.0,0.0,0.0,0.0,154.0.2,5,1,0,0.0,21.0
2026-08-15T18:19:58+00:00,0.0,24.0,0.0,0.0,0.0,0.0,601,483598,0.0,0.0,0.0,0.0,0.0,0.0,0.0,0.0,0.0,154.0.2,5,1,0,-90.0,45.0
2026-08-15T18:24:57+00:00,-1.5,24.0,0.0,0.0,0.0,0.0,601,483897,0.0,0.0,0.0,0.0,0.0,0.0,0.0,0.0,0.0,154.0.2,5,1,0,-51.0,-29.0
2026-08-15T18:29:57+00:00,-3.5,23.9,0.0,0.0,0.0,0.0,601,484197,0.0,0.0,0.0,0.0,0.0,0.0,0.0,0.0,0.0,154.0.2,5,1,0,,0.0
2026-08-15T18:34:57+00:00,0.0,24.1,0.0,0.0,0.0,0.0,601,484497,0.0,0.0,0.0,0.0,0.0,0.0,0.0,0.0,0.0,154.0.2,5,1,0,-118.0,0.0
2026-08-15T18:39:57+00:00,3.0,24.1,0.0,0.0,0.0,0.0,601,484797,0.0,0.0,0.0,0.0,0.0,0.0,0.0,0.0,0.0,154.0.2,5,1,0,-98.0,-28.0
2026-08-15T18:44:57+00:00,54.0,24.2,0.0,0.0,0.0,0.0,601,485097,0.0,0.0,0.0,0.0,0.0,0.0,0.0,0.0,0.0,154.0.2,5,1,0,-28.0,0.0
2026-08-15T18:49:57+00:00,2.0,24.2,0.0,0.0,0.0,0.0,601,485397,0.0,0.0,0.0,0.0,0.0,0.0,0.0,0.0,0.0,154.0.2,5,1,0,-158.0,
2026-08-15T18:54:57+00:00,0.0,24.2,0.0,0.0,0.0,0.0,601,485697,0.0,0.0,0.0,0.0,0.0,0.0,0.0,0.0,0.0,154.0.2,5,1,0,-32.0,-246.0
2026-08-15T18:59:57+00:00,18.0,24.2,0.0,0.0,0.0,0.0,601,485997,0.0,0.0,0.0,0.0,0.0,0.0,0.0,0.0,0.0,154.0.2,5,1,0,0.0,-101.0
2026-08-15T19:04:57+00:00,0.0,24.2,0.0,0.0,0.0,0.0,601,486297,0.0,0.0,0.0,0.0,0.0,0.0,0.0,0.0,0.0,154.0.2,5,1,0,-27.0,-160.0
2026-08-15T19:09:58+00:00,0.0,24.2,0.0,0.0,0.0,0.0,601,486598,0.0,0.0,0.0,0.0,0.0,0.0,0.0,0.0,0.0,154.0.2,5,1,0,197.0,-145.0
2026-08-15T19:14:57+00:00,0.0,24.2,0.0,0.0,0.0,0.0,601,486897,0.0,0.0,0.0,0.0,0.0,0.0,0.0,0.0,0.0,154.0.2,5,1,0,312.0,-14.0
2026-08-15T19:19:57+00:00,-12.5,24.2,0.0,0.0,0.0,0.0,601,487197,0.0,0.0,0.0,0.0,0.0,0.0,0.0,0.0,0.0,154.0.2,5,1,0,,0.0
2026-08-15T19:24:57+00:00,0.0,24.2,0.0,0.0,0.0,0.0,601,487497,0.0,0.0,0.0,0.0,0.0,0.0,0.0,0.0,0.0,154.0.2,5,1,0,-100.0,-27.0
2026-08-15T19:29:57+00:00,0.0,24.3,0.0,0.0,0.0,0.0,601,487797,0.0,0.0,0.0,0.0,0.0,0.0,0.0,0.0,0.0,154.0.2,5,1,0,350.0,197.0
2026-08-15T19:34:57+00:00,0.0,24.3,0.0,0.0,0.0,0.0,601,488097,0.0,0.0,0.0,0.0,0.0,0.0,0.0,0.0,0.0,154.0.2,5,1,0,181.0,57.0
2026-08-15T19:39:57+00:00,0.0,24.3,0.0,0.0,0.0,0.0,601,488397,0.0,0.0,0.0,0.0,0.0,0.0,0.0,0.0,0.0,154.0.2,5,1,0,463.0,
2026-08-15T19:44:58+00:00,0.0,24.4,0.0,0.0,0.0,0.0,601,488698,0.0,0.0,0.0,0.0,0.0,0.0,0.0,0.0,0.0,154.0.2,5,1,0,0.0,0.0
2026-08-15T19:49:57+00:00,-5.0,24.4,0.0,0.0,0.0,0.0,601,488997,0.0,0.0,0.0,0.0,0.0,0.0,0.0,0.0,0.0,154.0.2,5,1,0,11.0,0.0
2026-08-15T19:54:57+00:00,0.0,24.4,0.0,0.0,0.0,0.0,601,489297,0.0,0.0,0.0,0.0,0.0,0.0,0.0,0.0,0.0,154.0.2,5,1,0,,483.0
2026-08-15T19:59:57+00:00,0.0,24.3,0.0,0.0,0.0,0.0,601,489597,0.0,0.0,0.0,0.0,0.0,0.0,0.0,0.0,0.0,154.0.2,5,1,0,412.0,463.0
2026-08-15T20:04:57+00:00,0.0,24.3,0.0,0.0,0.0,0.0,601,489897,0.0,0.0,0.0,0.0,0.0,0.0,0.0,0.0,0.0,154.0.2,5,1,0,342.0,434.0
2026-08-15T20:14:57+00:00,6.5,24.3,0.0,0.0,0.0,0.0,601,490497,0.0,0.0,0.0,0.0,0.0,0.0,0.0,0.0,0.0,154.0.2,5,1,0,312.0,
2026-08-15T20:19:57+00:00,0.0,24.3,0.0,0.0,0.0,0.0,601,490797,0.0,0.0,0.0,0.0,0.0,0.0,0.0,0.0,0.0,154.0.2,5,1,0,,384.0
2026-08-15T20:24:57+00:00,0.0,24.3,0.0,0.0,0.0,0.0,601,491097,0.0,0.0,0.0,0.0,0.0,0.0,0.0,0.0,0.0,154.0.2,5,1,0,17.0,216.0
2026-08-15T20:29:57+00:00,0.0,24.3,0.0,0.0,0.0,0.0,601,491397,0.0,0.0,0.0,0.0,0.0,0.0,0.0,0.0,0.0,154.0.2,5,1,0,-61.0,0.0
2026-08-15T20:34:58+00:00,0.0,24.6,0.0,0.0,0.0,0.0,601,491698,0.0,0.0,0.0,0.0,0.0,0.0,0.0,0.0,0.0,154.0.2,5,1,0,-39.0,0.0
2026-08-15T20:39:57+00:00,0.0,24.6,0.0,0.0,0.0,0.0,601,491997,0.0,0.0,0.0,0.0,0.0,0.0,0.0,0.0,0.0,154.0.2,5,1,0,0.0,
2026-08-15T20:44:57+00:00,-9.5,24.6,0.0,0.0,0.0,0.0,601,492297,0.0,0.0,0.0,0.0,0.0,0.0,0.0,0.0,0.0,154.0.2,5,1,0,,229.0
2026-08-15T20:49:57+00:00,-61.0,24.6,0.0,0.0,0.0,0.0,601,492597,0.0,0.0,0.0,0.0,0.0,0.0,0.0,0.0,0.0,154.0.2,5,1,0,0.0,-68.0
2026-08-15T20:54:57+00:00,-46.5,24.6,0.0,0.0,0.0,0.0,601,492897,0.0,0.0,0.0,0.0,0.0,0.0,0.0,0.0,0.0,154.0.2,5,1,0,-47.0,151.0
2026-08-15T20:59:58+00:00,-7.0,24.4,0.0,0.0,0.0,0.0,601,493198,0.0,0.0,0.0,0.0,0.0,0.0,0.0,0.0,0.0,154.0.2,5,1,0,-119.0,0.0
2026-08-15T21:04:57+00:00,0.0,24.4,0.0,0.0,0.0,0.0,601,493497,0.0,0.0,0.0,0.0,0.0,0.0,0.0,0.0,0.0,154.0.2,5,1,0,-65.0,
2026-08-15T21:09:58+00:00,0.0,24.4,0.0,0.0,0.0,0.0,601,493798,0.0,0.0,0.0,0.0,0.0,0.0,0.0,0.0,0.0,154.0.2,5,1,0,50.0,70.0
2026-08-15T21:14:57+00:00,0.0,24.2,0.0,0.0,0.0,0.0,601,494097,0.0,0.0,0.0,0.0,0.0,0.0,0.0,0.0,0.0,154.0.2,5,1,0,33.0,17.0
2026-08-15T21:19:57+00:00,0.0,24.2,0.0,0.0,0.0,0.0,601,494397,0.0,0.0,0.0,0.0,0.0,0.0,0.0,0.0,0.0,154.0.2,5,1,0,,-19.0
2026-08-15T21:24:57+00:00,0.0,24.2,0.0,0.0,0.0,0.0,601,494697,0.0,0.0,0.0,0.0,0.0,0.0,0.0,0.0,0.0,154.0.2,5,1,0,163.0,-112.0
2026-08-15T21:29:57+00:00,0.0,24.0,0.0,0.0,0.0,0.0,601,494997,0.0,0.0,0.0,0.0,0.0,0.0,0.0,0.0,0.0,154.0.2,5,1,0,119.0,
2026-08-15T21:34:57+00:00,0.0,24.0,0.0,0.0,0.0,0.0,601,495297,0.0,0.0,0.0,0.0,0.0,0.0,0.0,0.0,0.0,154.0.2,5,1,0,-52.0,0.0
2026-08-15T21:39:57+00:00,-30.0,24.0,0.0,0.0,0.0,0.0,601,495597,0.0,0.0,0.0,0.0,0.0,0.0,0.0,0.0,0.0,154.0.2,5,1,0,21.0,
2026-08-15T21:44:57+00:00,-8.0,23.9,0.0,0.0,0.0,0.0,601,495897,0.0,0.0,0.0,0.0,0.0,0.0,0.0,0.0,0.0,154.0.2,5,1,0,6.0,163.0
2026-08-15T21:49:57+00:00,-7.0,23.9,0.0,0.0,0.0,0.0,601,496197,0.0,0.0,0.0,0.0,0.0,0.0,0.0,0.0,0.0,154.0.2,5,1,0,-21.0,119.0
2026-08-15T21:54:57+00:00,-2.0,23.9,0.0,0.0,0.0,0.0,601,496497,0.0,0.0,0.0,0.0,0.0,0.0,0.0,0.0,0.0,154.0.2,5,1,0,108.0,-52.0
2026-08-15T21:59:57+00:00,0.0,23.6,0.0,0.0,0.0,0.0,601,496797,0.0,0.0,0.0,0.0,0.0,0.0,0.0,0.0,0.0,154.0.2,5,1,0,-121.0,0.0
2026-08-15T22:04:57+00:00,-12.0,23.6,0.0,0.0,0.0,0.0,601,497097,0.0,0.0,0.0,0.0,0.0,0.0,0.0,0.0,0.0,154.0.2,5,1,0,122.0,-20.0
2026-08-15T22:09:57+00:00,0.0,23.6,0.0,0.0,0.0,0.0,601,497397,0.0,0.0,0.0,0.0,0.0,0.0,0.0,0.0,0.0,154.0.2,5,1,0,123.0,-21.0
2026-08-15T22:14:58+00:00,20.5,23.1,0.0,0.0,0.0,0.0,601,497698,0.0,0.0,0.0,0.0,0.0,0.0,0.0,0.0,0.0,154.0.2,5,1,0,69.0,108.0
2026-08-15T22:19:57+00:00,0.0,23.1,0.0,0.0,0.0,0.0,601,497997,0.0,0.0,0.0,0.0,0.0,0.0,0.0,0.0,0.0,154.0.2,5,1,0,237.0,122.0
2026-08-15T22:24:57+00:00,0.0,23.1,0.0,0.0,0.0,0.0,601,498297,0.0,0.0,0.0,0.0,0.0,0.0,0.0,0.0,0.0,154.0.2,5,1,0,,122.0
2026-08-15T22:29:57+00:00,0.0,22.7,0.0,0.0,0.0,0.0,601,498597,0.0,0.0,0.0,0.0,0.0,0.0,0.0,0.0,0.0,154.0.2,5,1,0,207.0,0.0
2026-08-15T22:34:57+00:00,17.0,22.6,0.0,0.0,0.0,0.0,601,498897,0.0,0.0,0.0,0.0,0.0,0.0,0.0,0.0,0.0,154.0.2,5,1,0,0.0,69.0
2026-08-15T22:39:57+00:00,32.0,22.6,0.0,0.0,0.0,0.0,601,499197,0.0,0.0,0.0,0.0,0.0,0.0,0.0,0.0,0.0,154.0.2,5,1,0,64.0,39.0
2026-08-15T22:44:57+00:00,0.0,22.3,0.0,0.0,0.0,0.0,601,499497,0.0,0.0,0.0,0.0,0.0,0.0,0.0,0.0,0.0,154.0.2,5,1,0,105.0,
2026-08-15T22:49:57+00:00,0.0,22.3,0.0,0.0,0.0,0.0,601,499797,0.0,0.0,0.0,0.0,0.0,0.0,0.0,0.0,0.0,154.0.2,5,1,0,0.0,186.0
2026-08-15T22:54:57+00:00,0.0,22.3,0.0,0.0,0.0,0.0,601,500097,0.0,0.0,0.0,0.0,0.0,0.0,0.0,0.0,0.0,154.0.2,5,1,0,180.0,259.0
2026-08-15T22:59:57+00:00,9.0,22.0,0.0,0.0,0.0,0.0,601,500397,0.0,0.0,0.0,0.0,0.0,0.0,0.0,0.0,0.0,154.0.2,5,1,0,0.0,0.0
2026-08-15T23:04:57+00:00,0.0,22.0,0.0,0.0,0.0,0.0,601,500697,0.0,0.0,0.0,0.0,0.0,0.0,0.0,0.0,0.0,154.0.2,5,1,0,93.0,105.0
2026-08-15T23:09:57+00:00,0.0,22.0,0.0,0.0,0.0,0.0,601,500997,0.0,0.0,0.0,0.0,0.0,0.0,0.0,0.0,0.0,154.0.2,5,1,0,99.0,117.0
2026-08-15T23:14:57+00:00,0.0,21.8,0.0,0.0,0.0,0.0,601,501297,0.0,0.0,0.0,0.0,0.0,0.0,0.0,0.0,0.0,154.0.2,5,1,0,139.0,115.0
2026-08-15T23:19:57+00:00,0.0,21.8,0.0,0.0,0.0,0.0,601,501597,0.0,0.0,0.0,0.0,0.0,0.0,0.0,0.0,0.0,154.0.2,5,1,0,55.0,117.0
2026-08-15T23:24:57+00:00,0.0,21.8,0.0,0.0,0.0,0.0,601,501897,0.0,0.0,0.0,0.0,0.0,0.0,0.0,0.0,0.0,154.0.2,5,1,0,-88.0,52.0
2026-08-15T23:29:57+00:00,0.0,21.5,0.0,0.0,0.0,0.0,601,502197,0.0,0.0,0.0,0.0,0.0,0.0,0.0,0.0,0.0,154.0.2,5,1,0,141.0,55.0
2026-08-15T23:34:57+00:00,0.0,21.5,0.0,0.0,0.0,0.0,601,502497,0.0,0.0,0.0,0.0,0.0,0.0,0.0,0.0,0.0,154.0.2,5,1,0,98.0,139.0
2026-08-15T23:39:57+00:00,0.0,21.5,0.0,0.0,0.0,0.0,601,502797,0.0,0.0,0.0,0.0,0.0,0.0,0.0,0.0,0.0,154.0.2,5,1,0,0.0,160.0
2026-08-15T23:44:57+00:00,0.0,21.2,0.0,0.0,0.0,0.0,601,503097,0.0,0.0,0.0,0.0,0.0,0.0,0.0,0.0,0.0,154.0.2,5,1,0,0.0,94.0
2026-08-15T23:49:57+00:00,0.0,21.2,0.0,0.0,0.0,0.0,601,503397,0.0,0.0,0.0,0.0,0.0,0.0,0.0,0.0,0.0,154.0.2,5,1,0,0.0,0.0
2026-08-15T23:54:57+00:00,0.0,21.2,0.0,0.0,0.0,0.0,601,503697,0.0,0.0,0.0,0.0,0.0,0.0,0.0,0.0,0.0,154.0.2,5,1,0,0.0,-161.0
2026-08-15T23:59:57+00:00,40.0,20.7,0.0,0.0,0.0,0.0,601,503997,0.0,0.0,0.0,0.0,0.0,0.0,0.0,0.0,0.0,154.0.2,5,1,0,117.0,72.0
2026-08-16T00:04:57+00:00,2.0,20.7,0.0,0.0,0.0,0.0,601,504297,0.0,0.0,0.0,0.0,0.0,0.0,0.0,0.0,0.0,154.0.2,5,1,0,0.0,0.0
2026-08-16T00:09:57+00:00,16.5,20.7,0.0,0.0,0.0,0.0,601,504597,0.0,0.0,0.0,0.0,0.0,0.0,0.0,0.0,0.0,154.0.2,5,1,0,0.0,0.0
2026-08-16T00:14:57+00:00,1.0,20.2,0.0,0.0,0.0,0.0,601,504897,0.0,0.0,0.0,0.0,0.0,0.0,0.0,0.0,0.0,154.0.2,5,1,0,4.0,0.0
2026-08-16T00:19:57+00:00,99.0,20.2,0.0,0.0,0.0,0.0,601,505197,0.0,0.0,0.0,0.0,0.0,0.0,0.0,0.0,0.0,154.0.2,5,1,0,33.0,0.0
2026-08-16T00:24:57+00:00,31.5,20.2,0.0,0.0,0.0,0.0,601,505497,0.0,0.0,0.0,0.0,0.0,0.0,0.0,0.0,0.0,154.0.2,5,1,0,92.0,0.0
2026-08-16T00:29:57+00:00,0.0,19.8,0.0,0.0,0.0,0.0,601,505797,0.0,0.0,0.0,0.0,0.0,0.0,0.0,0.0,0.0,154.0.2,5,1,0,170.0,0.0
2026-08-16T00:34:57+00:00,0.0,19.8,0.0,0.0,0.0,0.0,601,506097,0.0,0.0,0.0,0.0,0.0,0.0,0.0,0.0,0.0,154.0.2,5,1,0,72.0,0.0
2026-08-16T00:39:57+00:00,75.0,19.8,0.0,0.0,0.0,0.0,601,506397,0.0,0.0,0.0,0.0,0.0,0.0,0.0,0.0,0.0,154.0.2,5,1,0,157.0,33.0
2026-08-16T00:44:58+00:00,19.5,19.3,0.0,0.0,0.0,0.0,601,506698,0.0,0.0,0.0,0.0,0.0,0.0,0.0,0.0,0.0,154.0.2,5,1,0,159.0,92.0
2026-08-16T00:49:57+00:00,0.0,19.2,0.0,0.0,0.0,0.0,601,506997,0.0,0.0,0.0,0.0,0.0,0.0,0.0,0.0,0.0,154.0.2,5,1,0,168.0,255.0
2026-08-16T00:54:57+00:00,27.0,19.2,0.0,0.0,0.0,0.0,601,507297,0.0,0.0,0.0,0.0,0.0,0.0,0.0,0.0,0.0,154.0.2,5,1,0,,230.0
2026-08-16T00:59:57+00:00,0.0,18.8,0.0,0.0,0.0,0.0,601,507597,0.0,0.0,0.0,0.0,0.0,0.0,0.0,0.0,0.0,154.0.2,5,1,0,0.0,0.0
2026-08-16T01:04:57+00:00,0.0,18.8,0.0,0.0,0.0,0.0,601,507897,0.0,0.0,0.0,0.0,0.0,0.0,0.0,0.0,0.0,154.0.2,5,1,0,351.0,226.0
2026-08-16T01:09:57+00:00,0.0,18.8,0.0,0.0,0.0,0.0,601,508197,0.0,0.0,0.0,0.0,0.0,0.0,0.0,0.0,0.0,154.0.2,5,1,0,340.0,274.0
2026-08-16T01:14:57+00:00,1.5,18.4,0.0,0.0,0.0,0.0,601,508497,0.0,0.0,0.0,0.0,0.0,0.0,0.0,0.0,0.0,154.0.2,5,1,0,0.0,
2026-08-16T01:19:58+00:00,0.0,18.4,0.0,0.0,0.0,0.0,601,508798,0.0,0.0,0.0,0.0,0.0,0.0,0.0,0.0,0.0,154.0.2,5,1,0,278.0,308.0
2026-08-16T01:24:57+00:00,70.0,18.5,0.0,0.0,0.0,0.0,601,509097,0.0,0.0,0.0,0.0,0.0,0.0,0.0,0.0,0.0,154.0.2,5,1,0,53.0,0.0
2026-08-16T01:29:57+00:00,48.5,18.3,0.0,0.0,0.0,0.0,601,509397,0.0,0.0,0.0,0.0,0.0,0.0,0.0,0.0,0.0,154.0.2,5,1,0,,340.0
2026-08-16T01:34:57+00:00,45.0,18.3,0.0,0.0,0.0,0.0,601,509697,0.0,0.0,0.0,0.0,0.0,0.0,0.0,0.0,0.0,154.0.2,5,1,0,112.0,-383.0
2026-08-16T01:39:57+00:00,25.0,18.3,0.0,0.0,0.0,0.0,601,509997,0.0,0.0,0.0,0.0,0.0,0.0,0.0,0.0,0.0,154.0.2,5,1,0,0.0,-383.0
2026-08-16T01:44:57+00:00,0.0,18.0,0.0,0.0,0.0,0.0,601,510297,0.0,0.0,0.0,0.0,0.0,0.0,0.0,0.0,0.0,154.0.2,5,1,0,0.0,53.0
2026-08-16T01:49:57+00:00,0.0,18.0,0.0,0.0,0.0,0.0,601,510597,0.0,0.0,0.0,0.0,0.0,0.0,0.0,0.0,0.0,154.0.2,5,1,0,0.0,
2026-08-16T01:54:57+00:00,160.0,18.0,0.0,0.0,0.0,0.0,601,510897,0.0,0.0,0.0,0.0,0.0,0.0,0.0,0.0,0.0,154.0.2,5,1,0,0.0,0.0
2026-08-16T01:59:57+00:00,107.0,17.8,0.0,0.0,0.0,0.0,601,511197,0.0,0.0,0.0,0.0,0.0,0.0,0.0,0.0,0.0,154.0.2,5,1,0,0.0,0.0
2026-08-16T02:04:57+00:00,0.0,17.8,0.0,0.0,0.0,0.0,601,511497,0.0,0.0,0.0,0.0,0.0,0.0,0.0,0.0,0.0,154.0.2,5,1,0,0.0,90.0
2026-08-16T02:09:57+00:00,24.0,17.8,0.0,0.0,0.0,0.0,601,511797,0.0,0.0,0.0,0.0,0.0,0.0,0.0,0.0,0.0,154.0.2,5,1,0,209.0,-363.0
2026-08-16T02:14:58+00:00,22.0,17.6,0.0,0.0,0.0,0.0,601,512098,0.0,0.0,0.0,0.0,0.0,0.0,0.0,0.0,0.0,154.0.2,5,1,0,0.0,0.0
2026-08-16T02:19:57+00:00,0.0,17.6,0.0,0.0,0.0,0.0,601,512397,0.0,0.0,0.0,0.0,0.0,0.0,0.0,0.0,0.0,154.0.2,5,1,0,0.0,-363.0
2026-08-16T02:24:57+00:00,0.0,17.6,0.0,0.0,0.0,0.0,601,512697,0.0,0.0,0.0,0.0,0.0,0.0,0.0,0.0,0.0,154.0.2,5,1,0,,0.0
2026-08-16T02:29:57+00:00,0.0,17.3,0.0,0.0,0.0,0.0,601,512997,0.0,0.0,0.0,0.0,0.0,0.0,0.0,0.0,0.0,154.0.2,5,1,0,0.0,0.0
2026-08-16T02:34:57+00:00,0.0,17.3,0.0,0.0,0.0,0.0,601,513297,0.0,0.0,0.0,0.0,0.0,0.0,0.0,0.0,0.0,154.0.2,5,1,0,148.0,0.0
2026-08-16T02:39:57+00:00,0.0,17.3,0.0,0.0,0.0,0.0,601,513597,0.0,0.0,0.0,0.0,0.0,0.0,0.0,0.0,0.0,154.0.2,5,1,0,0.0,-293.0
2026-08-16T02:44:57+00:00,0.0,17.1,0.0,0.0,0.0,0.0,601,513897,0.0,0.0,0.0,0.0,0.0,0.0,0.0,0.0,0.0,154.0.2,5,1,0,0.0,
2026-08-16T02:49:58+00:00,56.5,17.1,0.0,0.0,0.0,0.0,601,514198,0.0,0.0,0.0,0.0,0.0,0.0,0.0,0.0,0.0,154.0.2,5,1,0,0.0,51.0
2026-08-16T02:54:57+00:00,45.5,17.1,0.0,0.0,0.0,0.0,601,514497,0.0,0.0,0.0,0.0,0.0,0.0,0.0,0.0,0.0,154.0.2,5,1,0,-416.0,0.0
2026-08-16T02:59:57+00:00,0.0,17.0,0.0,0.0,0.0,0.0,601,514797,0.0,0.0,0.0,0.0,0.0,0.0,0.0,0.0,0.0,154.0.2,5,1,0,,0.0
2026-08-16T03:04:57+00:00,5.5,17.0,0.0,0.0,0.0,0.0,601,515097,0.0,0.0,0.0,0.0,0.0,0.0,0.0,0.0,0.0,154.0.2,5,1,0,226.0,0.0
2026-08-16T03:09:57+00:00,35.0,17.0,0.0,0.0,0.0,0.0,601,515397,0.0,0.0,0.0,0.0,0.0,0.0,0.0,0.0,0.0,154.0.2,5,1,0,0.0,0.0
2026-08-16T03:14:57+00:00,43.0,16.8,0.0,0.0,0.0,0.0,601,515697,0.0,0.0,0.0,0.0,0.0,0.0,0.0,0.0,0.0,154.0.2,5,1,0,0.0,0.0
2026-08-16T03:19:57+00:00,2.5,16.8,0.0,0.0,0.0,0.0,601,515997,0.0,0.0,0.0,0.0,0.0,0.0,0.0,0.0,0.0,154.0.2,5,1,0,176.0,
2026-08-16T03:24:57+00:00,17.0,16.8,0.0,0.0,0.0,0.0,601,516297,0.0,0.0,0.0,0.0,0.0,0.0,0.0,0.0,0.0,154.0.2,5,1,0,0.0,226.0
2026-08-16T03:29:57+00:00,78.5,16.7,0.0,0.0,0.0,0.0,601,516597,0.0,0.0,0.0,0.0,0.0,0.0,0.0,0.0,0.0,154.0.2,5,1,0,0.0,0.0
2026-08-16T03:34:57+00:00,80.0,16.7,0.0,0.0,0.0,0.0,601,516897,0.0,0.0,0.0,0.0,0.0,0.0,0.0,0.0,0.0,154.0.2,5,1,0,-155.0,0.0
2026-08-16T03:39:57+00:00,64.5,16.7,0.0,0.0,0.0,0.0,601,517197,0.0,0.0,0.0,0.0,0.0,0.0,0.0,0.0,0.0,154.0.2,5,1,0,85.0,0.0
2026-08-16T03:44:57+00:00,86.0,16.5,0.0,0.0,0.0,0.0,601,517497,0.0,0.0,0.0,0.0,0.0,0.0,0.0,0.0,0.0,154.0.2,5,1,0,201.0,0.0
2026-08-16T03:49:57+00:00,86.0,16.5,0.0,0.0,0.0,0.0,601,517797,0.0,0.0,0.0,0.0,0.0,0.0,0.0,0.0,0.0,154.0.2,5,1,0,201.0,0.0
2026-08-16T03:54:57+00:00,75.0,16.5,0.0,0.0,0.0,0.0,601,518097,0.0,0.0,0.0,0.0,0.0,0.0,0.0,0.0,0.0,154.0.2,5,1,0,256.0,-155.0
2026-08-16T03:59:57+00:00,95.0,16.3,0.0,0.0,0.0,0.0,601,518397,0.0,0.0,0.0,0.0,0.0,0.0,0.0,0.0,0.0,154.0.2,5,1,0,201.0,201.0
2026-08-16T04:04:57+00:00,145.0,16.3,0.0,0.0,0.0,0.0,601,518697,0.0,0.0,0.0,0.0,0.0,0.0,0.0,0.0,0.0,154.0.2,6,1,0,201.0,201.0
2026-08-16T04:09:57+00:00,67.0,16.3,0.0,0.0,0.0,0.0,601,518997,0.0,0.0,0.0,0.0,0.0,0.0,0.0,0.0,0.0,154.0.2,6,1,0,25.0,-271.0
2026-08-16T04:14:57+00:00,73.5,16.2,0.0,0.0,0.0,0.0,601,519297,0.0,0.0,0.0,0.0,0.0,0.0,0.0,0.0,0.0,154.0.2,6,1,0,173.0,0.0
2026-08-16T04:19:57+00:00,170.0,16.2,0.0,0.0,0.0,0.0,601,519597,0.0,0.0,0.0,0.0,0.0,0.0,0.0,0.0,0.0,154.0.2,6,1,0,-57.0,179.0
2026-08-16T04:24:57+00:00,68.5,16.2,0.0,0.0,0.0,0.0,601,519897,0.0,0.0,0.0,0.0,0.0,0.0,0.0,0.0,0.0,154.0.2,6,1,0,276.0,-413.0
2026-08-16T04:29:57+00:00,39.0,16.1,0.0,0.0,0.0,0.0,601,520197,0.0,0.0,0.0,0.0,0.0,0.0,0.0,0.0,0.0,154.0.2,6,1,0,-81.0,25.0
2026-08-16T04:34:57+00:00,32.5,16.0,0.0,0.0,0.0,0.0,601,520497,0.0,0.0,0.0,0.0,0.0,0.0,0.0,0.0,0.0,154.0.2,6,1,0,0.0,145.0
2026-08-16T04:39:57+00:00,105.5,16.0,0.0,0.0,0.0,0.0,601,520797,0.0,0.0,0.0,0.0,0.0,0.0,0.0,0.0,0.0,154.0.2,6,1,0,0.0,134.0
2026-08-16T04:44:57+00:00,115.0,15.9,0.0,0.0,0.0,0.0,601,521097,0.0,0.0,0.0,0.0,0.0,0.0,0.0,0.0,0.0,154.0.2,6,1,0,0.0,0.0
2026-08-16T04:49:57+00:00,24.0,15.9,0.0,0.0,0.0,0.0,601,521397,0.0,0.0,0.0,0.0,0.0,0.0,0.0,0.0,0.0,154.0.2,6,1,0,121.0,170.0
2026-08-16T04:54:57+00:00,0.0,15.9,0.0,0.0,0.0,0.0,601,521697,0.0,0.0,0.0,0.0,0.0,0.0,0.0,0.0,0.0,154.0.2,6,1,0,0.0,0.0
2026-08-16T04:59:57+00:00,0.0,15.9,0.0,0.0,0.0,0.0,601,521997,0.0,0.0,0.0,0.0,0.0,0.0,0.0,0.0,0.0,154.0.2,6,1,0,0.0,0.0
2026-08-16T05:04:57+00:00,110.0,15.9,0.0,0.0,0.0,0.0,601,522297,0.0,0.0,0.0,0.0,0.0,0.0,0.0,0.0,0.0,154.0.2,6,1,0,94.0,-466.0
2026-08-16T05:09:57+00:00,87.0,15.9,0.0,0.0,0.0,0.0,601,522597,0.0,0.0,0.0,0.0,0.0,0.0,0.0,0.0,0.0,154.0.2,6,1,0,0.0,0.0
2026-08-16T05:14:57+00:00,112.5,15.8,0.0,0.0,0.0,0.0,601,522897,0.0,0.0,0.0,0.0,0.0,0.0,0.0,0.0,0.0,154.0.2,6,1,0,0.0,0.0
2026-08-16T05:19:57+00:00,214.0,15.8,0.0,0.0,0.0,0.0,601,523197,0.0,0.0,0.0,0.0,0.0,0.0,0.0,0.0,0.0,154.0.2,6,1,0,174.0,48.0
2026-08-16T05:24:57+00:00,205.0,15.8,0.0,0.0,0.0,0.0,601,523497,0.0,0.0,0.0,0.0,0.0,0.0,0.0,0.0,0.0,154.0.2,6,1,0,225.0,94.0
2026-08-16T05:29:57+00:00,208.0,15.8,0.0,0.0,0.0,0.0,601,523797,0.0,0.0,0.0,0.0,0.0,0.0,0.0,0.0,0.0,154.0.2,6,1,0,214.0,160.0
2026-08-16T05:34:57+00:00,182.0,15.8,0.0,0.0,0.0,0.0,601,524097,0.0,0.0,0.0,0.0,0.0,0.0,0.0,0.0,0.0,154.0.2,6,1,0,205.0,220.0
2026-08-16T09:29:57+00:00,-563.0,15.7,0.0,0.0,0.0,0.0,601,538197,0.0,0.0,0.0,0.0,0.0,0.0,0.0,0.0,0.0,154.0.3,6,1,0,,
2026-08-16T09:34:57+00:00,-563.0,16.0,0.0,0.0,0.0,0.0,601,538497,0.0,0.0,0.0,0.0,0.0,0.0,0.0,0.0,0.0,154.0.3,6,1,0,,
2026-08-16T09:39:57+00:00,22.0,16.0,0.0,0.0,0.0,0.0,601,538797,0.0,0.0,0.0,0.0,0.0,0.0,0.0,0.0,0.0,154.0.3,6,1,0,-563.0,
2026-08-16T09:44:57+00:00,15.5,16.0,0.0,0.0,0.0,0.0,601,539097,0.0,0.0,0.0,0.0,0.0,0.0,0.0,0.0,0.0,154.0.3,6,1,0,-563.0,
2026-08-16T09:49:57+00:00,13.5,16.0,0.0,0.0,0.0,0.0,601,539397,0.0,0.0,0.0,0.0,0.0,0.0,0.0,0.0,0.0,154.0.3,6,1,0,22.0,
2026-08-16T09:54:57+00:00,0.0,16.0,0.0,0.0,0.0,0.0,601,539697,0.0,0.0,0.0,0.0,0.0,0.0,0.0,0.0,0.0,154.0.3,6,1,0,31.0,
2026-08-16T09:59:57+00:00,14.5,16.0,0.0,0.0,0.0,0.0,601,539997,0.0,0.0,0.0,0.0,0.0,0.0,0.0,0.0,0.0,154.0.3,6,1,0,27.0,-563.0
2026-08-16T10:04:57+00:00,0.0,16.0,0.0,0.0,0.0,0.0,601,540297,0.0,0.0,0.0,0.0,0.0,0.0,0.0,0.0,0.0,154.0.3,6,1,0,0.0,-563.0
2026-08-16T10:09:57+00:00,26.0,16.0,0.0,0.0,0.0,0.0,601,540597,0.0,0.0,0.0,0.0,0.0,0.0,0.0,0.0,0.0,154.0.3,6,1,0,0.0,22.0
2026-08-16T10:14:57+00:00,0.0,16.0,0.0,0.0,0.0,0.0,601,540897,0.0,0.0,0.0,0.0,0.0,0.0,0.0,0.0,0.0,154.0.3,6,1,0,0.0,31.0
2026-08-16T10:19:57+00:00,0.0,16.0,0.0,0.0,0.0,0.0,601,541197,0.0,0.0,0.0,0.0,0.0,0.0,0.0,0.0,0.0,154.0.3,6,1,0,52.0,27.0
2026-08-16T10:24:57+00:00,0.0,16.0,0.0,0.0,0.0,0.0,601,541497,0.0,0.0,0.0,0.0,0.0,0.0,0.0,0.0,0.0,154.0.3,6,1,0,0.0,0.0
2026-08-16T10:29:57+00:00,0.0,16.0,0.0,0.0,0.0,0.0,601,541797,0.0,0.0,0.0,0.0,0.0,0.0,0.0,0.0,0.0,154.0.3,6,1,0,0.0,0.0
2026-08-16T10:34:57+00:00,0.0,15.8,0.0,0.0,0.0,0.0,601,542097,0.0,0.0,0.0,0.0,0.0,0.0,0.0,0.0,0.0,154.0.3,6,1,0,191.0,0.0
2026-08-16T10:39:57+00:00,0.0,15.8,0.0,0.0,0.0,0.0,601,542397,0.0,0.0,0.0,0.0,0.0,0.0,0.0,0.0,0.0,154.0.3,6,1,0,150.0,52.0
2026-08-16T10:44:57+00:00,-1.5,15.8,0.0,0.0,0.0,0.0,601,542697,0.0,0.0,0.0,0.0,0.0,0.0,0.0,0.0,0.0,154.0.3,6,1,0,0.0,0.0
2026-08-16T10:49:57+00:00,-10.5,15.8,0.0,0.0,0.0,0.0,601,542997,0.0,0.0,0.0,0.0,0.0,0.0,0.0,0.0,0.0,154.0.3,6,1,0,-37.0,-7.0
2026-08-16T10:54:57+00:00,0.0,15.8,0.0,0.0,0.0,0.0,601,543297,0.0,0.0,0.0,0.0,0.0,0.0,0.0,0.0,0.0,154.0.3,6,1,0,-18.0,-21.0
2026-08-16T10:59:57+00:00,14.5,16.1,0.0,0.0,0.0,0.0,601,543597,0.0,0.0,0.0,0.0,0.0,0.0,0.0,0.0,0.0,154.0.3,6,1,0,0.0,96.0
2026-08-16T11:04:57+00:00,10.0,16.1,0.0,0.0,0.0,0.0,601,543897,0.0,0.0,0.0,0.0,0.0,0.0,0.0,0.0,0.0,154.0.3,6,1,0,175.0,0.0
2026-08-16T11:09:57+00:00,3.0,16.1,0.0,0.0,0.0,0.0,601,544197,0.0,0.0,0.0,0.0,0.0,0.0,0.0,0.0,0.0,154.0.3,6,1,0,96.0,168.0
2026-08-16T11:14:57+00:00,0.0,16.6,0.0,0.0,0.0,0.0,601,544497,0.0,0.0,0.0,0.0,0.0,0.0,0.0,0.0,0.0,154.0.3,6,1,0,0.0,-18.0
2026-08-16T11:19:57+00:00,0.0,16.6,0.0,0.0,0.0,0.0,601,544797,0.0,0.0,0.0,0.0,0.0,0.0,0.0,0.0,0.0,154.0.3,6,1,0,196.0,-32.0
2026-08-16T11:24:57+00:00,0.0,16.6,0.0,0.0,0.0,0.0,601,545097,0.0,0.0,0.0,0.0,0.0,0.0,0.0,0.0,0.0,154.0.3,6,1,0,163.0,175.0
2026-08-16T11:29:57+00:00,0.0,17.3,0.0,0.0,0.0,0.0,601,545397,0.0,0.0,0.0,0.0,0.0,0.0,0.0,0.0,0.0,154.0.3,6,1,0,0.0,193.0
2026-08-16T11:34:57+00:00,0.0,17.3,0.0,0.0,0.0,0.0,601,545697,0.0,0.0,0.0,0.0,0.0,0.0,0.0,0.0,0.0,154.0.3,6,1,0,-33.0,0.0
2026-08-16T11:39:57+00:00,0.0,17.3,0.0,0.0,0.0,0.0,601,545997,0.0,0.0,0.0,0.0,0.0,0.0,0.0,0.0,0.0,154.0.3,6,1,0,0.0,196.0
2026-08-16T11:44:57+00:00,0.0,17.9,0.0,0.0,0.0,0.0,601,546297,0.0,0.0,0.0,0.0,0.0,0.0,0.0,0.0,0.0,154.0.3,6,1,0,0.0,0.0
2026-08-16T11:49:57+00:00,0.0,17.9,0.0,0.0,0.0,0.0,601,546597,0.0,0.0,0.0,0.0,0.0,0.0,0.0,0.0,0.0,154.0.3,6,1,0,0.0,0.0
2026-08-16T11:54:57+00:00,0.0,17.9,0.0,0.0,0.0,0.0,601,546897,0.0,0.0,0.0,0.0,0.0,0.0,0.0,0.0,0.0,154.0.3,6,1,0,0.0,0.0
2026-08-16T11:59:57+00:00,-26.0,18.6,0.0,0.0,0.0,0.0,601,547197,0.0,0.0,0.0,0.0,0.0,0.0,0.0,0.0,0.0,154.0.3,6,1,0,-136.0,-102.0
2026-08-16T12:04:57+00:00,0.0,18.6,0.0,0.0,0.0,0.0,601,547497,0.0,0.0,0.0,0.0,0.0,0.0,0.0,0.0,0.0,154.0.3,6,1,0,-103.0,0.0
2026-08-16T12:09:57+00:00,-19.0,18.6,0.0,0.0,0.0,0.0,601,547797,0.0,0.0,0.0,0.0,0.0,0.0,0.0,0.0,0.0,154.0.3,6,1,0,-114.0,-96.0
2026-08-16T12:14:57+00:00,-10.0,19.1,0.0,0.0,0.0,0.0,601,548097,0.0,0.0,0.0,0.0,0.0,0.0,0.0,0.0,0.0,154.0.3,6,1,0,0.0,0.0
2026-08-16T12:19:57+00:00,0.0,19.1,0.0,0.0,0.0,0.0,601,548397,0.0,0.0,0.0,0.0,0.0,0.0,0.0,0.0,0.0,154.0.3,6,1,0,130.0,236.0
2026-08-16T12:24:57+00:00,0.0,19.1,0.0,0.0,0.0,0.0,601,548697,0.0,0.0,0.0,0.0,0.0,0.0,0.0,0.0,0.0,154.0.3,6,1,0,-10.0,60.0
2026-08-16T12:29:57+00:00,-32.0,19.6,0.0,0.0,0.0,0.0,601,548997,0.0,0.0,0.0,0.0,0.0,0.0,0.0,0.0,0.0,154.0.3,6,1,0,-49.0,-26.0
2026-08-16T12:34:57+00:00,0.0,19.6,0.0,0.0,0.0,0.0,601,549297,0.0,0.0,0.0,0.0,0.0,0.0,0.0,0.0,0.0,154.0.3,6,1,0,0.0,0.0
2026-08-16T12:39:57+00:00,0.0,19.6,0.0,0.0,0.0,0.0,601,549597,0.0,0.0,0.0,0.0,0.0,0.0,0.0,0.0,0.0,154.0.3,6,1,0,37.0,1.0
2026-08-16T12:44:57+00:00,-12.0,20.0,0.0,0.0,0.0,0.0,601,549897,0.0,0.0,0.0,0.0,0.0,0.0,0.0,0.0,0.0,154.0.3,6,1,0,152.0,184.0
2026-08-16T12:49:57+00:00,0.0,20.0,0.0,0.0,0.0,0.0,601,550197,0.0,0.0,0.0,0.0,0.0,0.0,0.0,0.0,0.0,154.0.3,6,1,0,0.0,0.0
2026-08-16T12:54:57+00:00,-10.0,20.0,0.0,0.0,0.0,0.0,601,550497,0.0,0.0,0.0,0.0,0.0,0.0,0.0,0.0,0.0,154.0.3,6,1,0,0.0,131.0
2026-08-16T12:59:57+00:00,0.0,20.5,0.0,0.0,0.0,0.0,601,550797,0.0,0.0,0.0,0.0,0.0,0.0,0.0,0.0,0.0,154.0.3,6,1,0,0.0,0.0
2026-08-16T13:04:57+00:00,-13.0,20.5,0.0,0.0,0.0,0.0,601,551097,0.0,0.0,0.0,0.0,0.0,0.0,0.0,0.0,0.0,154.0.3,6,1,0,-72.0,-34.0
2026-08-16T13:09:57+00:00,0.0,20.5,0.0,0.0,0.0,0.0,601,551397,0.0,0.0,0.0,0.0,0.0,0.0,0.0,0.0,0.0,154.0.3,6,1,0,-20.0,176.0
2026-08-16T13:14:57+00:00,0.0,20.7,0.0,0.0,0.0,0.0,601,551697,0.0,0.0,0.0,0.0,0.0,0.0,0.0,0.0,0.0,154.0.3,6,1,0,62.0,0.0
2026-08-16T13:19:57+00:00,0.0,20.7,0.0,0.0,0.0,0.0,601,551997,0.0,0.0,0.0,0.0,0.0,0.0,0.0,0.0,0.0,154.0.3,6,1,0,-30.0,0.0
2026-08-16T13:24:57+00:00,0.0,20.7,0.0,0.0,0.0,0.0,601,552297,0.0,0.0,0.0,0.0,0.0,0.0,0.0,0.0,0.0,154.0.3,6,1,0,0.0,148.0
2026-08-16T13:29:57+00:00,0.0,21.0,0.0,0.0,0.0,0.0,601,552597,0.0,0.0,0.0,0.0,0.0,0.0,0.0,0.0,0.0,154.0.3,6,1,0,197.0,21.0
2026-08-16T13:34:57+00:00,0.0,21.0,0.0,0.0,0.0,0.0,601,552897,0.0,0.0,0.0,0.0,0.0,0.0,0.0,0.0,0.0,154.0.3,6,1,0,0.0,79.0
2026-08-16T13:39:57+00:00,0.0,21.0,0.0,0.0,0.0,0.0,601,553197,0.0,0.0,0.0,0.0,0.0,0.0,0.0,0.0,0.0,154.0.3,6,1,0,0.0,0.0
2026-08-16T13:44:57+00:00,-9.0,21.5,0.0,0.0,0.0,0.0,601,553497,0.0,0.0,0.0,0.0,0.0,0.0,0.0,0.0,0.0,154.0.3,6,1,0,152.0,0.0
2026-08-16T13:49:57+00:00,0.0,21.5,0.0,0.0,0.0,0.0,601,553797,0.0,0.0,0.0,0.0,0.0,0.0,0.0,0.0,0.0,154.0.3,6,1,0,116.0,197.0
2026-08-16T13:54:57+00:00,0.0,21.5,0.0,0.0,0.0,0.0,601,554097,0.0,0.0,0.0,0.0,0.0,0.0,0.0,0.0,0.0,154.0.3,6,1,0,146.0,0.0
2026-08-16T13:59:57+00:00,12.0,21.8,0.0,0.0,0.0,0.0,601,554397,0.0,0.0,0.0,0.0,0.0,0.0,0.0,0.0,0.0,154.0.3,6,1,0,128.0,147.0
2026-08-16T14:04:57+00:00,0.0,21.8,0.0,0.0,0.0,0.0,601,554697,0.0,0.0,0.0,0.0,0.0,0.0,0.0,0.0,0.0,154.0.3,6,1,0,0.0,-63.0
2026-08-16T14:09:57+00:00,32.0,21.8,0.0,0.0,0.0,0.0,601,554997,0.0,0.0,0.0,0.0,0.0,0.0,0.0,0.0,0.0,154.0.3,6,1,0,148.0,0.0
2026-08-16T14:19:57+00:00,0.0,22.0,0.0,0.0,0.0,0.0,601,555597,0.0,0.0,0.0,0.0,0.0,0.0,0.0,0.0,0.0,154.0.3,6,1,0,0.0,39.0
2026-08-16T14:24:57+00:00,0.0,22.0,0.0,0.0,0.0,0.0,601,555897,0.0,0.0,0.0,0.0,0.0,0.0,0.0,0.0,0.0,154.0.3,6,1,0,,0.0
2026-08-16T14:29:57+00:00,0.0,22.3,0.0,0.0,0.0,0.0,601,556197,0.0,0.0,0.0,0.0,0.0,0.0,0.0,0.0,0.0,154.0.3,6,1,0,160.0,0.0
2026-08-16T14:34:57+00:00,71.0,22.3,0.0,0.0,0.0,0.0,601,556497,0.0,0.0,0.0,0.0,0.0,0.0,0.0,0.0,0.0,154.0.3,6,1,0,50.0,0.0
2026-08-16T14:39:57+00:00,50.0,22.3,0.0,0.0,0.0,0.0,601,556797,0.0,0.0,0.0,0.0,0.0,0.0,0.0,0.0,0.0,154.0.3,6,1,0,0.0,0.0
2026-08-16T14:44:57+00:00,0.0,22.6,0.0,0.0,0.0,0.0,601,557097,0.0,0.0,0.0,0.0,0.0,0.0,0.0,0.0,0.0,154.0.3,6,1,0,98.0,
2026-08-16T14:49:57+00:00,0.0,22.6,0.0,0.0,0.0,0.0,601,557397,0.0,0.0,0.0,0.0,0.0,0.0,0.0,0.0,0.0,154.0.3,6,1,0,11.0,126.0
2026-08-16T14:54:57+00:00,0.0,22.6,0.0,0.0,0.0,0.0,601,557697,0.0,0.0,0.0,0.0,0.0,0.0,0.0,0.0,0.0,154.0.3,6,1,0,-5.0,50.0
2026-08-16T14:59:57+00:00,12.0,22.9,0.0,0.0,0.0,0.0,601,557997,0.0,0.0,0.0,0.0,0.0,0.0,0.0,0.0,0.0,154.0.3,6,1,0,-17.0,73.0
2026-08-16T15:04:57+00:00,7.5,22.9,0.0,0.0,0.0,0.0,601,558297,0.0,0.0,0.0,0.0,0.0,0.0,0.0,0.0,0.0,154.0.3,6,1,0,0.0,28.0
2026-08-16T15:09:57+00:00,-74.0,22.9,0.0,0.0,0.0,0.0,601,558597,0.0,0.0,0.0,0.0,0.0,0.0,0.0,0.0,0.0,154.0.3,6,1,0,-19.0,145.0
2026-08-16T15:14:57+00:00,-75.0,23.2,0.0,0.0,0.0,0.0,601,558897,0.0,0.0,0.0,0.0,0.0,0.0,0.0,0.0,0.0,154.0.3,6,1,0,0.0,-5.0
2026-08-16T15:19:57+00:00,-42.0,23.2,0.0,0.0,0.0,0.0,601,559197,0.0,0.0,0.0,0.0,0.0,0.0,0.0,0.0,0.0,154.0.3,6,1,0,-68.0,-27.0
2026-08-16T15:24:57+00:00,-21.0,23.2,0.0,0.0,0.0,0.0,601,559497,0.0,0.0,0.0,0.0,0.0,0.0,0.0,0.0,0.0,154.0.3,6,1,0,-70.0,8.0
2026-08-16T15:29:57+00:00,-28.0,23.4,0.0,0.0,0.0,0.0,601,559797,0.0,0.0,0.0,0.0,0.0,0.0,0.0,0.0,0.0,154.0.3,6,1,0,174.0,0.0
2026-08-16T15:34:57+00:00,0.0,23.4,0.0,0.0,0.0,0.0,601,560097,0.0,0.0,0.0,0.0,0.0,0.0,0.0,0.0,0.0,154.0.3,6,1,0,-100.0,0.0
2026-08-16T15:39:57+00:00,-10.0,23.4,0.0,0.0,0.0,0.0,601,560397,0.0,0.0,0.0,0.0,0.0,0.0,0.0,0.0,0.0,154.0.3,6,1,0,31.0,107.0
2026-08-16T15:44:57+00:00,-9.0,23.6,0.0,0.0,0.0,0.0,601,560697,0.0,0.0,0.0,0.0,0.0,0.0,0.0,0.0,0.0,154.0.3,6,1,0,-10.0,77.0
2026-08-16T15:49:57+00:00,-32.5,23.6,0.0,0.0,0.0,0.0,601,560997,0.0,0.0,0.0,0.0,0.0,0.0,0.0,0.0,0.0,154.0.3,6,1,0,-6.0,174.0
2026-08-16T15:54:57+00:00,-20.0,23.6,0.0,0.0,0.0,0.0,601,561297,0.0,0.0,0.0,0.0,0.0,0.0,0.0,0.0,0.0,154.0.3,6,1,0,-17.0,169.0
2026-08-16T15:59:57+00:00,0.0,23.9,0.0,0.0,0.0,0.0,601,561597,0.0,0.0,0.0,0.0,0.0,0.0,0.0,0.0,0.0,154.0.3,6,1,0,155.0,31.0
2026-08-16T16:04:57+00:00,0.0,23.9,0.0,0.0,0.0,0.0,601,561897,0.0,0.0,0.0,0.0,0.0,0.0,0.0,0.0,0.0,154.0.3,6,1,0,0.0,-10.0
2026-08-16T16:09:57+00:00,-1.0,23.9,0.0,0.0,0.0,0.0,601,562197,0.0,0.0,0.0,0.0,0.0,0.0,0.0,0.0,0.0,154.0.3,6,1,0,0.0,15.0
2026-08-16T16:14:57+00:00,-14.0,24.3,0.0,0.0,0.0,0.0,601,562497,0.0,0.0,0.0,0.0,0.0,0.0,0.0,0.0,0.0,154.0.3,6,1,0,0.0,147.0
2026-08-16T16:19:57+00:00,-1.5,24.3,0.0,0.0,0.0,0.0,601,562797,0.0,0.0,0.0,0.0,0.0,0.0,0.0,0.0,0.0,154.0.3,6,1,0,-85.0,-35.0
2026-08-16T16:24:57+00:00,0.0,24.3,0.0,0.0,0.0,0.0,601,563097,0.0,0.0,0.0,0.0,0.0,0.0,0.0,0.0,0.0,154.0.3,6,1,0,0.0,195.0
2026-08-16T16:29:57+00:00,-37.0,24.7,0.0,0.0,0.0,0.0,601,563397,0.0,0.0,0.0,0.0,0.0,0.0,0.0,0.0,0.0,154.0.3,6,1,0,26.0,45.0
2026-08-16T16:34:57+00:00,-141.0,24.7,0.0,0.0,0.0,0.0,601,563697,0.0,0.0,0.0,0.0,0.0,0.0,0.0,0.0,0.0,154.0.3,6,1,0,-140.0,73.0
2026-08-16T16:39:57+00:00,-21.5,24.7,0.0,0.0,0.0,0.0,601,563997,0.0,0.0,0.0,0.0,0.0,0.0,0.0,0.0,0.0,154.0.3,6,1,0,-225.0,0.0
2026-08-16T16:44:57+00:00,0.0,25.0,0.0,0.0,0.0,0.0,601,564297,0.0,0.0,0.0,0.0,0.0,0.0,0.0,0.0,0.0,154.0.3,6,1,0,314.0,-7.0
2026-08-16T16:49:57+00:00,-63.0,25.0,0.0,0.0,0.0,0.0,601,564597,0.0,0.0,0.0,0.0,0.0,0.0,0.0,0.0,0.0,154.0.3,6,1,0,-35.0,-189.0
2026-08-16T16:54:57+00:00,-6.0,25.0,0.0,0.0,0.0,0.0,601,564897,0.0,0.0,0.0,0.0,0.0,0.0,0.0,0.0,0.0,154.0.3,6,1,0,-154.0,-204.0
2026-08-16T16:59:57+00:00,0.0,25.2,0.0,0.0,0.0,0.0,601,565197,0.0,0.0,0.0,0.0,0.0,0.0,0.0,0.0,0.0,154.0.3,6,1,0,-63.0,108.0
2026-08-16T17:04:57+00:00,-23.0,25.2,0.0,0.0,0.0,0.0,601,565497,0.0,0.0,0.0,0.0,0.0,0.0,0.0,0.0,0.0,154.0.3,6,1,0,0.0,314.0
2026-08-16T17:09:57+00:00,-53.5,25.2,0.0,0.0,0.0,0.0,601,565797,0.0,0.0,0.0,0.0,0.0,0.0,0.0,0.0,0.0,154.0.3,6,1,0,86.0,87.0
2026-08-16T17:14:57+00:00,-71.0,25.5,0.0,0.0,0.0,0.0,601,566097,0.0,0.0,0.0,0.0,0.0,0.0,0.0,0.0,0.0,154.0.3,6,1,0,-39.0,0.0
2026-08-16T17:19:57+00:00,-71.0,25.2,0.0,0.0,0.0,0.0,601,566397,0.0,0.0,0.0,0.0,0.0,0.0,0.0,0.0,0.0,154.0.3,6,1,0,-15.0,0.0
2026-08-16T17:24:57+00:00,-1.5,25.2,0.0,0.0,0.0,0.0,601,566697,0.0,0.0,0.0,0.0,0.0,0.0,0.0,0.0,0.0,154.0.3,6,1,0,-140.0,-6.0
2026-08-16T17:29:57+00:00,-66.0,25.5,0.0,0.0,0.0,0.0,601,566997,0.0,0.0,0.0,0.0,0.0,0.0,0.0,0.0,0.0,154.0.3,6,1,0,-15.0,0.0
2026-08-16T17:34:57+00:00,-56.0,25.5,0.0,0.0,0.0,0.0,601,567297,0.0,0.0,0.0,0.0,0.0,0.0,0.0,0.0,0.0,154.0.3,6,1,0,0.0,-39.0
2026-08-16T17:39:57+00:00,-58.0,25.5,0.0,0.0,0.0,0.0,601,567597,0.0,0.0,0.0,0.0,0.0,0.0,0.0,0.0,0.0,154.0.3,6,1,0,-172.0,-20.0
2026-08-16T17:44:57+00:00,-8.0,25.8,0.0,0.0,0.0,0.0,601,567897,0.0,0.0,0.0,0.0,0.0,0.0,0.0,0.0,0.0,154.0.3,6,1,0,69.0,-23.0
2026-08-16T17:49:57+00:00,-29.0,25.8,0.0,0.0,0.0,0.0,601,568197,0.0,0.0,0.0,0.0,0.0,0.0,0.0,0.0,0.0,154.0.3,6,1,0,-17.0,0.0
2026-08-16T17:54:57+00:00,0.0,25.8,0.0,0.0,0.0,0.0,601,568497,0.0,0.0,0.0,0.0,0.0,0.0,0.0,0.0,0.0,154.0.3,6,1,0,136.0,0.0
2026-08-16T17:59:57+00:00,-13.0,25.9,0.0,0.0,0.0,0.0,601,568797,0.0,0.0,0.0,0.0,0.0,0.0,0.0,0.0,0.0,154.0.3,6,1,0,271.0,0.0
2026-08-16T18:04:57+00:00,0.0,25.9,0.0,0.0,0.0,0.0,601,569097,0.0,0.0,0.0,0.0,0.0,0.0,0.0,0.0,0.0,154.0.3,6,1,0,238.0,69.0
2026-08-16T18:09:57+00:00,0.0,25.9,0.0,0.0,0.0,0.0,601,569397,0.0,0.0,0.0,0.0,0.0,0.0,0.0,0.0,0.0,154.0.3,6,1,0,119.0,-17.0
2026-08-16T18:14:57+00:00,5.5,26.2,0.0,0.0,0.0,0.0,601,569697,0.0,0.0,0.0,0.0,0.0,0.0,0.0,0.0,0.0,154.0.3,6,1,0,183.0,136.0
2026-08-16T18:19:57+00:00,0.0,26.2,0.0,0.0,0.0,0.0,601,569997,0.0,0.0,0.0,0.0,0.0,0.0,0.0,0.0,0.0,154.0.3,6,1,0,126.0,271.0
2026-08-16T18:24:57+00:00,13.0,26.2,0.0,0.0,0.0,0.0,601,570297,0.0,0.0,0.0,0.0,0.0,0.0,0.0,0.0,0.0,154.0.3,6,1,0,22.0,57.0
2026-08-16T18:29:57+00:00,0.0,26.5,0.0,0.0,0.0,0.0,601,570597,0.0,0.0,0.0,0.0,0.0,0.0,0.0,0.0,0.0,154.0.3,6,1,0,-177.0,85.0
2026-08-16T18:34:57+00:00,0.0,26.7,0.0,0.0,0.0,0.0,601,570897,0.0,0.0,0.0,0.0,0.0,0.0,0.0,0.0,0.0,154.0.3,6,1,0,136.0,183.0
2026-08-16T18:39:57+00:00,0.0,26.7,0.0,0.0,0.0,0.0,601,571197,0.0,0.0,0.0,0.0,0.0,0.0,0.0,0.0,0.0,154.0.3,6,1,0,-193.0,-50.0
2026-08-16T18:44:57+00:00,0.0,27.0,0.0,0.0,0.0,0.0,601,571497,0.0,0.0,0.0,0.0,0.0,0.0,0.0,0.0,0.0,154.0.3,6,1,0,48.0,200.0
2026-08-16T18:49:57+00:00,0.0,27.0,0.0,0.0,0.0,0.0,601,571797,0.0,0.0,0.0,0.0,0.0,0.0,0.0,0.0,0.0,154.0.3,6,1,0,89.0,182.0
2026-08-16T18:54:57+00:00,-47.5,27.0,0.0,0.0,0.0,0.0,601,572097,0.0,0.0,0.0,0.0,0.0,0.0,0.0,0.0,0.0,154.0.3,6,1,0,141.0,136.0
2026-08-16T18:59:57+00:00,0.0,27.1,0.0,0.0,0.0,0.0,601,572397,0.0,0.0,0.0,0.0,0.0,0.0,0.0,0.0,0.0,154.0.3,6,1,0,270.0,162.0
2026-08-16T19:04:57+00:00,-18.0,27.1,0.0,0.0,0.0,0.0,601,572697,0.0,0.0,0.0,0.0,0.0,0.0,0.0,0.0,0.0,154.0.3,6,1,0,141.0,-63.0
2026-08-16T19:09:57+00:00,0.0,27.1,0.0,0.0,0.0,0.0,601,572997,0.0,0.0,0.0,0.0,0.0,0.0,0.0,0.0,0.0,154.0.3,6,1,0,19.0,-90.0
2026-08-16T19:14:58+00:00,-4.0,27.3,0.0,0.0,0.0,0.0,601,573298,0.0,0.0,0.0,0.0,0.0,0.0,0.0,0.0,0.0,154.0.3,6,1,0,73.0,67.0
2026-08-16T19:19:57+00:00,0.0,26.9,0.0,0.0,0.0,0.0,601,573597,0.0,0.0,0.0,0.0,0.0,0.0,0.0,0.0,0.0,154.0.3,6,1,0,-9.0,209.0
2026-08-16T19:24:57+00:00,20.0,26.9,0.0,0.0,0.0,0.0,601,573897,0.0,0.0,0.0,0.0,0.0,0.0,0.0,0.0,0.0,154.0.3,6,1,0,,-24.0
2026-08-16T19:29:57+00:00,25.0,27.1,0.0,0.0,0.0,0.0,601,574197,0.0,0.0,0.0,0.0,0.0,0.0,0.0,0.0,0.0,154.0.3,6,1,0,44.0,-23.0
2026-08-16T19:34:57+00:00,-10.0,27.1,0.0,0.0,0.0,0.0,601,574497,0.0,0.0,0.0,0.0,0.0,0.0,0.0,0.0,0.0,154.0.3,6,1,0,20.0,73.0
2026-08-16T19:39:57+00:00,0.0,27.1,0.0,0.0,0.0,0.0,601,574797,0.0,0.0,0.0,0.0,0.0,0.0,0.0,0.0,0.0,154.0.3,6,1,0,0.0,-9.0
2026-08-16T19:44:57+00:00,0.0,27.4,0.0,0.0,0.0,0.0,601,575097,0.0,0.0,0.0,0.0,0.0,0.0,0.0,0.0,0.0,154.0.3,6,1,0,72.0,
2026-08-16T19:49:57+00:00,-26.0,27.4,0.0,0.0,0.0,0.0,601,575397,0.0,0.0,0.0,0.0,0.0,0.0,0.0,0.0,0.0,154.0.3,6,1,0,-127.0,-39.0
2026-08-16T19:54:57+00:00,-46.0,27.4,0.0,0.0,0.0,0.0,601,575697,0.0,0.0,0.0,0.0,0.0,0.0,0.0,0.0,0.0,154.0.3,6,1,0,-134.0,20.0
2026-08-16T19:59:57+00:00,-0.5,27.6,0.0,0.0,0.0,0.0,601,575997,0.0,0.0,0.0,0.0,0.0,0.0,0.0,0.0,0.0,154.0.3,6,1,0,0.0,0.0
2026-08-16T20:04:57+00:00,0.0,27.6,0.0,0.0,0.0,0.0,601,576297,0.0,0.0,0.0,0.0,0.0,0.0,0.0,0.0,0.0,154.0.3,6,1,0,-67.0,-10.0
2026-08-16T20:09:57+00:00,0.0,27.6,0.0,0.0,0.0,0.0,601,576597,0.0,0.0,0.0,0.0,0.0,0.0,0.0,0.0,0.0,154.0.3,6,1,0,-1.0,-127.0
2026-08-16T20:14:57+00:00,0.0,27.7,0.0,0.0,0.0,0.0,601,576897,0.0,0.0,0.0,0.0,0.0,0.0,0.0,0.0,0.0,154.0.3,6,1,0,0.0,130.0
2026-08-16T20:19:57+00:00,34.5,27.7,0.0,0.0,0.0,0.0,601,577197,0.0,0.0,0.0,0.0,0.0,0.0,0.0,0.0,0.0,154.0.3,6,1,0,-571.0,0.0
2026-08-16T20:24:57+00:00,63.0,27.7,0.0,0.0,0.0,0.0,601,577497,0.0,0.0,0.0,0.0,0.0,0.0,0.0,0.0,0.0,154.0.3,6,1,0,4.0,178.0
2026-08-16T20:29:57+00:00,11.0,27.9,0.0,0.0,0.0,0.0,601,577797,0.0,0.0,0.0,0.0,0.0,0.0,0.0,0.0,0.0,154.0.3,6,1,0,129.0,41.0
2026-08-16T20:34:57+00:00,8.0,27.9,0.0,0.0,0.0,0.0,601,578097,0.0,0.0,0.0,0.0,0.0,0.0,0.0,0.0,0.0,154.0.3,6,1,0,0.0,31.0
2026-08-16T20:39:57+00:00,13.5,27.9,0.0,0.0,0.0,0.0,601,578397,0.0,0.0,0.0,0.0,0.0,0.0,0.0,0.0,0.0,154.0.3,6,1,0,0.0,124.0
2026-08-16T20:44:57+00:00,38.0,27.9,0.0,0.0,0.0,0.0,601,578697,0.0,0.0,0.0,0.0,0.0,0.0,0.0,0.0,0.0,154.0.3,6,1,0,0.0,0.0
2026-08-16T20:49:57+00:00,45.5,27.9,0.0,0.0,0.0,0.0,601,578997,0.0,0.0,0.0,0.0,0.0,0.0,0.0,0.0,0.0,154.0.3,6,1,0,27.0,62.0
2026-08-16T20:54:57+00:00,41.0,27.3,0.0,0.0,0.0,0.0,601,579297,0.0,0.0,0.0,0.0,0.0,0.0,0.0,0.0,0.0,154.0.3,6,1,0,0.0,84.0
2026-08-16T20:59:57+00:00,0.0,27.2,0.0,0.0,0.0,0.0,601,579597,0.0,0.0,0.0,0.0,0.0,0.0,0.0,0.0,0.0,154.0.3,6,1,0,0.0,-31.0
2026-08-16T21:04:57+00:00,0.0,27.2,0.0,0.0,0.0,0.0,601,579897,0.0,0.0,0.0,0.0,0.0,0.0,0.0,0.0,0.0,154.0.3,6,1,0,0.0,93.0
2026-08-16T21:09:57+00:00,20.0,27.2,0.0,0.0,0.0,0.0,601,580197,0.0,0.0,0.0,0.0,0.0,0.0,0.0,0.0,0.0,154.0.3,6,1,0,0.0,30.0
2026-08-16T21:14:57+00:00,39.0,27.2,0.0,0.0,0.0,0.0,601,580497,0.0,0.0,0.0,0.0,0.0,0.0,0.0,0.0,0.0,154.0.3,6,1,0,0.0,0.0
2026-08-16T21:19:57+00:00,0.0,27.2,0.0,0.0,0.0,0.0,601,580797,0.0,0.0,0.0,0.0,0.0,0.0,0.0,0.0,0.0,154.0.3,6,1,0,117.0,63.0
2026-08-16T21:24:57+00:00,0.0,27.2,0.0,0.0,0.0,0.0,601,581097,0.0,0.0,0.0,0.0,0.0,0.0,0.0,0.0,0.0,154.0.3,6,1,0,0.0,0.0
2026-08-16T21:29:57+00:00,0.0,27.0,0.0,0.0,0.0,0.0,601,581397,0.0,0.0,0.0,0.0,0.0,0.0,0.0,0.0,0.0,154.0.3,6,1,0,106.0,318.0
2026-08-16T21:34:57+00:00,0.0,27.0,0.0,0.0,0.0,0.0,601,581697,0.0,0.0,0.0,0.0,0.0,0.0,0.0,0.0,0.0,154.0.3,6,1,0,0.0,268.0
2026-08-16T21:39:57+00:00,2.0,27.0,0.0,0.0,0.0,0.0,601,581997,0.0,0.0,0.0,0.0,0.0,0.0,0.0,0.0,0.0,154.0.3,6,1,0,0.0,0.0
2026-08-16T21:44:57+00:00,6.0,26.7,0.0,0.0,0.0,0.0,601,582297,0.0,0.0,0.0,0.0,0.0,0.0,0.0,0.0,0.0,154.0.3,6,1,0,-576.0,0.0
2026-08-16T21:49:57+00:00,0.0,26.7,0.0,0.0,0.0,0.0,601,582597,0.0,0.0,0.0,0.0,0.0,0.0,0.0,0.0,0.0,154.0.3,6,1,0,0.0,106.0
2026-08-16T21:54:57+00:00,0.0,25.9,0.0,0.0,0.0,0.0,601,582897,0.0,0.0,0.0,0.0,0.0,0.0,0.0,0.0,0.0,154.0.3,6,1,0,117.0,0.0
2026-08-16T21:59:57+00:00,0.0,25.6,0.0,0.0,0.0,0.0,601,583197,0.0,0.0,0.0,0.0,0.0,0.0,0.0,0.0,0.0,154.0.3,6,1,0,128.0,20.0
2026-08-16T22:04:57+00:00,5.0,25.6,0.0,0.0,0.0,0.0,601,583497,0.0,0.0,0.0,0.0,0.0,0.0,0.0,0.0,0.0,154.0.3,6,1,0,54.0,-576.0
2026-08-16T22:09:57+00:00,0.0,25.6,0.0,0.0,0.0,0.0,601,583797,0.0,0.0,0.0,0.0,0.0,0.0,0.0,0.0,0.0,154.0.3,6,1,0,15.0,-576.0
2026-08-16T22:14:57+00:00,0.0,24.9,0.0,0.0,0.0,0.0,601,584097,0.0,0.0,0.0,0.0,0.0,0.0,0.0,0.0,0.0,154.0.3,6,1,0,-77.0,-35.0
2026-08-16T22:19:57+00:00,-58.0,24.9,0.0,0.0,0.0,0.0,601,584397,0.0,0.0,0.0,0.0,0.0,0.0,0.0,0.0,0.0,154.0.3,6,1,0,193.0,91.0
2026-08-16T22:24:57+00:00,0.0,24.9,0.0,0.0,0.0,0.0,601,584697,0.0,0.0,0.0,0.0,0.0,0.0,0.0,0.0,0.0,154.0.3,6,1,0,108.0,54.0
2026-08-16T22:29:57+00:00,-3.0,24.6,0.0,0.0,0.0,0.0,601,584997,0.0,0.0,0.0,0.0,0.0,0.0,0.0,0.0,0.0,154.0.3,6,1,0,-223.0,-9.0
2026-08-16T22:34:57+00:00,16.5,24.6,0.0,0.0,0.0,0.0,601,585297,0.0,0.0,0.0,0.0,0.0,0.0,0.0,0.0,0.0,154.0.3,6,1,0,68.0,105.0
2026-08-16T22:39:57+00:00,0.0,25.2,0.0,0.0,0.0,0.0,601,585597,0.0,0.0,0.0,0.0,0.0,0.0,0.0,0.0,0.0,154.0.3,6,1,0,0.0,22.0
2026-08-16T22:44:57+00:00,0.0,24.8,0.0,0.0,0.0,0.0,601,585897,0.0,0.0,0.0,0.0,0.0,0.0,0.0,0.0,0.0,154.0.3,6,1,0,0.0,-43.0
2026-08-16T22:49:58+00:00,0.0,24.8,0.0,0.0,0.0,0.0,601,586198,0.0,0.0,0.0,0.0,0.0,0.0,0.0,0.0,0.0,154.0.3,6,1,0,0.0,-58.0
2026-08-16T22:54:57+00:00,0.0,24.8,0.0,0.0,0.0,0.0,601,586497,0.0,0.0,0.0,0.0,0.0,0.0,0.0,0.0,0.0,154.0.3,6,1,0,0.0,73.0
2026-08-16T22:59:57+00:00,0.0,24.2,0.0,0.0,0.0,0.0,601,586797,0.0,0.0,0.0,0.0,0.0,0.0,0.0,0.0,0.0,154.0.3,6,1,0,,-219.0
2026-08-16T23:04:57+00:00,0.0,24.2,0.0,0.0,0.0,0.0,601,587097,0.0,0.0,0.0,0.0,0.0,0.0,0.0,0.0,0.0,154.0.3,6,1,0,0.0,0.0
2026-08-16T23:09:57+00:00,0.0,24.2,0.0,0.0,0.0,0.0,601,587397,0.0,0.0,0.0,0.0,0.0,0.0,0.0,0.0,0.0,154.0.3,6,1,0,0.0,0.0
2026-08-16T23:14:57+00:00,0.0,23.7,0.0,0.0,0.0,0.0,601,587697,0.0,0.0,0.0,0.0,0.0,0.0,0.0,0.0,0.0,154.0.3,6,1,0,144.0,0.0
2026-08-16T23:19:57+00:00,0.0,23.7,0.0,0.0,0.0,0.0,601,587997,0.0,0.0,0.0,0.0,0.0,0.0,0.0,0.0,0.0,154.0.3,6,1,0,275.0,
2026-08-16T23:24:57+00:00,0.0,23.7,0.0,0.0,0.0,0.0,601,588297,0.0,0.0,0.0,0.0,0.0,0.0,0.0,0.0,0.0,154.0.3,6,1,0,0.0,0.0
2026-08-16T23:29:57+00:00,0.0,23.5,0.0,0.0,0.0,0.0,601,588597,0.0,0.0,0.0,0.0,0.0,0.0,0.0,0.0,0.0,154.0.3,6,1,0,-438.0,0.0
2026-08-16T23:34:57+00:00,23.0,23.5,0.0,0.0,0.0,0.0,601,588897,0.0,0.0,0.0,0.0,0.0,0.0,0.0,0.0,0.0,154.0.3,6,1,0,-438.0,0.0
2026-08-16T23:39:57+00:00,23.0,23.5,0.0,0.0,0.0,0.0,601,589197,0.0,0.0,0.0,0.0,0.0,0.0,0.0,0.0,0.0,154.0.3,6,1,0,-438.0,0.0
2026-08-16T23:44:57+00:00,0.0,23.2,0.0,0.0,0.0,0.0,601,589497,0.0,0.0,0.0,0.0,0.0,0.0,0.0,0.0,0.0,154.0.3,6,1,0,0.0,0.0
2026-08-16T23:49:57+00:00,31.0,23.2,0.0,0.0,0.0,0.0,601,589797,0.0,0.0,0.0,0.0,0.0,0.0,0.0,0.0,0.0,154.0.3,6,1,0,145.0,-438.0
2026-08-16T23:54:57+00:00,0.0,23.2,0.0,0.0,0.0,0.0,601,590097,0.0,0.0,0.0,0.0,0.0,0.0,0.0,0.0,0.0,154.0.3,6,1,0,0.0,0.0
2026-08-16T23:59:57+00:00,43.5,23.0,0.0,0.0,0.0,0.0,601,590397,0.0,0.0,0.0,0.0,0.0,0.0,0.0,0.0,0.0,154.0.3,6,1,0,223.0,-438.0
2026-08-17T00:04:57+00:00,12.5,23.0,0.0,0.0,0.0,0.0,601,590697,0.0,0.0,0.0,0.0,0.0,0.0,0.0,0.0,0.0,154.0.3,6,1,0,198.0,153.0
2026-08-17T00:09:57+00:00,4.5,23.0,0.0,0.0,0.0,0.0,601,590997,0.0,0.0,0.0,0.0,0.0,0.0,0.0,0.0,0.0,154.0.3,6,1,0,0.0,145.0
2026-08-17T00:14:57+00:00,37.0,22.5,0.0,0.0,0.0,0.0,601,591297,0.0,0.0,0.0,0.0,0.0,0.0,0.0,0.0,0.0,154.0.3,6,1,0,-23.0,0.0
2026-08-17T00:19:57+00:00,5.5,22.4,0.0,0.0,0.0,0.0,601,591597,0.0,0.0,0.0,0.0,0.0,0.0,0.0,0.0,0.0,154.0.3,6,1,0,25.0,223.0
2026-08-17T00:24:57+00:00,0.0,22.4,0.0,0.0,0.0,0.0,601,591897,0.0,0.0,0.0,0.0,0.0,0.0,0.0,0.0,0.0,154.0.3,6,1,0,0.0,0.0
2026-08-17T00:29:57+00:00,0.0,21.9,0.0,0.0,0.0,0.0,601,592197,0.0,0.0,0.0,0.0,0.0,0.0,0.0,0.0,0.0,154.0.3,6,1,0,11.0,0.0
2026-08-17T00:34:57+00:00,-14.0,21.9,0.0,0.0,0.0,0.0,601,592497,0.0,0.0,0.0,0.0,0.0,0.0,0.0,0.0,0.0,154.0.3,6,1,0,0.0,-23.0
2026-08-17T00:39:57+00:00,-25.0,21.9,0.0,0.0,0.0,0.0,601,592797,0.0,0.0,0.0,0.0,0.0,0.0,0.0,0.0,0.0,154.0.3,6,1,0,0.0,25.0
2026-08-17T00:44:57+00:00,-42.0,21.8,0.0,0.0,0.0,0.0,601,593097,0.0,0.0,0.0,0.0,0.0,0.0,0.0,0.0,0.0,154.0.3,6,1,0,-14.0,37.0
2026-08-17T00:49:57+00:00,2.5,21.8,0.0,0.0,0.0,0.0,601,593397,0.0,0.0,0.0,0.0,0.0,0.0,0.0,0.0,0.0,154.0.3,6,1,0,-25.0,11.0
2026-08-17T00:54:57+00:00,-21.0,21.8,0.0,0.0,0.0,0.0,601,593697,0.0,0.0,0.0,0.0,0.0,0.0,0.0,0.0,0.0,154.0.3,6,1,0,-84.0,-173.0
2026-08-17T00:59:57+00:00,0.0,21.6,0.0,0.0,0.0,0.0,601,593997,0.0,0.0,0.0,0.0,0.0,0.0,0.0,0.0,0.0,154.0.3,6,1,0,69.0,0.0
2026-08-17T01:04:57+00:00,0.0,21.6,0.0,0.0,0.0,0.0,601,594297,0.0,0.0,0.0,0.0,0.0,0.0,0.0,0.0,0.0,154.0.3,6,1,0,108.0,0.0
2026-08-17T01:09:57+00:00,0.0,21.6,0.0,0.0,0.0,0.0,601,594597,0.0,0.0,0.0,0.0,0.0,0.0,0.0,0.0,0.0,154.0.3,6,1,0,-121.0,-25.0
2026-08-17T01:14:57+00:00,0.0,21.5,0.0,0.0,0.0,0.0,601,594897,0.0,0.0,0.0,0.0,0.0,0.0,0.0,0.0,0.0,154.0.3,6,1,0,260.0,230.0
2026-08-17T01:19:57+00:00,0.0,21.5,0.0,0.0,0.0,0.0,601,595197,0.0,0.0,0.0,0.0,0.0,0.0,0.0,0.0,0.0,154.0.3,6,1,0,0.0,69.0
2026-08-17T01:24:57+00:00,39.0,21.5,0.0,0.0,0.0,0.0,601,595497,0.0,0.0,0.0,0.0,0.0,0.0,0.0,0.0,0.0,154.0.3,6,1,0,407.0,108.0
2026-08-17T01:29:57+00:00,23.0,21.3,0.0,0.0,0.0,0.0,601,595797,0.0,0.0,0.0,0.0,0.0,0.0,0.0,0.0,0.0,154.0.3,6,1,0,65.0,0.0
2026-08-17T01:34:57+00:00,49.0,21.3,0.0,0.0,0.0,0.0,601,596097,0.0,0.0,0.0,0.0,0.0,0.0,0.0,0.0,0.0,154.0.3,6,1,0,0.0,48.0
2026-08-17T01:39:57+00:00,2.0,21.3,0.0,0.0,0.0,0.0,601,596397,0.0,0.0,0.0,0.0,0.0,0.0,0.0,0.0,0.0,154.0.3,6,1,0,23.0,469.0
2026-08-17T01:44:57+00:00,24.0,21.1,0.0,0.0,0.0,0.0,601,596697,0.0,0.0,0.0,0.0,0.0,0.0,0.0,0.0,0.0,154.0.3,6,1,0,350.0,0.0
2026-08-17T01:49:57+00:00,0.0,21.1,0.0,0.0,0.0,0.0,601,596997,0.0,0.0,0.0,0.0,0.0,0.0,0.0,0.0,0.0,154.0.3,6,1,0,4.0,0.0
2026-08-17T01:54:57+00:00,0.0,21.1,0.0,0.0,0.0,0.0,601,597297,0.0,0.0,0.0,0.0,0.0,0.0,0.0,0.0,0.0,154.0.3,6,1,0,349.0,39.0
2026-08-17T01:59:57+00:00,0.0,21.0,0.0,0.0,0.0,0.0,601,597597,0.0,0.0,0.0,0.0,0.0,0.0,0.0,0.0,0.0,154.0.3,6,1,0,-117.0,23.0
2026-08-17T02:04:57+00:00,16.0,21.0,0.0,0.0,0.0,0.0,601,597897,0.0,0.0,0.0,0.0,0.0,0.0,0.0,0.0,0.0,154.0.3,6,1,0,-66.0,0.0
2026-08-17T02:09:57+00:00,0.0,21.0,0.0,0.0,0.0,0.0,601,598197,0.0,0.0,0.0,0.0,0.0,0.0,0.0,0.0,0.0,154.0.3,6,1,0,-39.0,0.0
2026-08-17T02:14:57+00:00,0.0,21.1,0.0,0.0,0.0,0.0,601,598497,0.0,0.0,0.0,0.0,0.0,0.0,0.0,0.0,0.0,154.0.3,6,1,0,74.0,0.0
2026-08-17T02:19:57+00:00,0.0,21.1,0.0,0.0,0.0,0.0,601,598797,0.0,0.0,0.0,0.0,0.0,0.0,0.0,0.0,0.0,154.0.3,6,1,0,0.0,-117.0
2026-08-17T02:24:57+00:00,94.0,21.1,0.0,0.0,0.0,0.0,601,599097,0.0,0.0,0.0,0.0,0.0,0.0,0.0,0.0,0.0,154.0.3,6,1,0,0.0,310.0
2026-08-17T02:29:57+00:00,57.0,21.0,0.0,0.0,0.0,0.0,601,599397,0.0,0.0,0.0,0.0,0.0,0.0,0.0,0.0,0.0,154.0.3,6,1,0,0.0,-39.0
2026-08-17T02:34:57+00:00,0.0,21.0,0.0,0.0,0.0,0.0,601,599697,0.0,0.0,0.0,0.0,0.0,0.0,0.0,0.0,0.0,154.0.3,6,1,0,0.0,480.0
2026-08-17T02:39:57+00:00,0.0,21.2,0.0,0.0,0.0,0.0,601,599997,0.0,0.0,0.0,0.0,0.0,0.0,0.0,0.0,0.0,154.0.3,6,1,0,0.0,-46.0
2026-08-17T02:44:57+00:00,0.0,20.9,0.0,0.0,0.0,0.0,601,600297,0.0,0.0,0.0,0.0,0.0,0.0,0.0,0.0,0.0,154.0.3,6,1,0,188.0,0.0
2026-08-17T02:49:57+00:00,0.0,20.9,0.0,0.0,0.0,0.0,601,600597,0.0,0.0,0.0,0.0,0.0,0.0,0.0,0.0,0.0,154.0.3,6,1,0,0.0,556.0
2026-08-17T02:54:57+00:00,23.0,20.9,0.0,0.0,0.0,0.0,601,600897,0.0,0.0,0.0,0.0,0.0,0.0,0.0,0.0,0.0,154.0.3,6,1,0,0.0,0.0
2026-08-17T02:59:57+00:00,0.0,20.7,0.0,0.0,0.0,0.0,601,601197,0.0,0.0,0.0,0.0,0.0,0.0,0.0,0.0,0.0,154.0.3,6,1,0,0.0,262.0
2026-08-17T03:04:57+00:00,0.0,20.7,0.0,0.0,0.0,0.0,601,601497,0.0,0.0,0.0,0.0,0.0,0.0,0.0,0.0,0.0,154.0.3,6,1,0,161.0,0.0
2026-08-17T03:09:57+00:00,0.0,20.7,0.0,0.0,0.0,0.0,601,601797,0.0,0.0,0.0,0.0,0.0,0.0,0.0,0.0,0.0,154.0.3,6,1,0,-471.0,0.0
2026-08-17T03:14:57+00:00,111.0,20.5,0.0,0.0,0.0,0.0,601,602097,0.0,0.0,0.0,0.0,0.0,0.0,0.0,0.0,0.0,154.0.3,6,1,0,147.0,0.0
2026-08-17T03:19:57+00:00,0.0,20.5,0.0,0.0,0.0,0.0,601,602397,0.0,0.0,0.0,0.0,0.0,0.0,0.0,0.0,0.0,154.0.3,6,1,0,0.0,0.0
2026-08-17T03:24:57+00:00,0.0,20.5,0.0,0.0,0.0,0.0,601,602697,0.0,0.0,0.0,0.0,0.0,0.0,0.0,0.0,0.0,154.0.3,6,1,0,0.0,-471.0
2026-08-17T03:29:57+00:00,0.0,20.3,0.0,0.0,0.0,0.0,601,602997,0.0,0.0,0.0,0.0,0.0,0.0,0.0,0.0,0.0,154.0.3,6,1,0,145.0,0.0
2026-08-17T03:34:57+00:00,0.0,20.5,0.0,0.0,0.0,0.0,601,603297,0.0,0.0,0.0,0.0,0.0,0.0,0.0,0.0,0.0,154.0.3,6,1,0,0.0,0.0
2026-08-17T03:39:57+00:00,0.0,20.5,0.0,0.0,0.0,0.0,601,603597,0.0,0.0,0.0,0.0,0.0,0.0,0.0,0.0,0.0,154.0.3,6,1,0,0.0,0.0
2026-08-17T03:44:57+00:00,0.0,20.4,0.0,0.0,0.0,0.0,601,603897,0.0,0.0,0.0,0.0,0.0,0.0,0.0,0.0,0.0,154.0.3,6,1,0,0.0,0.0
2026-08-17T03:49:57+00:00,0.0,20.4,0.0,0.0,0.0,0.0,601,604197,0.0,0.0,0.0,0.0,0.0,0.0,0.0,0.0,0.0,154.0.3,6,1,0,0.0,0.0
2026-08-17T03:54:57+00:00,25.5,20.4,0.0,0.0,0.0,0.0,601,604497,0.0,0.0,0.0,0.0,0.0,0.0,0.0,0.0,0.0,154.0.3,6,1,0,441.0,0.0
2026-08-17T03:59:57+00:00,8.0,20.4,0.0,0.0,0.0,0.0,601,604797,0.0,0.0,0.0,0.0,0.0,0.0,0.0,0.0,0.0,154.0.3,6,1,0,274.0,36.0
2026-08-17T04:04:57+00:00,61.0,20.4,0.0,0.0,0.0,0.0,601,297,0.0,0.0,0.0,0.0,0.0,0.0,0.0,0.0,0.0,154.0.3,0,0,0,222.0,0.0
2026-08-17T04:09:57+00:00,45.0,20.4,0.0,0.0,0.0,0.0,601,597,0.0,0.0,0.0,0.0,0.0,0.0,0.0,0.0,0.0,154.0.3,0,0,0,0.0,228.0
2026-08-17T04:14:57+00:00,49.0,20.4,0.0,0.0,0.0,0.0,601,897,0.0,0.0,0.0,0.0,0.0,0.0,0.0,0.0,0.0,154.0.3,0,0,0,-2.0,112.0
2026-08-17T04:19:57+00:00,38.5,20.4,0.0,0.0,0.0,0.0,601,1197,0.0,0.0,0.0,0.0,0.0,0.0,0.0,0.0,0.0,154.0.3,0,0,0,29.0,59.0
2026-08-17T04:24:57+00:00,111.0,20.4,0.0,0.0,0.0,0.0,601,1497,0.0,0.0,0.0,0.0,0.0,0.0,0.0,0.0,0.0,154.0.3,0,0,0,49.0,51.0
2026-08-17T04:29:57+00:00,75.0,20.0,0.0,0.0,0.0,0.0,601,1797,0.0,0.0,0.0,0.0,0.0,0.0,0.0,0.0,0.0,154.0.3,0,0,0,0.0,0.0
2026-08-17T04:34:57+00:00,51.0,20.0,0.0,0.0,0.0,0.0,601,2097,0.0,0.0,0.0,0.0,0.0,0.0,0.0,0.0,0.0,154.0.3,0,0,0,-403.0,0.0
2026-08-17T04:39:57+00:00,0.0,20.0,0.0,0.0,0.0,0.0,601,2397,0.0,0.0,0.0,0.0,0.0,0.0,0.0,0.0,0.0,154.0.3,0,0,0,388.0,0.0
2026-08-17T04:44:57+00:00,0.0,19.9,0.0,0.0,0.0,0.0,601,2697,0.0,0.0,0.0,0.0,0.0,0.0,0.0,0.0,0.0,154.0.3,0,0,0,31.0,140.0
2026-08-17T04:49:57+00:00,18.5,19.9,0.0,0.0,0.0,0.0,601,2997,0.0,0.0,0.0,0.0,0.0,0.0,0.0,0.0,0.0,154.0.3,0,0,0,0.0,0.0
2026-08-17T04:54:57+00:00,101.5,19.9,0.0,0.0,0.0,0.0,601,3297,0.0,0.0,0.0,0.0,0.0,0.0,0.0,0.0,0.0,154.0.3,0,0,0,-366.0,0.0
2026-08-17T04:59:57+00:00,133.0,19.7,0.0,0.0,0.0,0.0,601,3597,0.0,0.0,0.0,0.0,0.0,0.0,0.0,0.0,0.0,154.0.3,0,0,0,-366.0,388.0
2026-08-17T05:04:57+00:00,128.0,19.7,0.0,0.0,0.0,0.0,601,3897,0.0,0.0,0.0,0.0,0.0,0.0,0.0,0.0,0.0,154.0.3,0,0,0,72.0,132.0
2026-08-17T05:09:57+00:00,182.0,19.7,0.0,0.0,0.0,0.0,601,4197,0.0,0.0,0.0,0.0,0.0,0.0,0.0,0.0,0.0,154.0.3,0,0,0,53.0,177.0
2026-08-17T05:14:57+00:00,181.0,19.7,0.0,0.0,0.0,0.0,601,4497,0.0,0.0,0.0,0.0,0.0,0.0,0.0,0.0,0.0,154.0.3,0,0,0,197.0,-366.0
2026-08-17T05:19:57+00:00,22.5,19.7,0.0,0.0,0.0,0.0,601,4797,0.0,0.0,0.0,0.0,0.0,0.0,0.0,0.0,0.0,154.0.3,0,0,0,262.0,-366.0
2026-08-17T05:24:57+00:00,49.0,19.7,0.0,0.0,0.0,0.0,601,5097,0.0,0.0,0.0,0.0,0.0,0.0,0.0,0.0,0.0,154.0.3,0,0,0,194.0,231.0
2026-08-17T05:29:57+00:00,154.0,19.9,0.0,0.0,0.0,0.0,601,5397,0.0,0.0,0.0,0.0,0.0,0.0,0.0,0.0,0.0,154.0.3,0,0,0,163.0,227.0
2026-08-17T05:34:57+00:00,173.0,19.9,0.0,0.0,0.0,0.0,601,5697,0.0,0.0,0.0,0.0,0.0,0.0,0.0,0.0,0.0,154.0.3,0,0,0,213.0,197.0
2026-08-17T05:39:57+00:00,185.0,19.9,0.0,0.0,0.0,0.0,601,5997,0.0,0.0,0.0,0.0,0.0,0.0,0.0,0.0,0.0,154.0.3,0,0,0,154.0,262.0
2026-08-17T05:44:57+00:00,155.0,19.8,0.0,0.0,0.0,0.0,601,6297,0.0,0.0,0.0,0.0,0.0,0.0,0.0,0.0,0.0,154.0.3,0,0,0,173.0,194.0
2026-08-17T07:34:57+00:00,0.0,20.7,0.0,0.0,0.0,0.0,601,12897,0.0,0.0,0.0,0.0,0.0,0.0,0.0,0.0,0.0,154.0.1,0,0,0,,
2026-08-17T07:39:57+00:00,0.0,20.7,0.0,0.0,0.0,0.0,601,13197,0.0,0.0,0.0,0.0,0.0,0.0,0.0,0.0,0.0,154.0.1,0,0,0,,
2026-08-17T07:44:57+00:00,0.0,20.7,0.0,0.0,0.0,0.0,601,13497,0.0,0.0,0.0,0.0,0.0,0.0,0.0,0.0,0.0,154.0.1,0,0,0,0.0,
2026-08-17T07:49:57+00:00,2.0,20.7,0.0,0.0,0.0,0.0,601,13797,0.0,0.0,0.0,0.0,0.0,0.0,0.0,0.0,0.0,154.0.1,0,0,0,0.0,
2026-08-17T07:54:57+00:00,0.0,20.7,0.0,0.0,0.0,0.0,601,14097,0.0,0.0,0.0,0.0,0.0,0.0,0.0,0.0,0.0,154.0.1,0,0,0,0.0,
2026-08-17T07:59:57+00:00,0.0,20.1,0.0,0.0,0.0,0.0,601,14397,0.0,0.0,0.0,0.0,0.0,0.0,0.0,0.0,0.0,154.0.1,0,0,0,0.0,
2026-08-17T08:04:57+00:00,0.0,20.1,0.0,0.0,0.0,0.0,601,14697,0.0,0.0,0.0,0.0,0.0,0.0,0.0,0.0,0.0,154.0.1,0,0,0,0.0,0.0
2026-08-17T08:09:57+00:00,0.0,20.1,0.0,0.0,0.0,0.0,601,14997,0.0,0.0,0.0,0.0,0.0,0.0,0.0,0.0,0.0,154.0.1,0,0,0,0.0,0.0
2026-08-17T08:14:57+00:00,0.0,19.9,0.0,0.0,0.0,0.0,601,15297,0.0,0.0,0.0,0.0,0.0,0.0,0.0,0.0,0.0,154.0.1,0,0,0,0.0,0.0
2026-08-17T08:19:57+00:00,0.0,19.9,0.0,0.0,0.0,0.0,601,15597,0.0,0.0,0.0,0.0,0.0,0.0,0.0,0.0,0.0,154.0.1,0,0,0,26.0,0.0
2026-08-17T08:24:57+00:00,0.0,19.9,0.0,0.0,0.0,0.0,601,15897,0.0,0.0,0.0,0.0,0.0,0.0,0.0,0.0,0.0,154.0.1,0,0,0,0.0,0.0
2026-08-17T08:29:57+00:00,0.0,19.8,0.0,0.0,0.0,0.0,601,16197,0.0,0.0,0.0,0.0,0.0,0.0,0.0,0.0,0.0,154.0.1,0,0,0,0.0,0.0
2026-08-17T08:34:57+00:00,-13.0,19.8,0.0,0.0,0.0,0.0,601,16497,0.0,0.0,0.0,0.0,0.0,0.0,0.0,0.0,0.0,154.0.1,0,0,0,0.0,0.0
2026-08-17T08:39:57+00:00,-46.5,19.8,0.0,0.0,0.0,0.0,601,16797,0.0,0.0,0.0,0.0,0.0,0.0,0.0,0.0,0.0,154.0.1,0,0,0,0.0,0.0
2026-08-17T08:44:57+00:00,-48.0,19.6,0.0,0.0,0.0,0.0,601,17097,0.0,0.0,0.0,0.0,0.0,0.0,0.0,0.0,0.0,154.0.1,0,0,0,0.0,0.0
2026-08-17T08:49:57+00:00,0.0,19.6,0.0,0.0,0.0,0.0,601,17397,0.0,0.0,0.0,0.0,0.0,0.0,0.0,0.0,0.0,154.0.1,0,0,0,-186.0,0.0
2026-08-17T08:54:57+00:00,0.0,19.6,0.0,0.0,0.0,0.0,601,17697,0.0,0.0,0.0,0.0,0.0,0.0,0.0,0.0,0.0,154.0.1,0,0,0,106.0,65.0
2026-08-17T08:59:57+00:00,0.0,19.3,0.0,0.0,0.0,0.0,601,17997,0.0,0.0,0.0,0.0,0.0,0.0,0.0,0.0,0.0,154.0.1,0,0,0,63.0,0.0
2026-08-17T09:04:57+00:00,0.0,19.3,0.0,0.0,0.0,0.0,601,18297,0.0,0.0,0.0,0.0,0.0,0.0,0.0,0.0,0.0,154.0.1,0,0,0,-14.0,-103.0
2026-08-17T09:09:58+00:00,-9.5,19.3,0.0,0.0,0.0,0.0,601,18598,0.0,0.0,0.0,0.0,0.0,0.0,0.0,0.0,0.0,154.0.1,0,0,0,-53.0,-236.0
2026-08-17T09:14:57+00:00,-1.0,19.2,0.0,0.0,0.0,0.0,601,18897,0.0,0.0,0.0,0.0,0.0,0.0,0.0,0.0,0.0,154.0.1,0,0,0,-73.0,-157.0
2026-08-17T09:19:58+00:00,-5.0,19.2,0.0,0.0,0.0,0.0,601,19198,0.0,0.0,0.0,0.0,0.0,0.0,0.0,0.0,0.0,154.0.1,0,0,0,-44.0,33.0
2026-08-17T09:24:58+00:00,-23.0,19.2,0.0,0.0,0.0,0.0,601,19498,0.0,0.0,0.0,0.0,0.0,0.0,0.0,0.0,0.0,154.0.1,0,0,0,-50.0,-183.0
2026-08-17T09:29:58+00:00,0.0,19.2,0.0,0.0,0.0,0.0,601,19798,0.0,0.0,0.0,0.0,0.0,0.0,0.0,0.0,0.0,154.0.1,0,0,0,-91.0,-262.0
2026-08-17T09:34:58+00:00,-29.0,19.2,0.0,0.0,0.0,0.0,601,20098,0.0,0.0,0.0,0.0,0.0,0.0,0.0,0.0,0.0,154.0.1,0,0,0,-90.0,4.0
2026-08-17T09:39:58+00:00,-36.0,19.2,0.0,0.0,0.0,0.0,601,20398,0.0,0.0,0.0,0.0,0.0,0.0,0.0,0.0,0.0,154.0.1,0,0,0,56.0,81.0
2026-08-17T09:44:58+00:00,-48.5,19.2,0.0,0.0,0.0,0.0,601,20698,0.0,0.0,0.0,0.0,0.0,0.0,0.0,0.0,0.0,154.0.1,0,0,0,0.0,-7.0
2026-08-17T09:49:58+00:00,0.0,19.2,0.0,0.0,0.0,0.0,601,20998,0.0,0.0,0.0,0.0,0.0,0.0,0.0,0.0,0.0,154.0.1,0,0,0,0.0,77.0
2026-08-17T09:54:58+00:00,0.0,19.2,0.0,0.0,0.0,0.0,601,21298,0.0,0.0,0.0,0.0,0.0,0.0,0.0,0.0,0.0,154.0.1,0,0,0,-284.0,151.0
2026-08-17T09:59:58+00:00,0.0,19.2,0.0,0.0,0.0,0.0,601,21598,0.0,0.0,0.0,0.0,0.0,0.0,0.0,0.0,0.0,154.0.1,0,0,0,54.0,56.0
2026-08-17T10:04:58+00:00,-1.0,19.2,0.0,0.0,0.0,0.0,601,21898,0.0,0.0,0.0,0.0,0.0,0.0,0.0,0.0,0.0,154.0.1,0,0,0,0.0,0.0
2026-08-17T10:09:58+00:00,-11.0,19.2,0.0,0.0,0.0,0.0,601,22198,0.0,0.0,0.0,0.0,0.0,0.0,0.0,0.0,0.0,154.0.1,0,0,0,-94.0,52.0
2026-08-17T10:14:58+00:00,-12.0,19.1,0.0,0.0,0.0,0.0,601,22498,0.0,0.0,0.0,0.0,0.0,0.0,0.0,0.0,0.0,154.0.1,0,0,0,-81.0,49.0
2026-08-17T10:19:58+00:00,-23.0,19.1,0.0,0.0,0.0,0.0,601,22798,0.0,0.0,0.0,0.0,0.0,0.0,0.0,0.0,0.0,154.0.1,0,0,0,-40.0,54.0
2026-08-17T10:24:58+00:00,-31.0,19.1,0.0,0.0,0.0,0.0,601,23098,0.0,0.0,0.0,0.0,0.0,0.0,0.0,0.0,0.0,154.0.1,0,0,0,-161.0,-78.0
2026-08-17T10:29:58+00:00,-6.5,19.1,0.0,0.0,0.0,0.0,601,23398,0.0,0.0,0.0,0.0,0.0,0.0,0.0,0.0,0.0,154.0.1,0,0,0,0.0,0.0
2026-08-17T10:34:58+00:00,0.0,19.1,0.0,0.0,0.0,0.0,601,23698,0.0,0.0,0.0,0.0,0.0,0.0,0.0,0.0,0.0,154.0.1,0,0,0,170.0,-36.0
2026-08-17T10:39:58+00:00,0.0,19.1,0.0,0.0,0.0,0.0,601,23998,0.0,0.0,0.0,0.0,0.0,0.0,0.0,0.0,0.0,154.0.1,0,0,0,114.0,-150.0
2026-08-17T10:44:58+00:00,-9.0,19.0,0.0,0.0,0.0,0.0,601,24298,0.0,0.0,0.0,0.0,0.0,0.0,0.0,0.0,0.0,154.0.1,0,0,0,0.0,-333.0
2026-08-17T10:49:58+00:00,-4.0,19.0,0.0,0.0,0.0,0.0,601,24598,0.0,0.0,0.0,0.0,0.0,0.0,0.0,0.0,0.0,154.0.1,0,0,0,40.0,0.0
2026-08-17T10:54:58+00:00,0.0,19.0,0.0,0.0,0.0,0.0,601,24898,0.0,0.0,0.0,0.0,0.0,0.0,0.0,0.0,0.0,154.0.1,0,0,0,-45.0,-113.0
2026-08-17T10:59:58+00:00,0.0,19.1,0.0,0.0,0.0,0.0,601,25198,0.0,0.0,0.0,0.0,0.0,0.0,0.0,0.0,0.0,154.0.1,0,0,0,-12.0,-67.0
2026-08-17T11:04:59+00:00,0.0,19.1,0.0,0.0,0.0,0.0,601,25499,0.0,0.0,0.0,0.0,0.0,0.0,0.0,0.0,0.0,154.0.1,0,0,0,-65.0,43.0
2026-08-17T11:09:58+00:00,0.0,19.1,0.0,0.0,0.0,0.0,601,25798,0.0,0.0,0.0,0.0,0.0,0.0,0.0,0.0,0.0,154.0.1,0,0,0,148.0,78.0
2026-08-17T11:14:58+00:00,0.0,19.2,0.0,0.0,0.0,0.0,601,26098,0.0,0.0,0.0,0.0,0.0,0.0,0.0,0.0,0.0,154.0.1,0,0,0,,0.0
2026-08-17T11:19:58+00:00,14.0,19.2,0.0,0.0,0.0,0.0,601,26398,0.0,0.0,0.0,0.0,0.0,0.0,0.0,0.0,0.0,154.0.1,0,0,0,0.0,0.0
2026-08-17T11:24:58+00:00,-2.0,19.2,0.0,0.0,0.0,0.0,601,26698,0.0,0.0,0.0,0.0,0.0,0.0,0.0,0.0,0.0,154.0.1,0,0,0,-202.0,0.0
2026-08-17T11:29:58+00:00,0.0,19.4,0.0,0.0,0.0,0.0,601,26998,0.0,0.0,0.0,0.0,0.0,0.0,0.0,0.0,0.0,154.0.1,0,0,0,259.0,35.0
2026-08-17T11:34:58+00:00,0.0,19.4,0.0,0.0,0.0,0.0,601,27298,0.0,0.0,0.0,0.0,0.0,0.0,0.0,0.0,0.0,154.0.1,0,0,0,-2.0,
2026-08-17T11:39:58+00:00,0.0,19.4,0.0,0.0,0.0,0.0,601,27598,0.0,0.0,0.0,0.0,0.0,0.0,0.0,0.0,0.0,154.0.1,0,0,0,51.0,0.0
2026-08-17T11:44:58+00:00,0.0,19.7,0.0,0.0,0.0,0.0,601,27898,0.0,0.0,0.0,0.0,0.0,0.0,0.0,0.0,0.0,154.0.1,0,0,0,0.0,0.0
2026-08-17T11:49:58+00:00,0.0,19.7,0.0,0.0,0.0,0.0,601,28198,0.0,0.0,0.0,0.0,0.0,0.0,0.0,0.0,0.0,154.0.1,0,0,0,0.0,50.0
2026-08-17T11:54:58+00:00,0.0,19.7,0.0,0.0,0.0,0.0,601,28498,0.0,0.0,0.0,0.0,0.0,0.0,0.0,0.0,0.0,154.0.1,0,0,0,0.0,0.0
2026-08-17T11:59:58+00:00,0.0,20.1,0.0,0.0,0.0,0.0,601,28798,0.0,0.0,0.0,0.0,0.0,0.0,0.0,0.0,0.0,154.0.1,0,0,0,168.0,17.0
2026-08-17T12:04:58+00:00,0.0,20.1,0.0,0.0,0.0,0.0,601,29098,0.0,0.0,0.0,0.0,0.0,0.0,0.0,0.0,0.0,154.0.1,0,0,0,40.0,31.0
2026-08-17T12:09:58+00:00,0.0,20.1,0.0,0.0,0.0,0.0,601,29398,0.0,0.0,0.0,0.0,0.0,0.0,0.0,0.0,0.0,154.0.1,0,0,0,-13.0,0.0
2026-08-17T12:14:58+00:00,0.0,20.3,0.0,0.0,0.0,0.0,601,29698,0.0,0.0,0.0,0.0,0.0,0.0,0.0,0.0,0.0,154.0.1,0,0,0,0.0,0.0
2026-08-17T12:19:58+00:00,0.0,20.3,0.0,0.0,0.0,0.0,601,29998,0.0,0.0,0.0,0.0,0.0,0.0,0.0,0.0,0.0,154.0.1,0,0,0,103.0,200.0
2026-08-17T12:24:58+00:00,-75.0,20.3,0.0,0.0,0.0,0.0,601,30298,0.0,0.0,0.0,0.0,0.0,0.0,0.0,0.0,0.0,154.0.1,0,0,0,0.0,0.0
2026-08-17T12:29:58+00:00,-19.0,20.4,0.0,0.0,0.0,0.0,601,30598,0.0,0.0,0.0,0.0,0.0,0.0,0.0,0.0,0.0,154.0.1,0,0,0,63.0,0.0
2026-08-17T12:34:59+00:00,-61.0,20.4,0.0,0.0,0.0,0.0,601,30899,0.0,0.0,0.0,0.0,0.0,0.0,0.0,0.0,0.0,154.0.1,0,0,0,-272.0,0.0
2026-08-17T12:39:58+00:00,-23.0,20.4,0.0,0.0,0.0,0.0,601,31198,0.0,0.0,0.0,0.0,0.0,0.0,0.0,0.0,0.0,154.0.1,0,0,0,100.0,0.0
2026-08-17T12:44:59+00:00,0.0,20.5,0.0,0.0,0.0,0.0,601,31499,0.0,0.0,0.0,0.0,0.0,0.0,0.0,0.0,0.0,154.0.1,0,0,0,-124.0,59.0
2026-08-17T12:49:58+00:00,-11.0,20.5,0.0,0.0,0.0,0.0,601,31798,0.0,0.0,0.0,0.0,0.0,0.0,0.0,0.0,0.0,154.0.1,0,0,0,0.0,118.0
2026-08-17T12:54:58+00:00,-31.0,20.5,0.0,0.0,0.0,0.0,601,32098,0.0,0.0,0.0,0.0,0.0,0.0,0.0,0.0,0.0,154.0.1,0,0,0,,0.0
2026-08-17T12:59:58+00:00,-33.0,20.7,0.0,0.0,0.0,0.0,601,32398,0.0,0.0,0.0,0.0,0.0,0.0,0.0,0.0,0.0,154.0.1,0,0,0,-21.0,-101.0
2026-08-17T13:04:58+00:00,-17.0,20.7,0.0,0.0,0.0,0.0,601,32698,0.0,0.0,0.0,0.0,0.0,0.0,0.0,0.0,0.0,154.0.1,0,0,0,-11.0,
2026-08-17T13:09:58+00:00,0.0,20.7,0.0,0.0,0.0,0.0,601,32998,0.0,0.0,0.0,0.0,0.0,0.0,0.0,0.0,0.0,154.0.1,0,0,0,-33.0,128.0
2026-08-17T13:14:58+00:00,-8.0,20.8,0.0,0.0,0.0,0.0,601,33298,0.0,0.0,0.0,0.0,0.0,0.0,0.0,0.0,0.0,154.0.1,0,0,0,0.0,
2026-08-17T13:19:58+00:00,0.0,21.2,0.0,0.0,0.0,0.0,601,33598,0.0,0.0,0.0,0.0,0.0,0.0,0.0,0.0,0.0,154.0.1,0,0,0,79.0,0.0
2026-08-17T13:24:58+00:00,0.0,21.2,0.0,0.0,0.0,0.0,601,33898,0.0,0.0,0.0,0.0,0.0,0.0,0.0,0.0,0.0,154.0.1,0,0,0,-97.0,286.0
2026-08-17T13:29:58+00:00,0.0,21.5,0.0,0.0,0.0,0.0,601,34198,0.0,0.0,0.0,0.0,0.0,0.0,0.0,0.0,0.0,154.0.1,0,0,0,16.0,67.0
2026-08-17T13:34:58+00:00,0.0,21.5,0.0,0.0,0.0,0.0,601,34498,0.0,0.0,0.0,0.0,0.0,0.0,0.0,0.0,0.0,154.0.1,0,0,0,8.0,0.0
2026-08-17T13:39:58+00:00,0.0,21.5,0.0,0.0,0.0,0.0,601,34798,0.0,0.0,0.0,0.0,0.0,0.0,0.0,0.0,0.0,154.0.1,0,0,0,164.0,0.0
2026-08-17T13:44:58+00:00,22.0,21.8,0.0,0.0,0.0,0.0,601,35098,0.0,0.0,0.0,0.0,0.0,0.0,0.0,0.0,0.0,154.0.1,0,0,0,0.0,0.0
2026-08-17T13:49:58+00:00,8.5,21.8,0.0,0.0,0.0,0.0,601,35398,0.0,0.0,0.0,0.0,0.0,0.0,0.0,0.0,0.0,154.0.1,0,0,0,0.0,73.0
2026-08-17T13:54:58+00:00,24.0,21.8,0.0,0.0,0.0,0.0,601,35698,0.0,0.0,0.0,0.0,0.0,0.0,0.0,0.0,0.0,154.0.1,0,0,0,132.0,28.0
2026-08-17T13:59:58+00:00,42.0,22.0,0.0,0.0,0.0,0.0,601,35998,0.0,0.0,0.0,0.0,0.0,0.0,0.0,0.0,0.0,154.0.1,0,0,0,217.0,161.0
2026-08-17T14:04:58+00:00,0.0,22.0,0.0,0.0,0.0,0.0,601,36298,0.0,0.0,0.0,0.0,0.0,0.0,0.0,0.0,0.0,154.0.1,0,0,0,219.0,28.0
2026-08-17T14:09:58+00:00,31.0,22.0,0.0,0.0,0.0,0.0,601,36598,0.0,0.0,0.0,0.0,0.0,0.0,0.0,0.0,0.0,154.0.1,0,0,0,109.0,-186.0
2026-08-17T14:14:58+00:00,12.5,22.2,0.0,0.0,0.0,0.0,601,36898,0.0,0.0,0.0,0.0,0.0,0.0,0.0,0.0,0.0,154.0.1,0,0,0,-79.0,0.0
2026-08-17T14:19:58+00:00,0.0,22.2,0.0,0.0,0.0,0.0,601,37198,0.0,0.0,0.0,0.0,0.0,0.0,0.0,0.0,0.0,154.0.1,0,0,0,-27.0,117.0
2026-08-17T14:24:58+00:00,0.0,22.2,0.0,0.0,0.0,0.0,601,37498,0.0,0.0,0.0,0.0,0.0,0.0,0.0,0.0,0.0,154.0.1,0,0,0,0.0,0.0
2026-08-17T14:29:58+00:00,0.0,22.4,0.0,0.0,0.0,0.0,601,37798,0.0,0.0,0.0,0.0,0.0,0.0,0.0,0.0,0.0,154.0.1,0,0,0,447.0,399.0
2026-08-17T14:34:58+00:00,0.0,22.4,0.0,0.0,0.0,0.0,601,38098,0.0,0.0,0.0,0.0,0.0,0.0,0.0,0.0,0.0,154.0.1,0,0,0,477.0,441.0
2026-08-17T14:39:58+00:00,0.0,22.4,0.0,0.0,0.0,0.0,601,38398,0.0,0.0,0.0,0.0,0.0,0.0,0.0,0.0,0.0,154.0.1,0,0,0,-17.0,-27.0
2026-08-17T14:44:58+00:00,0.0,22.7,0.0,0.0,0.0,0.0,601,38698,0.0,0.0,0.0,0.0,0.0,0.0,0.0,0.0,0.0,154.0.1,0,0,0,0.0,0.0
2026-08-17T14:49:58+00:00,0.0,22.7,0.0,0.0,0.0,0.0,601,38998,0.0,0.0,0.0,0.0,0.0,0.0,0.0,0.0,0.0,154.0.1,0,0,0,317.0,186.0
2026-08-17T14:54:58+00:00,0.0,22.7,0.0,0.0,0.0,0.0,601,39298,0.0,0.0,0.0,0.0,0.0,0.0,0.0,0.0,0.0,154.0.1,0,0,0,-120.0,-144.0
2026-08-17T14:59:58+00:00,0.0,23.0,0.0,0.0,0.0,0.0,601,39598,0.0,0.0,0.0,0.0,0.0,0.0,0.0,0.0,0.0,154.0.1,0,0,0,0.0,197.0
2026-08-17T15:04:58+00:00,0.0,23.0,0.0,0.0,0.0,0.0,601,39898,0.0,0.0,0.0,0.0,0.0,0.0,0.0,0.0,0.0,154.0.1,0,0,0,87.0,0.0
2026-08-17T15:09:58+00:00,0.0,23.0,0.0,0.0,0.0,0.0,601,40198,0.0,0.0,0.0,0.0,0.0,0.0,0.0,0.0,0.0,154.0.1,0,0,0,222.0,110.0
2026-08-17T15:14:58+00:00,0.0,23.2,0.0,0.0,0.0,0.0,601,40498,0.0,0.0,0.0,0.0,0.0,0.0,0.0,0.0,0.0,154.0.1,0,0,0,212.0,136.0
2026-08-17T15:19:58+00:00,0.0,23.2,0.0,0.0,0.0,0.0,601,40798,0.0,0.0,0.0,0.0,0.0,0.0,0.0,0.0,0.0,154.0.1,0,0,0,369.0,0.0
2026-08-17T15:24:58+00:00,0.0,23.2,0.0,0.0,0.0,0.0,601,41098,0.0,0.0,0.0,0.0,0.0,0.0,0.0,0.0,0.0,154.0.1,0,0,0,532.0,87.0
2026-08-17T15:29:58+00:00,0.0,23.6,0.0,0.0,0.0,0.0,601,41398,0.0,0.0,0.0,0.0,0.0,0.0,0.0,0.0,0.0,154.0.1,0,0,0,68.0,76.0
2026-08-17T15:34:58+00:00,11.0,23.6,0.0,0.0,0.0,0.0,601,41698,0.0,0.0,0.0,0.0,0.0,0.0,0.0,0.0,0.0,154.0.1,0,0,0,-128.0,-42.0
2026-08-17T15:39:58+00:00,0.0,23.6,0.0,0.0,0.0,0.0,601,41998,0.0,0.0,0.0,0.0,0.0,0.0,0.0,0.0,0.0,154.0.1,0,0,0,-47.0,-104.0
2026-08-17T15:44:58+00:00,-20.0,23.9,0.0,0.0,0.0,0.0,601,42298,0.0,0.0,0.0,0.0,0.0,0.0,0.0,0.0,0.0,154.0.1,0,0,0,0.0,532.0
2026-08-17T15:49:58+00:00,0.0,23.9,0.0,0.0,0.0,0.0,601,42598,0.0,0.0,0.0,0.0,0.0,0.0,0.0,0.0,0.0,154.0.1,0,0,0,0.0,576.0
2026-08-17T15:54:58+00:00,0.0,23.9,0.0,0.0,0.0,0.0,601,42898,0.0,0.0,0.0,0.0,0.0,0.0,0.0,0.0,0.0,154.0.1,0,0,0,-43.0,-128.0
2026-08-17T15:59:58+00:00,0.0,24.2,0.0,0.0,0.0,0.0,601,43198,0.0,0.0,0.0,0.0,0.0,0.0,0.0,0.0,0.0,154.0.1,0,0,0,0.0,-47.0
2026-08-17T16:04:58+00:00,0.0,24.2,0.0,0.0,0.0,0.0,601,43498,0.0,0.0,0.0,0.0,0.0,0.0,0.0,0.0,0.0,154.0.1,0,0,0,260.0,271.0
2026-08-17T16:09:58+00:00,0.0,24.2,0.0,0.0,0.0,0.0,601,43798,0.0,0.0,0.0,0.0,0.0,0.0,0.0,0.0,0.0,154.0.1,0,0,0,202.0,245.0
2026-08-17T16:14:58+00:00,-8.0,24.5,0.0,0.0,0.0,0.0,601,44098,0.0,0.0,0.0,0.0,0.0,0.0,0.0,0.0,0.0,154.0.1,0,0,0,0.0,316.0
2026-08-17T16:19:58+00:00,-44.0,24.5,0.0,0.0,0.0,0.0,601,44398,0.0,0.0,0.0,0.0,0.0,0.0,0.0,0.0,0.0,154.0.1,0,0,0,61.0,171.0
2026-08-17T16:24:58+00:00,-28.0,24.5,0.0,0.0,0.0,0.0,601,44698,0.0,0.0,0.0,0.0,0.0,0.0,0.0,0.0,0.0,154.0.1,0,0,0,0.0,260.0
2026-08-17T16:29:58+00:00,0.0,24.7,0.0,0.0,0.0,0.0,601,44998,0.0,0.0,0.0,0.0,0.0,0.0,0.0,0.0,0.0,154.0.1,0,0,0,0.0,202.0
2026-08-17T16:34:58+00:00,0.0,24.7,0.0,0.0,0.0,0.0,601,45298,0.0,0.0,0.0,0.0,0.0,0.0,0.0,0.0,0.0,154.0.1,0,0,0,507.0,222.0
2026-08-17T16:39:58+00:00,0.0,24.7,0.0,0.0,0.0,0.0,601,45598,0.0,0.0,0.0,0.0,0.0,0.0,0.0,0.0,0.0,154.0.1,0,0,0,346.0,193.0
2026-08-17T16:44:58+00:00,0.0,24.9,0.0,0.0,0.0,0.0,601,45898,0.0,0.0,0.0,0.0,0.0,0.0,0.0,0.0,0.0,154.0.1,0,0,0,-35.0,-240.0
2026-08-17T16:49:58+00:00,0.0,24.9,0.0,0.0,0.0,0.0,601,46198,0.0,0.0,0.0,0.0,0.0,0.0,0.0,0.0,0.0,154.0.1,0,0,0,0.0,509.0
2026-08-17T16:54:58+00:00,47.0,24.9,0.0,0.0,0.0,0.0,601,46498,0.0,0.0,0.0,0.0,0.0,0.0,0.0,0.0,0.0,154.0.1,0,0,0,0.0,298.0
2026-08-17T16:59:58+00:00,0.0,25.1,0.0,0.0,0.0,0.0,601,46798,0.0,0.0,0.0,0.0,0.0,0.0,0.0,0.0,0.0,154.0.1,0,0,0,82.0,-114.0
2026-08-17T17:04:58+00:00,0.0,25.1,0.0,0.0,0.0,0.0,601,47098,0.0,0.0,0.0,0.0,0.0,0.0,0.0,0.0,0.0,154.0.1,0,0,0,0.0,0.0
2026-08-17T17:09:58+00:00,8.0,25.1,0.0,0.0,0.0,0.0,601,47398,0.0,0.0,0.0,0.0,0.0,0.0,0.0,0.0,0.0,154.0.1,0,0,0,329.0,0.0
2026-08-17T17:14:58+00:00,26.0,25.3,0.0,0.0,0.0,0.0,601,47698,0.0,0.0,0.0,0.0,0.0,0.0,0.0,0.0,0.0,154.0.1,0,0,0,-55.0,0.0
2026-08-17T17:19:58+00:00,28.0,25.3,0.0,0.0,0.0,0.0,601,47998,0.0,0.0,0.0,0.0,0.0,0.0,0.0,0.0,0.0,154.0.1,0,0,0,8.0,137.0
2026-08-17T17:24:58+00:00,5.5,25.3,0.0,0.0,0.0,0.0,601,48298,0.0,0.0,0.0,0.0,0.0,0.0,0.0,0.0,0.0,154.0.1,0,0,0,-29.0,112.0
2026-08-17T17:29:58+00:00,0.0,24.4,0.0,0.0,0.0,0.0,601,48598,0.0,0.0,0.0,0.0,0.0,0.0,0.0,0.0,0.0,154.0.1,0,0,0,-19.0,329.0
2026-08-17T17:34:58+00:00,0.0,24.4,0.0,0.0,0.0,0.0,601,48898,0.0,0.0,0.0,0.0,0.0,0.0,0.0,0.0,0.0,154.0.1,0,0,0,17.0,576.0
2026-08-17T17:39:58+00:00,0.0,24.4,0.0,0.0,0.0,0.0,601,49198,0.0,0.0,0.0,0.0,0.0,0.0,0.0,0.0,0.0,154.0.1,0,0,0,184.0,565.0
2026-08-17T17:44:58+00:00,0.0,24.9,0.0,0.0,0.0,0.0,601,49498,0.0,0.0,0.0,0.0,0.0,0.0,0.0,0.0,0.0,154.0.1,0,0,0,0.0,228.0
2026-08-17T17:49:58+00:00,0.0,24.9,0.0,0.0,0.0,0.0,601,49798,0.0,0.0,0.0,0.0,0.0,0.0,0.0,0.0,0.0,154.0.1,0,0,0,-9.0,262.0
2026-08-17T17:54:58+00:00,-52.0,24.9,0.0,0.0,0.0,0.0,601,50098,0.0,0.0,0.0,0.0,0.0,0.0,0.0,0.0,0.0,154.0.1,0,0,0,-11.0,163.0
2026-08-17T17:59:58+00:00,-67.5,25.2,0.0,0.0,0.0,0.0,601,50398,0.0,0.0,0.0,0.0,0.0,0.0,0.0,0.0,0.0,154.0.1,0,0,0,0.0,0.0
2026-08-17T18:04:58+00:00,0.0,25.2,0.0,0.0,0.0,0.0,601,50698,0.0,0.0,0.0,0.0,0.0,0.0,0.0,0.0,0.0,154.0.1,0,0,0,9.0,33.0
2026-08-17T18:09:58+00:00,0.0,25.2,0.0,0.0,0.0,0.0,601,50998,0.0,0.0,0.0,0.0,0.0,0.0,0.0,0.0,0.0,154.0.1,0,0,0,146.0,-9.0
2026-08-17T18:14:58+00:00,0.0,25.5,0.0,0.0,0.0,0.0,601,51298,0.0,0.0,0.0,0.0,0.0,0.0,0.0,0.0,0.0,154.0.1,0,0,0,59.0,0.0
2026-08-17T18:19:58+00:00,0.0,25.5,0.0,0.0,0.0,0.0,601,51598,0.0,0.0,0.0,0.0,0.0,0.0,0.0,0.0,0.0,154.0.1,0,0,0,143.0,-24.0
2026-08-17T18:24:58+00:00,0.0,25.5,0.0,0.0,0.0,0.0,601,51898,0.0,0.0,0.0,0.0,0.0,0.0,0.0,0.0,0.0,154.0.1,0,0,0,211.0,9.0
2026-08-17T18:29:58+00:00,23.5,25.7,0.0,0.0,0.0,0.0,601,52198,0.0,0.0,0.0,0.0,0.0,0.0,0.0,0.0,0.0,154.0.1,0,0,0,0.0,287.0
2026-08-17T18:34:58+00:00,4.0,25.7,0.0,0.0,0.0,0.0,601,52498,0.0,0.0,0.0,0.0,0.0,0.0,0.0,0.0,0.0,154.0.1,0,0,0,211.0,219.0
2026-08-17T18:39:58+00:00,0.0,25.7,0.0,0.0,0.0,0.0,601,52798,0.0,0.0,0.0,0.0,0.0,0.0,0.0,0.0,0.0,154.0.1,0,0,0,120.0,143.0
2026-08-17T18:44:58+00:00,0.0,25.8,0.0,0.0,0.0,0.0,601,53098,0.0,0.0,0.0,0.0,0.0,0.0,0.0,0.0,0.0,154.0.1,0,0,0,-79.0,-82.0
2026-08-17T18:49:58+00:00,0.0,25.8,0.0,0.0,0.0,0.0,601,53398,0.0,0.0,0.0,0.0,0.0,0.0,0.0,0.0,0.0,154.0.1,0,0,0,14.0,-7.0
2026-08-17T18:54:58+00:00,14.5,25.8,0.0,0.0,0.0,0.0,601,53698,0.0,0.0,0.0,0.0,0.0,0.0,0.0,0.0,0.0,154.0.1,0,0,0,32.0,83.0
2026-08-17T18:59:58+00:00,0.0,25.9,0.0,0.0,0.0,0.0,601,53998,0.0,0.0,0.0,0.0,0.0,0.0,0.0,0.0,0.0,154.0.1,0,0,0,0.0,0.0
2026-08-17T19:04:58+00:00,0.0,25.9,0.0,0.0,0.0,0.0,601,54298,0.0,0.0,0.0,0.0,0.0,0.0,0.0,0.0,0.0,154.0.1,0,0,0,-59.0,189.0
2026-08-17T19:09:58+00:00,0.0,25.9,0.0,0.0,0.0,0.0,601,54598,0.0,0.0,0.0,0.0,0.0,0.0,0.0,0.0,0.0,154.0.1,0,0,0,-62.0,0.0
2026-08-17T19:14:58+00:00,22.5,25.9,0.0,0.0,0.0,0.0,601,54898,0.0,0.0,0.0,0.0,0.0,0.0,0.0,0.0,0.0,154.0.1,0,0,0,0.0,74.0
2026-08-17T19:19:59+00:00,0.0,25.9,0.0,0.0,0.0,0.0,601,55199,0.0,0.0,0.0,0.0,0.0,0.0,0.0,0.0,0.0,154.0.1,0,0,0,114.0,100.0
2026-08-17T19:24:59+00:00,-1.0,25.9,0.0,0.0,0.0,0.0,601,55499,0.0,0.0,0.0,0.0,0.0,0.0,0.0,0.0,0.0,154.0.1,0,0,0,0.0,72.0
2026-08-17T19:29:58+00:00,0.0,25.8,0.0,0.0,0.0,0.0,601,55798,0.0,0.0,0.0,0.0,0.0,0.0,0.0,0.0,0.0,154.0.1,0,0,0,,232.0
2026-08-17T19:34:58+00:00,-9.0,25.8,0.0,0.0,0.0,0.0,601,56098,0.0,0.0,0.0,0.0,0.0,0.0,0.0,0.0,0.0,154.0.1,0,0,0,,0.0
2026-08-17T19:39:58+00:00,0.0,25.8,0.0,0.0,0.0,0.0,601,56398,0.0,0.0,0.0,0.0,0.0,0.0,0.0,0.0,0.0,154.0.1,0,0,0,101.0,266.0
2026-08-17T19:44:58+00:00,0.0,25.8,0.0,0.0,0.0,0.0,601,56698,0.0,0.0,0.0,0.0,0.0,0.0,0.0,0.0,0.0,154.0.1,0,0,0,110.0,0.0
2026-08-17T19:49:58+00:00,-3.0,25.8,0.0,0.0,0.0,0.0,601,56998,0.0,0.0,0.0,0.0,0.0,0.0,0.0,0.0,0.0,154.0.1,0,0,0,-395.0,
2026-08-17T19:54:59+00:00,0.0,25.8,0.0,0.0,0.0,0.0,601,57299,0.0,0.0,0.0,0.0,0.0,0.0,0.0,0.0,0.0,154.0.1,0,0,0,54.0,0.0
2026-08-17T19:59:58+00:00,0.0,25.6,0.0,0.0,0.0,0.0,601,57598,0.0,0.0,0.0,0.0,0.0,0.0,0.0,0.0,0.0,154.0.1,0,0,0,-192.0,-195.0
2026-08-17T20:04:59+00:00,0.0,25.6,0.0,0.0,0.0,0.0,601,57899,0.0,0.0,0.0,0.0,0.0,0.0,0.0,0.0,0.0,154.0.1,0,0,0,0.0,33.0
2026-08-17T20:09:58+00:00,0.0,25.6,0.0,0.0,0.0,0.0,601,58198,0.0,0.0,0.0,0.0,0.0,0.0,0.0,0.0,0.0,154.0.1,0,0,0,-14.0,-395.0
2026-08-17T20:14:58+00:00,0.0,25.4,0.0,0.0,0.0,0.0,601,58498,0.0,0.0,0.0,0.0,0.0,0.0,0.0,0.0,0.0,154.0.1,0,0,0,,0.0
2026-08-17T20:19:58+00:00,0.0,25.4,0.0,0.0,0.0,0.0,601,58798,0.0,0.0,0.0,0.0,0.0,0.0,0.0,0.0,0.0,154.0.1,0,0,0,129.0,58.0
2026-08-17T20:24:58+00:00,0.0,25.4,0.0,0.0,0.0,0.0,601,59098,0.0,0.0,0.0,0.0,0.0,0.0,0.0,0.0,0.0,154.0.1,0,0,0,0.0,
2026-08-17T20:29:58+00:00,0.0,24.9,0.0,0.0,0.0,0.0,601,59398,0.0,0.0,0.0,0.0,0.0,0.0,0.0,0.0,0.0,154.0.1,0,0,0,42.0,-14.0
2026-08-17T20:34:58+00:00,0.0,24.9,0.0,0.0,0.0,0.0,601,59698,0.0,0.0,0.0,0.0,0.0,0.0,0.0,0.0,0.0,154.0.1,0,0,0,-63.0,
2026-08-17T20:39:58+00:00,0.0,24.9,0.0,0.0,0.0,0.0,601,59998,0.0,0.0,0.0,0.0,0.0,0.0,0.0,0.0,0.0,154.0.1,0,0,0,0.0,0.0
2026-08-17T20:44:58+00:00,-25.5,24.7,0.0,0.0,0.0,0.0,601,60298,0.0,0.0,0.0,0.0,0.0,0.0,0.0,0.0,0.0,154.0.1,0,0,0,25.0,-597.0
2026-08-17T20:49:58+00:00,0.0,24.7,0.0,0.0,0.0,0.0,601,60598,0.0,0.0,0.0,0.0,0.0,0.0,0.0,0.0,0.0,154.0.1,0,0,0,152.0,88.0
2026-08-17T20:54:58+00:00,0.0,24.7,0.0,0.0,0.0,0.0,601,60898,0.0,0.0,0.0,0.0,0.0,0.0,0.0,0.0,0.0,154.0.1,0,0,0,104.0,55.0
2026-08-17T20:59:58+00:00,0.0,24.7,0.0,0.0,0.0,0.0,601,61198,0.0,0.0,0.0,0.0,0.0,0.0,0.0,0.0,0.0,154.0.1,0,0,0,266.0,18.0
2026-08-17T21:04:58+00:00,-20.0,24.7,0.0,0.0,0.0,0.0,601,61498,0.0,0.0,0.0,0.0,0.0,0.0,0.0,0.0,0.0,154.0.1,0,0,0,0.0,94.0
2026-08-17T21:09:58+00:00,-8.0,24.7,0.0,0.0,0.0,0.0,601,61798,0.0,0.0,0.0,0.0,0.0,0.0,0.0,0.0,0.0,154.0.1,0,0,0,199.0,77.0
2026-08-17T21:14:58+00:00,-10.0,24.5,0.0,0.0,0.0,0.0,601,62098,0.0,0.0,0.0,0.0,0.0,0.0,0.0,0.0,0.0,154.0.1,0,0,0,0.0,104.0
2026-08-17T21:19:58+00:00,-8.0,24.5,0.0,0.0,0.0,0.0,601,62398,0.0,0.0,0.0,0.0,0.0,0.0,0.0,0.0,0.0,154.0.1,0,0,0,236.0,266.0
2026-08-17T21:24:58+00:00,10.0,24.5,0.0,0.0,0.0,0.0,601,62698,0.0,0.0,0.0,0.0,0.0,0.0,0.0,0.0,0.0,154.0.1,0,0,0,13.0,-49.0
2026-08-17T21:29:59+00:00,26.0,24.2,0.0,0.0,0.0,0.0,601,62999,0.0,0.0,0.0,0.0,0.0,0.0,0.0,0.0,0.0,154.0.1,0,0,0,0.0,190.0
2026-08-17T21:34:58+00:00,37.5,24.2,0.0,0.0,0.0,0.0,601,63298,0.0,0.0,0.0,0.0,0.0,0.0,0.0,0.0,0.0,154.0.1,0,0,0,462.0,247.0
2026-08-17T21:39:59+00:00,0.0,24.2,0.0,0.0,0.0,0.0,601,63599,0.0,0.0,0.0,0.0,0.0,0.0,0.0,0.0,0.0,154.0.1,0,0,0,-154.0,-20.0
2026-08-17T21:44:58+00:00,0.0,24.0,0.0,0.0,0.0,0.0,601,63898,0.0,0.0,0.0,0.0,0.0,0.0,0.0,0.0,0.0,154.0.1,0,0,0,451.0,352.0
2026-08-17T21:49:59+00:00,0.0,24.0,0.0,0.0,0.0,0.0,601,64199,0.0,0.0,0.0,0.0,0.0,0.0,0.0,0.0,0.0,154.0.1,0,0,0,553.0,437.0
2026-08-17T21:54:58+00:00,0.0,24.0,0.0,0.0,0.0,0.0,601,64498,0.0,0.0,0.0,0.0,0.0,0.0,0.0,0.0,0.0,154.0.1,0,0,0,0.0,260.0
2026-08-17T21:59:58+00:00,0.0,23.8,0.0,0.0,0.0,0.0,601,64798,0.0,0.0,0.0,0.0,0.0,0.0,0.0,0.0,0.0,154.0.1,0,0,0,,
2026-08-17T22:04:58+00:00,28.5,23.8,0.0,0.0,0.0,0.0,601,65098,0.0,0.0,0.0,0.0,0.0,0.0,0.0,0.0,0.0,154.0.1,0,0,0,141.0,0.0
2026-08-17T22:09:58+00:00,42.0,23.8,0.0,0.0,0.0,0.0,601,65398,0.0,0.0,0.0,0.0,0.0,0.0,0.0,0.0,0.0,154.0.1,0,0,0,160.0,
2026-08-17T22:14:58+00:00,13.0,23.5,0.0,0.0,0.0,0.0,601,65698,0.0,0.0,0.0,0.0,0.0,0.0,0.0,0.0,0.0,154.0.1,0,0,0,0.0,0.0
2026-08-17T22:19:58+00:00,0.0,23.5,0.0,0.0,0.0,0.0,601,65998,0.0,0.0,0.0,0.0,0.0,0.0,0.0,0.0,0.0,154.0.1,0,0,0,110.0,
2026-08-17T22:24:58+00:00,0.0,23.5,0.0,0.0,0.0,0.0,601,66298,0.0,0.0,0.0,0.0,0.0,0.0,0.0,0.0,0.0,154.0.1,0,0,0,87.0,0.0
2026-08-17T22:29:58+00:00,0.0,23.2,0.0,0.0,0.0,0.0,601,66598,0.0,0.0,0.0,0.0,0.0,0.0,0.0,0.0,0.0,154.0.1,0,0,0,50.0,0.0
2026-08-17T22:34:58+00:00,0.0,23.2,0.0,0.0,0.0,0.0,601,66898,0.0,0.0,0.0,0.0,0.0,0.0,0.0,0.0,0.0,154.0.1,0,0,0,0.0,276.0
2026-08-17T22:39:58+00:00,0.0,23.2,0.0,0.0,0.0,0.0,601,67198,0.0,0.0,0.0,0.0,0.0,0.0,0.0,0.0,0.0,154.0.1,0,0,0,118.0,78.0
2026-08-17T22:44:58+00:00,0.0,23.0,0.0,0.0,0.0,0.0,601,67498,0.0,0.0,0.0,0.0,0.0,0.0,0.0,0.0,0.0,154.0.1,0,0,0,0.0,153.0
2026-08-17T22:49:58+00:00,0.0,23.0,0.0,0.0,0.0,0.0,601,67798,0.0,0.0,0.0,0.0,0.0,0.0,0.0,0.0,0.0,154.0.1,0,0,0,0.0,-18.0
2026-08-17T22:54:58+00:00,81.0,23.0,0.0,0.0,0.0,0.0,601,68098,0.0,0.0,0.0,0.0,0.0,0.0,0.0,0.0,0.0,154.0.1,0,0,0,0.0,0.0
2026-08-17T22:59:58+00:00,0.0,22.6,0.0,0.0,0.0,0.0,601,68398,0.0,0.0,0.0,0.0,0.0,0.0,0.0,0.0,0.0,154.0.1,0,0,0,0.0,0.0
2026-08-17T23:04:58+00:00,29.0,22.6,0.0,0.0,0.0,0.0,601,68698,0.0,0.0,0.0,0.0,0.0,0.0,0.0,0.0,0.0,154.0.1,0,0,0,-141.0,-91.0
2026-08-17T23:09:58+00:00,43.0,22.6,0.0,0.0,0.0,0.0,601,68998,0.0,0.0,0.0,0.0,0.0,0.0,0.0,0.0,0.0,154.0.1,0,0,0,-214.0,-197.0
2026-08-17T23:14:58+00:00,35.5,22.2,0.0,0.0,0.0,0.0,601,69298,0.0,0.0,0.0,0.0,0.0,0.0,0.0,0.0,0.0,154.0.1,0,0,0,29.0,0.0
2026-08-17T23:19:58+00:00,74.0,22.2,0.0,0.0,0.0,0.0,601,69598,0.0,0.0,0.0,0.0,0.0,0.0,0.0,0.0,0.0,154.0.1,0,0,0,-198.0,-205.0
2026-08-17T23:24:58+00:00,0.0,22.2,0.0,0.0,0.0,0.0,601,69898,0.0,0.0,0.0,0.0,0.0,0.0,0.0,0.0,0.0,154.0.1,0,0,0,0.0,0.0
2026-08-17T23:29:58+00:00,77.0,22.4,0.0,0.0,0.0,0.0,601,70198,0.0,0.0,0.0,0.0,0.0,0.0,0.0,0.0,0.0,154.0.1,0,0,0,0.0,-67.0
2026-08-17T23:34:59+00:00,104.5,22.4,0.0,0.0,0.0,0.0,601,70499,0.0,0.0,0.0,0.0,0.0,0.0,0.0,0.0,0.0,154.0.1,0,0,0,145.0,-52.0
2026-08-17T23:39:58+00:00,36.0,22.4,0.0,0.0,0.0,0.0,601,70798,0.0,0.0,0.0,0.0,0.0,0.0,0.0,0.0,0.0,154.0.1,0,0,0,16.0,-550.0
2026-08-17T23:44:58+00:00,22.0,21.9,0.0,0.0,0.0,0.0,601,71098,0.0,0.0,0.0,0.0,0.0,0.0,0.0,0.0,0.0,154.0.1,0,0,0,,-550.0
2026-08-17T23:49:58+00:00,15.5,21.9,0.0,0.0,0.0,0.0,601,71398,0.0,0.0,0.0,0.0,0.0,0.0,0.0,0.0,0.0,154.0.1,0,0,0,21.0,134.0
2026-08-17T23:54:58+00:00,0.0,21.9,0.0,0.0,0.0,0.0,601,71698,0.0,0.0,0.0,0.0,0.0,0.0,0.0,0.0,0.0,154.0.1,0,0,0,252.0,187.0
2026-08-17T23:59:58+00:00,0.0,21.3,0.0,0.0,0.0,0.0,601,71998,0.0,0.0,0.0,0.0,0.0,0.0,0.0,0.0,0.0,154.0.1,0,0,0,0.0,0.0
2026-08-18T00:04:58+00:00,15.0,21.3,0.0,0.0,0.0,0.0,601,72298,0.0,0.0,0.0,0.0,0.0,0.0,0.0,0.0,0.0,154.0.1,0,0,0,0.0,
2026-08-18T00:09:58+00:00,0.0,21.3,0.0,0.0,0.0,0.0,601,72598,0.0,0.0,0.0,0.0,0.0,0.0,0.0,0.0,0.0,154.0.1,0,0,0,153.0,21.0
2026-08-18T00:14:58+00:00,78.0,20.6,0.0,0.0,0.0,0.0,601,72898,0.0,0.0,0.0,0.0,0.0,0.0,0.0,0.0,0.0,154.0.1,0,0,0,83.0,60.0
2026-08-18T00:19:58+00:00,2.0,20.6,0.0,0.0,0.0,0.0,601,73198,0.0,0.0,0.0,0.0,0.0,0.0,0.0,0.0,0.0,154.0.1,0,0,0,283.0,-53.0
2026-08-18T00:24:58+00:00,58.0,20.6,0.0,0.0,0.0,0.0,601,73498,0.0,0.0,0.0,0.0,0.0,0.0,0.0,0.0,0.0,154.0.1,0,0,0,92.0,156.0
2026-08-18T00:29:58+00:00,0.0,20.1,0.0,0.0,0.0,0.0,601,73798,0.0,0.0,0.0,0.0,0.0,0.0,0.0,0.0,0.0,154.0.1,0,0,0,52.0,-102.0
2026-08-18T00:34:58+00:00,0.0,20.1,0.0,0.0,0.0,0.0,601,74098,0.0,0.0,0.0,0.0,0.0,0.0,0.0,0.0,0.0,154.0.1,0,0,0,76.0,0.0
2026-08-18T00:39:58+00:00,0.0,20.1,0.0,0.0,0.0,0.0,601,74398,0.0,0.0,0.0,0.0,0.0,0.0,0.0,0.0,0.0,154.0.1,0,0,0,0.0,463.0
2026-08-18T00:44:58+00:00,63.5,19.8,0.0,0.0,0.0,0.0,601,74698,0.0,0.0,0.0,0.0,0.0,0.0,0.0,0.0,0.0,154.0.1,0,0,0,-388.0,336.0
2026-08-18T00:49:58+00:00,30.5,19.8,0.0,0.0,0.0,0.0,601,74998,0.0,0.0,0.0,0.0,0.0,0.0,0.0,0.0,0.0,154.0.1,0,0,0,0.0,52.0
2026-08-18T00:54:58+00:00,36.0,19.8,0.0,0.0,0.0,0.0,601,75298,0.0,0.0,0.0,0.0,0.0,0.0,0.0,0.0,0.0,154.0.1,0,0,0,197.0,333.0
2026-08-18T00:59:58+00:00,60.5,19.5,0.0,0.0,0.0,0.0,601,75598,0.0,0.0,0.0,0.0,0.0,0.0,0.0,0.0,0.0,154.0.1,0,0,0,172.0,-574.0
2026-08-18T01:04:58+00:00,40.0,19.5,0.0,0.0,0.0,0.0,601,75898,0.0,0.0,0.0,0.0,0.0,0.0,0.0,0.0,0.0,154.0.1,0,0,0,0.0,152.0
2026-08-18T01:09:58+00:00,26.5,19.5,0.0,0.0,0.0,0.0,601,76198,0.0,0.0,0.0,0.0,0.0,0.0,0.0,0.0,0.0,154.0.1,0,0,0,0.0,0.0
2026-08-18T01:14:58+00:00,83.0,19.2,0.0,0.0,0.0,0.0,601,76498,0.0,0.0,0.0,0.0,0.0,0.0,0.0,0.0,0.0,154.0.1,0,0,0,0.0,197.0
2026-08-18T01:19:58+00:00,91.0,19.2,0.0,0.0,0.0,0.0,601,76798,0.0,0.0,0.0,0.0,0.0,0.0,0.0,0.0,0.0,154.0.1,0,0,0,0.0,172.0
2026-08-18T01:24:58+00:00,0.0,19.2,0.0,0.0,0.0,0.0,601,77098,0.0,0.0,0.0,0.0,0.0,0.0,0.0,0.0,0.0,154.0.1,0,0,0,83.0,0.0
2026-08-18T01:29:58+00:00,0.0,18.9,0.0,0.0,0.0,0.0,601,77398,0.0,0.0,0.0,0.0,0.0,0.0,0.0,0.0,0.0,154.0.1,0,0,0,154.0,0.0
2026-08-18T01:34:58+00:00,52.0,18.9,0.0,0.0,0.0,0.0,601,77698,0.0,0.0,0.0,0.0,0.0,0.0,0.0,0.0,0.0,154.0.1,0,0,0,0.0,0.0
2026-08-18T01:39:58+00:00,118.0,18.9,0.0,0.0,0.0,0.0,601,77998,0.0,0.0,0.0,0.0,0.0,0.0,0.0,0.0,0.0,154.0.1,0,0,0,189.0,-241.0
2026-08-18T01:44:58+00:00,0.0,18.6,0.0,0.0,0.0,0.0,601,78298,0.0,0.0,0.0,0.0,0.0,0.0,0.0,0.0,0.0,154.0.1,0,0,0,365.0,0.0
2026-08-18T01:49:58+00:00,62.5,18.6,0.0,0.0,0.0,0.0,601,78598,0.0,0.0,0.0,0.0,0.0,0.0,0.0,0.0,0.0,154.0.1,0,0,0,0.0,137.0
2026-08-18T01:54:58+00:00,66.5,18.6,0.0,0.0,0.0,0.0,601,78898,0.0,0.0,0.0,0.0,0.0,0.0,0.0,0.0,0.0,154.0.1,0,0,0,365.0,-300.0
2026-08-18T01:59:58+00:00,83.0,18.4,0.0,0.0,0.0,0.0,601,79198,0.0,0.0,0.0,0.0,0.0,0.0,0.0,0.0,0.0,154.0.1,0,0,0,347.0,-300.0
2026-08-18T02:04:58+00:00,3.0,18.4,0.0,0.0,0.0,0.0,601,79498,0.0,0.0,0.0,0.0,0.0,0.0,0.0,0.0,0.0,154.0.1,0,0,0,0.0,0.0
2026-08-18T02:09:58+00:00,1.5,18.4,0.0,0.0,0.0,0.0,601,79798,0.0,0.0,0.0,0.0,0.0,0.0,0.0,0.0,0.0,154.0.1,0,0,0,11.0,0.0
2026-08-18T02:14:57+00:00,55.5,18.2,0.0,0.0,0.0,0.0,601,80097,0.0,0.0,0.0,0.0,0.0,0.0,0.0,0.0,0.0,154.0.1,0,0,0,,
2026-08-18T02:19:57+00:00,0.0,18.2,0.0,0.0,0.0,0.0,601,80397,0.0,0.0,0.0,0.0,0.0,0.0,0.0,0.0,0.0,154.0.1,0,0,0,,
2026-08-18T02:24:58+00:00,39.5,18.2,0.0,0.0,0.0,0.0,601,80698,0.0,0.0,0.0,0.0,0.0,0.0,0.0,0.0,0.0,154.0.1,0,0,0,-15.0,-4.0
2026-08-18T02:29:57+00:00,0.0,18.3,0.0,0.0,0.0,0.0,601,80997,0.0,0.0,0.0,0.0,0.0,0.0,0.0,0.0,0.0,154.0.1,0,0,0,-159.0,
2026-08-18T02:34:57+00:00,-8.5,18.3,0.0,0.0,0.0,0.0,601,81297,0.0,0.0,0.0,0.0,0.0,0.0,0.0,0.0,0.0,154.0.1,0,0,0,,
2026-08-18T02:39:57+00:00,0.0,18.3,0.0,0.0,0.0,0.0,601,81597,0.0,0.0,0.0,0.0,0.0,0.0,0.0,0.0,0.0,154.0.1,0,0,0,-130.0,
2026-08-18T02:44:57+00:00,0.0,18.2,0.0,0.0,0.0,0.0,601,81897,0.0,0.0,0.0,0.0,0.0,0.0,0.0,0.0,0.0,154.0.1,0,0,0,-193.0,-15.0
2026-08-18T02:49:57+00:00,0.0,18.2,0.0,0.0,0.0,0.0,601,82197,0.0,0.0,0.0,0.0,0.0,0.0,0.0,0.0,0.0,154.0.1,0,0,0,0.0,0.0
2026-08-18T02:54:57+00:00,0.0,18.2,0.0,0.0,0.0,0.0,601,82497,0.0,0.0,0.0,0.0,0.0,0.0,0.0,0.0,0.0,154.0.1,0,0,0,-54.0,
2026-08-18T02:59:57+00:00,0.0,18.0,0.0,0.0,0.0,0.0,601,82797,0.0,0.0,0.0,0.0,0.0,0.0,0.0,0.0,0.0,154.0.1,0,0,0,5.0,0.0
2026-08-18T03:04:57+00:00,64.0,18.0,0.0,0.0,0.0,0.0,601,83097,0.0,0.0,0.0,0.0,0.0,0.0,0.0,0.0,0.0,154.0.1,0,0,0,-66.0,-193.0
2026-08-18T03:09:57+00:00,0.0,18.0,0.0,0.0,0.0,0.0,601,83397,0.0,0.0,0.0,0.0,0.0,0.0,0.0,0.0,0.0,154.0.1,0,0,0,0.0,0.0
2026-08-18T03:14:58+00:00,0.0,17.8,0.0,0.0,0.0,0.0,601,83698,0.0,0.0,0.0,0.0,0.0,0.0,0.0,0.0,0.0,154.0.1,0,0,0,78.0,9.0
2026-08-18T03:19:58+00:00,0.0,17.8,0.0,0.0,0.0,0.0,601,83998,0.0,0.0,0.0,0.0,0.0,0.0,0.0,0.0,0.0,154.0.1,0,0,0,271.0,345.0
2026-08-18T03:24:57+00:00,63.0,17.8,0.0,0.0,0.0,0.0,601,84297,0.0,0.0,0.0,0.0,0.0,0.0,0.0,0.0,0.0,154.0.1,0,0,0,,-66.0
2026-08-18T03:29:58+00:00,0.0,17.7,0.0,0.0,0.0,0.0,601,84598,0.0,0.0,0.0,0.0,0.0,0.0,0.0,0.0,0.0,154.0.1,0,0,0,0.0,294.0
2026-08-18T03:34:57+00:00,0.0,17.7,0.0,0.0,0.0,0.0,601,84897,0.0,0.0,0.0,0.0,0.0,0.0,0.0,0.0,0.0,154.0.1,0,0,0,0.0,78.0
2026-08-18T03:39:57+00:00,0.0,17.7,0.0,0.0,0.0,0.0,601,85197,0.0,0.0,0.0,0.0,0.0,0.0,0.0,0.0,0.0,154.0.1,0,0,0,,0.0
2026-08-18T03:44:57+00:00,92.0,17.7,0.0,0.0,0.0,0.0,601,85497,0.0,0.0,0.0,0.0,0.0,0.0,0.0,0.0,0.0,154.0.1,0,0,0,0.0,
2026-08-18T03:49:57+00:00,143.0,17.7,0.0,0.0,0.0,0.0,601,85797,0.0,0.0,0.0,0.0,0.0,0.0,0.0,0.0,0.0,154.0.1,0,0,0,237.0,
2026-08-18T03:54:57+00:00,113.0,17.7,0.0,0.0,0.0,0.0,601,86097,0.0,0.0,0.0,0.0,0.0,0.0,0.0,0.0,0.0,154.0.1,0,0,0,0.0,239.0
2026-08-18T03:59:58+00:00,124.5,17.6,0.0,0.0,0.0,0.0,601,86398,0.0,0.0,0.0,0.0,0.0,0.0,0.0,0.0,0.0,154.0.1,0,0,0,0.0,81.0
2026-08-18T04:04:57+00:00,180.0,17.6,0.0,0.0,0.0,0.0,601,86697,0.0,0.0,0.0,0.0,0.0,0.0,0.0,0.0,0.0,154.0.1,1,0,0,339.0,-187.0
2026-08-18T04:09:57+00:00,234.0,17.6,0.0,0.0,0.0,0.0,601,86997,0.0,0.0,0.0,0.0,0.0,0.0,0.0,0.0,0.0,154.0.1,1,0,0,,140.0
2026-08-18T04:14:57+00:00,195.0,17.4,0.0,0.0,0.0,0.0,601,87297,0.0,0.0,0.0,0.0,0.0,0.0,0.0,0.0,0.0,154.0.1,1,0,0,180.0,-243.0
2026-08-18T04:19:58+00:00,185.5,17.4,0.0,0.0,0.0,0.0,601,87598,0.0,0.0,0.0,0.0,0.0,0.0,0.0,0.0,0.0,154.0.1,1,0,0,467.0,0.0
2026-08-18T04:24:57+00:00,160.5,17.4,0.0,0.0,0.0,0.0,601,87897,0.0,0.0,0.0,0.0,0.0,0.0,0.0,0.0,0.0,154.0.1,1,0,0,183.0,177.0
2026-08-18T04:29:57+00:00,126.5,17.4,0.0,0.0,0.0,0.0,601,88197,0.0,0.0,0.0,0.0,0.0,0.0,0.0,0.0,0.0,154.0.1,1,0,0,,
2026-08-18T04:34:57+00:00,65.0,17.4,0.0,0.0,0.0,0.0,601,88497,0.0,0.0,0.0,0.0,0.0,0.0,0.0,0.0,0.0,154.0.1,1,0,0,414.0,380.0
2026-08-18T04:39:57+00:00,142.5,17.4,0.0,0.0,0.0,0.0,601,88797,0.0,0.0,0.0,0.0,0.0,0.0,0.0,0.0,0.0,154.0.1,1,0,0,382.0,467.0
2026-08-18T04:44:57+00:00,193.5,17.2,0.0,0.0,0.0,0.0,601,89097,0.0,0.0,0.0,0.0,0.0,0.0,0.0,0.0,0.0,154.0.1,1,0,0,-279.0,0.0
2026-08-18T04:49:57+00:00,166.0,17.2,0.0,0.0,0.0,0.0,601,89397,0.0,0.0,0.0,0.0,0.0,0.0,0.0,0.0,0.0,154.0.1,1,0,0,-279.0,
2026-08-18T04:54:57+00:00,144.5,17.2,0.0,0.0,0.0,0.0,601,89697,0.0,0.0,0.0,0.0,0.0,0.0,0.0,0.0,0.0,154.0.1,1,0,0,233.0,0.0
2026-08-18T04:59:57+00:00,86.5,17.2,0.0,0.0,0.0,0.0,601,89997,0.0,0.0,0.0,0.0,0.0,0.0,0.0,0.0,0.0,154.0.1,1,0,0,194.0,0.0
2026-08-18T05:04:57+00:00,16.5,17.2,0.0,0.0,0.0,0.0,601,90297,0.0,0.0,0.0,0.0,0.0,0.0,0.0,0.0,0.0,154.0.1,1,0,0,220.0,-279.0
2026-08-18T05:09:57+00:00,10.5,17.2,0.0,0.0,0.0,0.0,601,90597,0.0,0.0,0.0,0.0,0.0,0.0,0.0,0.0,0.0,154.0.1,1,0,0,34.0,126.0
2026-08-18T05:19:55+00:00,205.0,17.1,0.0,0.0,0.0,0.0,601,91195,0.0,0.0,0.0,0.0,0.0,0.0,0.0,0.0,0.0,154.0.1,1,0,0,,
2026-08-18T05:24:55+00:00,260.0,17.1,0.0,0.0,0.0,0.0,601,91495,0.0,0.0,0.0,0.0,0.0,0.0,0.0,0.0,0.0,154.0.1,1,0,0,,
2026-08-18T05:29:55+00:00,268.0,17.1,0.0,0.0,0.0,0.0,601,91795,0.0,0.0,0.0,0.0,0.0,0.0,0.0,0.0,0.0,154.0.1,1,0,0,205.0,
2026-08-18T07:24:55+00:00,0.0,16.2,0.0,0.0,0.0,0.0,601,98695,0.0,0.0,0.0,0.0,0.0,0.0,0.0,0.0,0.0,154.0.1,1,0,0,,
2026-08-18T07:29:55+00:00,0.0,16.0,0.0,0.0,0.0,0.0,601,98995,0.0,0.0,0.0,0.0,0.0,0.0,0.0,0.0,0.0,154.0.1,1,0,0,,
2026-08-18T07:34:55+00:00,0.0,16.0,0.0,0.0,0.0,0.0,601,99295,0.0,0.0,0.0,0.0,0.0,0.0,0.0,0.0,0.0,154.0.1,1,0,0,0.0,
2026-08-18T07:49:55+00:00,18.5,16.0,0.0,0.0,0.0,0.0,601,100195,0.0,0.0,0.0,0.0,0.0,0.0,0.0,0.0,0.0,154.0.1,1,0,0,,
2026-08-18T07:54:55+00:00,0.0,16.0,0.0,0.0,0.0,0.0,601,100495,0.0,0.0,0.0,0.0,0.0,0.0,0.0,0.0,0.0,154.0.1,1,0,0,,0.0
2026-08-18T07:59:55+00:00,-21.0,15.9,0.0,0.0,0.0,0.0,601,100795,0.0,0.0,0.0,0.0,0.0,0.0,0.0,0.0,0.0,154.0.1,1,0,0,0.0,0.0
2026-08-18T08:04:55+00:00,-35.0,15.9,0.0,0.0,0.0,0.0,601,101095,0.0,0.0,0.0,0.0,0.0,0.0,0.0,0.0,0.0,154.0.1,1,0,0,0.0,0.0
2026-08-18T08:09:55+00:00,-67.5,15.9,0.0,0.0,0.0,0.0,601,101395,0.0,0.0,0.0,0.0,0.0,0.0,0.0,0.0,0.0,154.0.1,1,0,0,0.0,
2026-08-18T08:14:55+00:00,0.0,15.8,0.0,0.0,0.0,0.0,601,101695,0.0,0.0,0.0,0.0,0.0,0.0,0.0,0.0,0.0,154.0.1,1,0,0,0.0,
2026-08-18T08:19:55+00:00,-25.0,15.8,0.0,0.0,0.0,0.0,601,101995,0.0,0.0,0.0,0.0,0.0,0.0,0.0,0.0,0.0,154.0.1,1,0,0,129.0,0.0
2026-08-18T08:24:55+00:00,-1.0,15.8,0.0,0.0,0.0,0.0,601,102295,0.0,0.0,0.0,0.0,0.0,0.0,0.0,0.0,0.0,154.0.1,1,0,0,0.0,0.0
2026-08-18T08:29:55+00:00,-25.0,15.8,0.0,0.0,0.0,0.0,601,102595,0.0,0.0,0.0,0.0,0.0,0.0,0.0,0.0,0.0,154.0.1,1,0,0,0.0,0.0
2026-08-18T08:34:56+00:00,-44.0,15.8,0.0,0.0,0.0,0.0,601,102896,0.0,0.0,0.0,0.0,0.0,0.0,0.0,0.0,0.0,154.0.1,1,0,0,0.0,0.0
2026-08-18T08:39:56+00:00,-80.0,15.8,0.0,0.0,0.0,0.0,601,103196,0.0,0.0,0.0,0.0,0.0,0.0,0.0,0.0,0.0,154.0.1,1,0,0,-103.0,-137.0
2026-08-18T08:44:56+00:00,0.0,15.7,0.0,0.0,0.0,0.0,601,103496,0.0,0.0,0.0,0.0,0.0,0.0,0.0,0.0,0.0,154.0.1,1,0,0,0.0,0.0
2026-08-18T08:49:56+00:00,-14.0,15.7,0.0,0.0,0.0,0.0,601,103796,0.0,0.0,0.0,0.0,0.0,0.0,0.0,0.0,0.0,154.0.1,1,0,0,-396.0,-25.0
2026-08-18T08:54:56+00:00,-17.5,15.7,0.0,0.0,0.0,0.0,601,104096,0.0,0.0,0.0,0.0,0.0,0.0,0.0,0.0,0.0,154.0.1,1,0,0,188.0,-37.0
2026-08-18T08:59:56+00:00,0.0,15.7,0.0,0.0,0.0,0.0,601,104396,0.0,0.0,0.0,0.0,0.0,0.0,0.0,0.0,0.0,154.0.1,1,0,0,105.0,-103.0
2026-08-18T09:04:56+00:00,0.0,15.7,0.0,0.0,0.0,0.0,601,104696,0.0,0.0,0.0,0.0,0.0,0.0,0.0,0.0,0.0,154.0.1,1,0,0,181.0,-396.0
2026-08-18T09:09:56+00:00,0.0,15.7,0.0,0.0,0.0,0.0,601,104996,0.0,0.0,0.0,0.0,0.0,0.0,0.0,0.0,0.0,154.0.1,1,0,0,0.0,-396.0
2026-08-18T09:14:56+00:00,-26.0,15.8,0.0,0.0,0.0,0.0,601,105296,0.0,0.0,0.0,0.0,0.0,0.0,0.0,0.0,0.0,154.0.1,1,0,0,0.0,14.0
2026-08-18T09:19:56+00:00,-28.0,15.8,0.0,0.0,0.0,0.0,601,105596,0.0,0.0,0.0,0.0,0.0,0.0,0.0,0.0,0.0,154.0.1,1,0,0,0.0,0.0
2026-08-18T09:24:56+00:00,-57.0,15.8,0.0,0.0,0.0,0.0,601,105896,0.0,0.0,0.0,0.0,0.0,0.0,0.0,0.0,0.0,154.0.1,1,0,0,0.0,0.0
2026-08-18T09:29:56+00:00,-54.0,15.7,0.0,0.0,0.0,0.0,601,106196,0.0,0.0,0.0,0.0,0.0,0.0,0.0,0.0,0.0,154.0.1,1,0,0,-108.0,151.0
2026-08-18T09:34:56+00:00,-62.5,15.7,0.0,0.0,0.0,0.0,601,106496,0.0,0.0,0.0,0.0,0.0,0.0,0.0,0.0,0.0,154.0.1,1,0,0,-38.0,0.0
2026-08-18T09:39:56+00:00,0.0,15.7,0.0,0.0,0.0,0.0,601,106796,0.0,0.0,0.0,0.0,0.0,0.0,0.0,0.0,0.0,154.0.1,1,0,0,-41.0,0.0
2026-08-18T09:44:56+00:00,0.0,15.5,0.0,0.0,0.0,0.0,601,107096,0.0,0.0,0.0,0.0,0.0,0.0,0.0,0.0,0.0,154.0.1,1,0,0,-49.0,0.0
2026-08-18T09:49:56+00:00,0.0,15.5,0.0,0.0,0.0,0.0,601,107396,0.0,0.0,0.0,0.0,0.0,0.0,0.0,0.0,0.0,154.0.1,1,0,0,151.0,-108.0
2026-08-18T09:54:56+00:00,-8.0,15.5,0.0,0.0,0.0,0.0,601,107696,0.0,0.0,0.0,0.0,0.0,0.0,0.0,0.0,0.0,154.0.1,1,0,0,-79.0,-38.0
2026-08-18T09:59:56+00:00,0.0,15.5,0.0,0.0,0.0,0.0,601,107996,0.0,0.0,0.0,0.0,0.0,0.0,0.0,0.0,0.0,154.0.1,1,0,0,-12.0,0.0
2026-08-18T10:04:56+00:00,0.0,15.5,0.0,0.0,0.0,0.0,601,108296,0.0,0.0,0.0,0.0,0.0,0.0,0.0,0.0,0.0,154.0.1,1,0,0,160.0,-408.0
2026-08-18T10:09:56+00:00,0.0,15.5,0.0,0.0,0.0,0.0,601,108596,0.0,0.0,0.0,0.0,0.0,0.0,0.0,0.0,0.0,154.0.1,1,0,0,-95.0,-57.0
2026-08-18T10:14:56+00:00,0.0,15.3,0.0,0.0,0.0,0.0,601,108896,0.0,0.0,0.0,0.0,0.0,0.0,0.0,0.0,0.0,154.0.1,1,0,0,128.0,73.0
2026-08-18T10:19:56+00:00,0.0,15.3,0.0,0.0,0.0,0.0,601,109196,0.0,0.0,0.0,0.0,0.0,0.0,0.0,0.0,0.0,154.0.1,1,0,0,0.0,136.0
2026-08-18T10:24:56+00:00,0.0,15.3,0.0,0.0,0.0,0.0,601,109496,0.0,0.0,0.0,0.0,0.0,0.0,0.0,0.0,0.0,154.0.1,1,0,0,-137.0,-77.0
2026-08-18T10:29:56+00:00,0.0,15.2,0.0,0.0,0.0,0.0,601,109796,0.0,0.0,0.0,0.0,0.0,0.0,0.0,0.0,0.0,154.0.1,1,0,0,-356.0,-95.0
2026-08-18T10:34:56+00:00,0.0,15.2,0.0,0.0,0.0,0.0,601,110096,0.0,0.0,0.0,0.0,0.0,0.0,0.0,0.0,0.0,154.0.1,1,0,0,119.0,-168.0
2026-08-18T10:39:56+00:00,0.5,15.2,0.0,0.0,0.0,0.0,601,110396,0.0,0.0,0.0,0.0,0.0,0.0,0.0,0.0,0.0,154.0.1,1,0,0,73.0,-155.0
2026-08-18T10:44:56+00:00,0.0,14.9,0.0,0.0,0.0,0.0,601,110696,0.0,0.0,0.0,0.0,0.0,0.0,0.0,0.0,0.0,154.0.1,1,0,0,139.0,-137.0
2026-08-18T10:49:56+00:00,0.0,14.9,0.0,0.0,0.0,0.0,601,110996,0.0,0.0,0.0,0.0,0.0,0.0,0.0,0.0,0.0,154.0.1,1,0,0,29.0,-356.0
2026-08-18T10:54:56+00:00,-9.0,14.9,0.0,0.0,0.0,0.0,601,111296,0.0,0.0,0.0,0.0,0.0,0.0,0.0,0.0,0.0,154.0.1,1,0,0,213.0,-7.0
2026-08-18T10:59:56+00:00,0.0,14.8,0.0,0.0,0.0,0.0,601,111596,0.0,0.0,0.0,0.0,0.0,0.0,0.0,0.0,0.0,154.0.1,1,0,0,-18.0,73.0
2026-08-18T11:04:57+00:00,-4.0,14.8,0.0,0.0,0.0,0.0,601,111897,0.0,0.0,0.0,0.0,0.0,0.0,0.0,0.0,0.0,154.0.1,1,0,0,0.0,-299.0
2026-08-18T11:09:56+00:00,0.5,14.8,0.0,0.0,0.0,0.0,601,112196,0.0,0.0,0.0,0.0,0.0,0.0,0.0,0.0,0.0,154.0.1,1,0,0,0.0,44.0
2026-08-18T11:14:56+00:00,0.0,15.0,0.0,0.0,0.0,0.0,601,112496,0.0,0.0,0.0,0.0,0.0,0.0,0.0,0.0,0.0,154.0.1,1,0,0,,1.0
2026-08-18T11:19:56+00:00,0.0,15.0,0.0,0.0,0.0,0.0,601,112796,0.0,0.0,0.0,0.0,0.0,0.0,0.0,0.0,0.0,154.0.1,1,0,0,0.0,-36.0
2026-08-18T11:24:57+00:00,-7.5,15.0,0.0,0.0,0.0,0.0,601,113097,0.0,0.0,0.0,0.0,0.0,0.0,0.0,0.0,0.0,154.0.1,1,0,0,-111.0,-9.0
2026-08-18T11:29:56+00:00,0.0,16.0,0.0,0.0,0.0,0.0,601,113396,0.0,0.0,0.0,0.0,0.0,0.0,0.0,0.0,0.0,154.0.1,1,0,0,-125.0,-30.0
2026-08-18T11:34:56+00:00,0.0,16.0,0.0,0.0,0.0,0.0,601,113696,0.0,0.0,0.0,0.0,0.0,0.0,0.0,0.0,0.0,154.0.1,1,0,0,,
2026-08-18T11:39:56+00:00,0.0,16.0,0.0,0.0,0.0,0.0,601,113996,0.0,0.0,0.0,0.0,0.0,0.0,0.0,0.0,0.0,154.0.1,1,0,0,0.0,0.0
2026-08-18T11:44:57+00:00,0.0,16.7,0.0,0.0,0.0,0.0,601,114297,0.0,0.0,0.0,0.0,0.0,0.0,0.0,0.0,0.0,154.0.1,1,0,0,409.0,94.0
2026-08-18T11:49:56+00:00,0.0,16.7,0.0,0.0,0.0,0.0,601,114596,0.0,0.0,0.0,0.0,0.0,0.0,0.0,0.0,0.0,154.0.1,1,0,0,33.0,466.0
2026-08-18T11:54:56+00:00,0.0,16.7,0.0,0.0,0.0,0.0,601,114896,0.0,0.0,0.0,0.0,0.0,0.0,0.0,0.0,0.0,154.0.1,1,0,0,,
2026-08-18T11:59:57+00:00,0.0,17.2,0.0,0.0,0.0,0.0,601,115197,0.0,0.0,0.0,0.0,0.0,0.0,0.0,0.0,0.0,154.0.1,1,0,0,202.0,135.0
2026-08-18T12:04:57+00:00,-9.0,17.2,0.0,0.0,0.0,0.0,601,115497,0.0,0.0,0.0,0.0,0.0,0.0,0.0,0.0,0.0,154.0.1,1,0,0,217.0,105.0
2026-08-18T12:09:57+00:00,-14.0,17.2,0.0,0.0,0.0,0.0,601,115797,0.0,0.0,0.0,0.0,0.0,0.0,0.0,0.0,0.0,154.0.1,1,0,0,313.0,189.0
2026-08-18T12:14:56+00:00,-41.5,17.8,0.0,0.0,0.0,0.0,601,116096,0.0,0.0,0.0,0.0,0.0,0.0,0.0,0.0,0.0,154.0.1,1,0,0,,
2026-08-18T12:19:56+00:00,-24.0,17.8,0.0,0.0,0.0,0.0,601,116396,0.0,0.0,0.0,0.0,0.0,0.0,0.0,0.0,0.0,154.0.1,1,0,0,,-68.0
2026-08-18T12:24:57+00:00,-6.0,17.8,0.0,0.0,0.0,0.0,601,116697,0.0,0.0,0.0,0.0,0.0,0.0,0.0,0.0,0.0,154.0.1,1,0,0,208.0,217.0
2026-08-18T12:29:56+00:00,0.0,18.3,0.0,0.0,0.0,0.0,601,116996,0.0,0.0,0.0,0.0,0.0,0.0,0.0,0.0,0.0,154.0.1,1,0,0,248.0,
2026-08-18T12:34:56+00:00,0.0,18.3,0.0,0.0,0.0,0.0,601,117296,0.0,0.0,0.0,0.0,0.0,0.0,0.0,0.0,0.0,154.0.1,1,0,0,,
2026-08-18T12:39:56+00:00,0.0,18.3,0.0,0.0,0.0,0.0,601,117596,0.0,0.0,0.0,0.0,0.0,0.0,0.0,0.0,0.0,154.0.1,1,0,0,0.0,
2026-08-18T12:44:57+00:00,0.0,18.8,0.0,0.0,0.0,0.0,601,117897,0.0,0.0,0.0,0.0,0.0,0.0,0.0,0.0,0.0,154.0.1,1,0,0,194.0,-20.0
2026-08-18T12:49:56+00:00,0.0,18.8,0.0,0.0,0.0,0.0,601,118196,0.0,0.0,0.0,0.0,0.0,0.0,0.0,0.0,0.0,154.0.1,1,0,0,196.0,-463.0
2026-08-18T12:54:56+00:00,0.0,18.8,0.0,0.0,0.0,0.0,601,118496,0.0,0.0,0.0,0.0,0.0,0.0,0.0,0.0,0.0,154.0.1,1,0,0,,
2026-08-18T12:59:56+00:00,0.0,19.3,0.0,0.0,0.0,0.0,601,118796,0.0,0.0,0.0,0.0,0.0,0.0,0.0,0.0,0.0,154.0.1,1,0,0,-49.0,-138.0
2026-08-18T13:04:56+00:00,0.0,19.3,0.0,0.0,0.0,0.0,601,119096,0.0,0.0,0.0,0.0,0.0,0.0,0.0,0.0,0.0,154.0.1,1,0,0,15.0,-247.0
2026-08-18T13:09:56+00:00,0.0,19.3,0.0,0.0,0.0,0.0,601,119396,0.0,0.0,0.0,0.0,0.0,0.0,0.0,0.0,0.0,154.0.1,1,0,0,-481.0,0.0
2026-08-18T13:14:56+00:00,0.0,19.9,0.0,0.0,0.0,0.0,601,119696,0.0,0.0,0.0,0.0,0.0,0.0,0.0,0.0,0.0,154.0.1,1,0,0,-481.0,
2026-08-18T13:19:56+00:00,0.0,19.9,0.0,0.0,0.0,0.0,601,119996,0.0,0.0,0.0,0.0,0.0,0.0,0.0,0.0,0.0,154.0.1,1,0,0,-75.0,-6.0
2026-08-18T13:24:57+00:00,0.0,19.9,0.0,0.0,0.0,0.0,601,120297,0.0,0.0,0.0,0.0,0.0,0.0,0.0,0.0,0.0,154.0.1,1,0,0,0.0,99.0
2026-08-18T13:29:56+00:00,0.0,20.4,0.0,0.0,0.0,0.0,601,120596,0.0,0.0,0.0,0.0,0.0,0.0,0.0,0.0,0.0,154.0.1,1,0,0,-232.0,-481.0
2026-08-18T13:34:56+00:00,15.5,20.4,0.0,0.0,0.0,0.0,601,120896,0.0,0.0,0.0,0.0,0.0,0.0,0.0,0.0,0.0,154.0.1,1,0,0,,-481.0
2026-08-18T13:39:56+00:00,0.0,20.4,0.0,0.0,0.0,0.0,601,121196,0.0,0.0,0.0,0.0,0.0,0.0,0.0,0.0,0.0,154.0.1,1,0,0,-182.0,31.0
2026-08-18T13:44:56+00:00,8.5,20.8,0.0,0.0,0.0,0.0,601,121496,0.0,0.0,0.0,0.0,0.0,0.0,0.0,0.0,0.0,154.0.1,1,0,0,-182.0,-71.0
2026-08-18T13:49:56+00:00,0.0,20.8,0.0,0.0,0.0,0.0,601,121796,0.0,0.0,0.0,0.0,0.0,0.0,0.0,0.0,0.0,154.0.1,1,0,0,-50.0,0.0
2026-08-18T13:54:56+00:00,50.0,20.8,0.0,0.0,0.0,0.0,601,122096,0.0,0.0,0.0,0.0,0.0,0.0,0.0,0.0,0.0,154.0.1,1,0,0,197.0,
2026-08-18T13:59:56+00:00,69.0,21.3,0.0,0.0,0.0,0.0,601,122396,0.0,0.0,0.0,0.0,0.0,0.0,0.0,0.0,0.0,154.0.1,1,0,0,171.0,149.0
2026-08-18T14:04:56+00:00,51.5,21.3,0.0,0.0,0.0,0.0,601,122696,0.0,0.0,0.0,0.0,0.0,0.0,0.0,0.0,0.0,154.0.1,1,0,0,-143.0,-77.0
2026-08-18T14:09:56+00:00,63.0,21.3,0.0,0.0,0.0,0.0,601,122996,0.0,0.0,0.0,0.0,0.0,0.0,0.0,0.0,0.0,154.0.1,1,0,0,276.0,112.0
2026-08-18T14:14:56+00:00,147.0,21.7,0.0,0.0,0.0,0.0,601,123296,0.0,0.0,0.0,0.0,0.0,0.0,0.0,0.0,0.0,154.0.1,1,0,0,0.0,-130.0
2026-08-18T14:19:56+00:00,123.0,21.7,0.0,0.0,0.0,0.0,601,123596,0.0,0.0,0.0,0.0,0.0,0.0,0.0,0.0,0.0,154.0.1,1,0,0,-3.0,39.0
2026-08-18T14:24:56+00:00,124.0,21.7,0.0,0.0,0.0,0.0,601,123896,0.0,0.0,0.0,0.0,0.0,0.0,0.0,0.0,0.0,154.0.1,1,0,0,334.0,230.0
2026-08-18T14:29:56+00:00,82.0,22.5,0.0,0.0,0.0,0.0,601,124196,0.0,0.0,0.0,0.0,0.0,0.0,0.0,0.0,0.0,154.0.1,1,0,0,0.0,-215.0
2026-08-18T14:34:56+00:00,63.0,22.5,0.0,0.0,0.0,0.0,601,124496,0.0,0.0,0.0,0.0,0.0,0.0,0.0,0.0,0.0,154.0.1,1,0,0,0.0,-29.0
2026-08-18T14:39:56+00:00,88.0,22.5,0.0,0.0,0.0,0.0,601,124796,0.0,0.0,0.0,0.0,0.0,0.0,0.0,0.0,0.0,154.0.1,1,0,0,287.0,229.0
2026-08-18T14:44:57+00:00,47.0,22.9,0.0,0.0,0.0,0.0,601,125097,0.0,0.0,0.0,0.0,0.0,0.0,0.0,0.0,0.0,154.0.1,1,0,0,149.0,176.0
2026-08-18T14:49:56+00:00,24.0,22.9,0.0,0.0,0.0,0.0,601,125396,0.0,0.0,0.0,0.0,0.0,0.0,0.0,0.0,0.0,154.0.1,1,0,0,0.0,0.0
2026-08-18T14:54:56+00:00,0.0,22.9,0.0,0.0,0.0,0.0,601,125696,0.0,0.0,0.0,0.0,0.0,0.0,0.0,0.0,0.0,154.0.1,1,0,0,,0.0
2026-08-18T14:59:56+00:00,30.0,23.2,0.0,0.0,0.0,0.0,601,125996,0.0,0.0,0.0,0.0,0.0,0.0,0.0,0.0,0.0,154.0.1,1,0,0,304.0,-7.0
2026-08-18T15:04:56+00:00,26.0,23.2,0.0,0.0,0.0,0.0,601,126296,0.0,0.0,0.0,0.0,0.0,0.0,0.0,0.0,0.0,154.0.1,1,0,0,330.0,269.0
2026-08-18T15:09:56+00:00,32.0,23.2,0.0,0.0,0.0,0.0,601,126596,0.0,0.0,0.0,0.0,0.0,0.0,0.0,0.0,0.0,154.0.1,1,0,0,0.0,222.0
2026-08-18T15:14:56+00:00,25.5,23.5,0.0,0.0,0.0,0.0,601,126896,0.0,0.0,0.0,0.0,0.0,0.0,0.0,0.0,0.0,154.0.1,1,0,0,0.0,
2026-08-18T15:19:56+00:00,11.0,23.5,0.0,0.0,0.0,0.0,601,127196,0.0,0.0,0.0,0.0,0.0,0.0,0.0,0.0,0.0,154.0.1,1,0,0,291.0,0.0
2026-08-18T15:24:56+00:00,0.0,23.5,0.0,0.0,0.0,0.0,601,127496,0.0,0.0,0.0,0.0,0.0,0.0,0.0,0.0,0.0,154.0.1,1,0,0,31.0,-17.0
2026-08-18T15:29:56+00:00,0.0,24.1,0.0,0.0,0.0,0.0,601,127796,0.0,0.0,0.0,0.0,0.0,0.0,0.0,0.0,0.0,154.0.1,1,0,0,154.0,-37.0
2026-08-18T15:34:56+00:00,59.0,24.1,0.0,0.0,0.0,0.0,601,128096,0.0,0.0,0.0,0.0,0.0,0.0,0.0,0.0,0.0,154.0.1,1,0,0,342.0,235.0
2026-08-18T15:39:56+00:00,43.0,24.1,0.0,0.0,0.0,0.0,601,128396,0.0,0.0,0.0,0.0,0.0,0.0,0.0,0.0,0.0,154.0.1,1,0,0,442.0,75.0
2026-08-18T15:44:56+00:00,43.0,24.5,0.0,0.0,0.0,0.0,601,128696,0.0,0.0,0.0,0.0,0.0,0.0,0.0,0.0,0.0,154.0.1,1,0,0,463.0,31.0
2026-08-18T15:49:56+00:00,0.0,24.5,0.0,0.0,0.0,0.0,601,128996,0.0,0.0,0.0,0.0,0.0,0.0,0.0,0.0,0.0,154.0.1,1,0,0,289.0,159.0
2026-08-18T15:54:56+00:00,6.5,24.5,0.0,0.0,0.0,0.0,601,129296,0.0,0.0,0.0,0.0,0.0,0.0,0.0,0.0,0.0,154.0.1,1,0,0,252.0,182.0
2026-08-18T15:59:56+00:00,60.0,24.8,0.0,0.0,0.0,0.0,601,129596,0.0,0.0,0.0,0.0,0.0,0.0,0.0,0.0,0.0,154.0.1,1,0,0,218.0,197.0
2026-08-18T16:04:56+00:00,19.0,24.8,0.0,0.0,0.0,0.0,601,129896,0.0,0.0,0.0,0.0,0.0,0.0,0.0,0.0,0.0,154.0.1,1,0,0,0.0,242.0
2026-08-18T16:09:56+00:00,60.0,24.8,0.0,0.0,0.0,0.0,601,130196,0.0,0.0,0.0,0.0,0.0,0.0,0.0,0.0,0.0,154.0.1,1,0,0,0.0,289.0
2026-08-18T16:14:56+00:00,59.0,25.0,0.0,0.0,0.0,0.0,601,130496,0.0,0.0,0.0,0.0,0.0,0.0,0.0,0.0,0.0,154.0.1,1,0,0,445.0,429.0
2026-08-18T16:19:56+00:00,14.0,25.0,0.0,0.0,0.0,0.0,601,130796,0.0,0.0,0.0,0.0,0.0,0.0,0.0,0.0,0.0,154.0.1,1,0,0,0.0,218.0
2026-08-18T16:24:56+00:00,132.0,25.0,0.0,0.0,0.0,0.0,601,131096,0.0,0.0,0.0,0.0,0.0,0.0,0.0,0.0,0.0,154.0.1,1,0,0,0.0,0.0
2026-08-18T16:29:56+00:00,0.0,25.3,0.0,0.0,0.0,0.0,601,131396,0.0,0.0,0.0,0.0,0.0,0.0,0.0,0.0,0.0,154.0.1,1,0,0,448.0,366.0
2026-08-18T16:34:56+00:00,63.0,25.3,0.0,0.0,0.0,0.0,601,131696,0.0,0.0,0.0,0.0,0.0,0.0,0.0,0.0,0.0,154.0.1,1,0,0,132.0,442.0
2026-08-18T16:39:56+00:00,71.0,25.2,0.0,0.0,0.0,0.0,601,131996,0.0,0.0,0.0,0.0,0.0,0.0,0.0,0.0,0.0,154.0.1,1,0,0,243.0,297.0
2026-08-18T16:44:56+00:00,174.5,25.6,0.0,0.0,0.0,0.0,601,132296,0.0,0.0,0.0,0.0,0.0,0.0,0.0,0.0,0.0,154.0.1,1,0,0,0.0,0.0
2026-08-18T16:49:56+00:00,120.5,25.6,0.0,0.0,0.0,0.0,601,132596,0.0,0.0,0.0,0.0,0.0,0.0,0.0,0.0,0.0,154.0.1,1,0,0,195.0,251.0
2026-08-18T16:54:56+00:00,71.0,25.6,0.0,0.0,0.0,0.0,601,132896,0.0,0.0,0.0,0.0,0.0,0.0,0.0,0.0,0.0,154.0.1,1,0,0,279.0,0.0
2026-08-18T16:59:56+00:00,70.0,25.9,0.0,0.0,0.0,0.0,601,133196,0.0,0.0,0.0,0.0,0.0,0.0,0.0,0.0,0.0,154.0.1,1,0,0,250.0,236.0
2026-08-18T17:04:56+00:00,22.0,25.9,0.0,0.0,0.0,0.0,601,133496,0.0,0.0,0.0,0.0,0.0,0.0,0.0,0.0,0.0,154.0.1,1,0,0,71.0,273.0
2026-08-18T17:09:56+00:00,90.0,25.9,0.0,0.0,0.0,0.0,601,133796,0.0,0.0,0.0,0.0,0.0,0.0,0.0,0.0,0.0,154.0.1,1,0,0,131.0,195.0
2026-08-18T17:14:56+00:00,87.0,26.1,0.0,0.0,0.0,0.0,601,134096,0.0,0.0,0.0,0.0,0.0,0.0,0.0,0.0,0.0,154.0.1,1,0,0,0.0,0.0
2026-08-18T17:19:56+00:00,56.0,26.1,0.0,0.0,0.0,0.0,601,134396,0.0,0.0,0.0,0.0,0.0,0.0,0.0,0.0,0.0,154.0.1,1,0,0,115.0,241.0
2026-08-18T17:24:56+00:00,121.0,26.1,0.0,0.0,0.0,0.0,601,134696,0.0,0.0,0.0,0.0,0.0,0.0,0.0,0.0,0.0,154.0.1,1,0,0,199.0,71.0
2026-08-18T17:29:56+00:00,58.0,26.2,0.0,0.0,0.0,0.0,601,134996,0.0,0.0,0.0,0.0,0.0,0.0,0.0,0.0,0.0,154.0.1,1,0,0,281.0,131.0
2026-08-18T17:34:56+00:00,53.0,26.2,0.0,0.0,0.0,0.0,601,135296,0.0,0.0,0.0,0.0,0.0,0.0,0.0,0.0,0.0,154.0.1,1,0,0,226.0,211.0
2026-08-18T17:39:56+00:00,0.0,26.2,0.0,0.0,0.0,0.0,601,135596,0.0,0.0,0.0,0.0,0.0,0.0,0.0,0.0,0.0,154.0.1,1,0,0,224.0,115.0
2026-08-18T17:44:56+00:00,0.0,26.5,0.0,0.0,0.0,0.0,601,135896,0.0,0.0,0.0,0.0,0.0,0.0,0.0,0.0,0.0,154.0.1,1,0,0,0.0,485.0
2026-08-18T17:49:56+00:00,0.0,26.5,0.0,0.0,0.0,0.0,601,136196,0.0,0.0,0.0,0.0,0.0,0.0,0.0,0.0,0.0,154.0.1,1,0,0,223.0,281.0
2026-08-18T17:54:56+00:00,0.0,26.5,0.0,0.0,0.0,0.0,601,136496,0.0,0.0,0.0,0.0,0.0,0.0,0.0,0.0,0.0,154.0.1,1,0,0,0.0,531.0
2026-08-18T17:59:56+00:00,0.0,26.6,0.0,0.0,0.0,0.0,601,136796,0.0,0.0,0.0,0.0,0.0,0.0,0.0,0.0,0.0,154.0.1,1,0,0,393.0,224.0
2026-08-18T18:04:56+00:00,0.0,26.6,0.0,0.0,0.0,0.0,601,137096,0.0,0.0,0.0,0.0,0.0,0.0,0.0,0.0,0.0,154.0.1,1,0,0,0.0,0.0
2026-08-18T18:09:56+00:00,0.0,26.6,0.0,0.0,0.0,0.0,601,137396,0.0,0.0,0.0,0.0,0.0,0.0,0.0,0.0,0.0,154.0.1,1,0,0,102.0,139.0
2026-08-18T18:14:57+00:00,0.0,26.7,0.0,0.0,0.0,0.0,601,137697,0.0,0.0,0.0,0.0,0.0,0.0,0.0,0.0,0.0,154.0.1,1,0,0,-14.0,-122.0
2026-08-18T18:19:56+00:00,0.0,26.7,0.0,0.0,0.0,0.0,601,137996,0.0,0.0,0.0,0.0,0.0,0.0,0.0,0.0,0.0,154.0.1,1,0,0,12.0,-223.0
2026-08-18T18:24:56+00:00,0.0,26.7,0.0,0.0,0.0,0.0,601,138296,0.0,0.0,0.0,0.0,0.0,0.0,0.0,0.0,0.0,154.0.1,1,0,0,,0.0
2026-08-18T18:29:56+00:00,0.0,26.8,0.0,0.0,0.0,0.0,601,138596,0.0,0.0,0.0,0.0,0.0,0.0,0.0,0.0,0.0,154.0.1,1,0,0,-38.0,-456.0
2026-08-18T18:34:57+00:00,0.0,26.8,0.0,0.0,0.0,0.0,601,138897,0.0,0.0,0.0,0.0,0.0,0.0,0.0,0.0,0.0,154.0.1,1,0,0,-34.0,-456.0
2026-08-18T18:39:56+00:00,0.0,26.8,0.0,0.0,0.0,0.0,601,139196,0.0,0.0,0.0,0.0,0.0,0.0,0.0,0.0,0.0,154.0.1,1,0,0,197.0,46.0
2026-08-18T18:44:57+00:00,0.0,26.9,0.0,0.0,0.0,0.0,601,139497,0.0,0.0,0.0,0.0,0.0,0.0,0.0,0.0,0.0,154.0.1,1,0,0,58.0,-46.0
2026-08-18T18:49:56+00:00,0.0,26.9,0.0,0.0,0.0,0.0,601,139796,0.0,0.0,0.0,0.0,0.0,0.0,0.0,0.0,0.0,154.0.1,1,0,0,13.0,-38.0
2026-08-18T18:54:56+00:00,0.0,26.9,0.0,0.0,0.0,0.0,601,140096,0.0,0.0,0.0,0.0,0.0,0.0,0.0,0.0,0.0,154.0.1,1,0,0,,66.0
2026-08-18T18:59:56+00:00,0.0,27.1,0.0,0.0,0.0,0.0,601,140396,0.0,0.0,0.0,0.0,0.0,0.0,0.0,0.0,0.0,154.0.1,1,0,0,18.0,-42.0
2026-08-18T19:04:56+00:00,-25.0,27.1,0.0,0.0,0.0,0.0,601,140696,0.0,0.0,0.0,0.0,0.0,0.0,0.0,0.0,0.0,154.0.1,1,0,0,0.0,
2026-08-18T19:09:57+00:00,-20.0,27.1,0.0,0.0,0.0,0.0,601,140997,0.0,0.0,0.0,0.0,0.0,0.0,0.0,0.0,0.0,154.0.1,1,0,0,-5.0,-10.0
2026-08-18T19:14:57+00:00,-11.0,27.1,0.0,0.0,0.0,0.0,601,141297,0.0,0.0,0.0,0.0,0.0,0.0,0.0,0.0,0.0,154.0.1,1,0,0,0.0,-41.0
2026-08-18T19:19:56+00:00,0.0,27.1,0.0,0.0,0.0,0.0,601,141596,0.0,0.0,0.0,0.0,0.0,0.0,0.0,0.0,0.0,154.0.1,1,0,0,,2.0
2026-08-18T19:24:56+00:00,37.0,27.1,0.0,0.0,0.0,0.0,601,141896,0.0,0.0,0.0,0.0,0.0,0.0,0.0,0.0,0.0,154.0.1,1,0,0,,-12.0
2026-08-18T19:29:57+00:00,0.0,27.1,0.0,0.0,0.0,0.0,601,142197,0.0,0.0,0.0,0.0,0.0,0.0,0.0,0.0,0.0,154.0.1,1,0,0,-131.0,-5.0
2026-08-18T19:34:57+00:00,0.0,27.1,0.0,0.0,0.0,0.0,601,142497,0.0,0.0,0.0,0.0,0.0,0.0,0.0,0.0,0.0,154.0.1,1,0,0,-231.0,76.0
2026-08-18T19:39:56+00:00,0.0,27.1,0.0,0.0,0.0,0.0,601,142796,0.0,0.0,0.0,0.0,0.0,0.0,0.0,0.0,0.0,154.0.1,1,0,0,,
2026-08-18T19:44:56+00:00,0.0,27.2,0.0,0.0,0.0,0.0,601,143096,0.0,0.0,0.0,0.0,0.0,0.0,0.0,0.0,0.0,154.0.1,1,0,0,,
2026-08-18T19:49:57+00:00,11.0,27.2,0.0,0.0,0.0,0.0,601,143397,0.0,0.0,0.0,0.0,0.0,0.0,0.0,0.0,0.0,154.0.1,1,0,0,-265.0,-156.0
2026-08-18T19:54:57+00:00,0.0,27.2,0.0,0.0,0.0,0.0,601,143697,0.0,0.0,0.0,0.0,0.0,0.0,0.0,0.0,0.0,154.0.1,1,0,0,-48.0,-164.0
2026-08-18T19:59:57+00:00,6.0,27.3,0.0,0.0,0.0,0.0,601,143997,0.0,0.0,0.0,0.0,0.0,0.0,0.0,0.0,0.0,154.0.1,1,0,0,72.0,-81.0
2026-08-18T20:04:56+00:00,0.0,27.3,0.0,0.0,0.0,0.0,601,144296,0.0,0.0,0.0,0.0,0.0,0.0,0.0,0.0,0.0,154.0.1,1,0,0,,
2026-08-18T20:34:56+00:00,0.0,27.1,0.0,0.0,0.0,0.0,601,146096,0.0,0.0,0.0,0.0,0.0,0.0,0.0,0.0,0.0,154.0.1,1,0,0,,0.0
2026-08-18T20:39:57+00:00,0.0,27.1,0.0,0.0,0.0,0.0,601,146397,0.0,0.0,0.0,0.0,0.0,0.0,0.0,0.0,0.0,154.0.1,1,0,0,,
2026-08-18T20:44:57+00:00,0.0,26.8,0.0,0.0,0.0,0.0,601,146697,0.0,0.0,0.0,0.0,0.0,0.0,0.0,0.0,0.0,154.0.1,1,0,0,-147.0,
2026-08-18T20:49:57+00:00,0.0,26.8,0.0,0.0,0.0,0.0,601,146997,0.0,0.0,0.0,0.0,0.0,0.0,0.0,0.0,0.0,154.0.1,1,0,0,0.0,
2026-08-18T20:54:57+00:00,0.0,26.8,0.0,0.0,0.0,0.0,601,147297,0.0,0.0,0.0,0.0,0.0,0.0,0.0,0.0,0.0,154.0.1,1,0,0,-183.0,
2026-08-18T20:59:57+00:00,0.0,26.7,0.0,0.0,0.0,0.0,601,147597,0.0,0.0,0.0,0.0,0.0,0.0,0.0,0.0,0.0,154.0.1,1,0,0,218.0,
2026-08-18T21:04:57+00:00,-5.5,26.7,0.0,0.0,0.0,0.0,601,147897,0.0,0.0,0.0,0.0,0.0,0.0,0.0,0.0,0.0,154.0.1,1,0,0,0.0,0.0
2026-08-18T21:09:57+00:00,0.0,26.7,0.0,0.0,0.0,0.0,601,148197,0.0,0.0,0.0,0.0,0.0,0.0,0.0,0.0,0.0,154.0.1,1,0,0,-16.0,-28.0
2026-08-18T21:14:56+00:00,0.0,26.5,0.0,0.0,0.0,0.0,601,148496,0.0,0.0,0.0,0.0,0.0,0.0,0.0,0.0,0.0,154.0.1,1,0,0,,
2026-08-18T21:19:57+00:00,70.0,26.5,0.0,0.0,0.0,0.0,601,148797,0.0,0.0,0.0,0.0,0.0,0.0,0.0,0.0,0.0,154.0.1,1,0,0,359.0,0.0
2026-08-18T21:24:57+00:00,47.5,26.5,0.0,0.0,0.0,0.0,601,149097,0.0,0.0,0.0,0.0,0.0,0.0,0.0,0.0,0.0,154.0.1,1,0,0,0.0,322.0
2026-08-18T21:29:57+00:00,44.0,26.7,0.0,0.0,0.0,0.0,601,149397,0.0,0.0,0.0,0.0,0.0,0.0,0.0,0.0,0.0,154.0.1,1,0,0,-187.0,-157.0
2026-08-18T21:34:57+00:00,13.0,27.0,0.0,0.0,0.0,0.0,601,149697,0.0,0.0,0.0,0.0,0.0,0.0,0.0,0.0,0.0,154.0.1,1,0,0,3.0,-222.0
2026-08-18T21:39:56+00:00,0.0,27.0,0.0,0.0,0.0,0.0,601,149996,0.0,0.0,0.0,0.0,0.0,0.0,0.0,0.0,0.0,154.0.1,1,0,0,,
2026-08-18T21:44:57+00:00,-16.0,26.9,0.0,0.0,0.0,0.0,601,150297,0.0,0.0,0.0,0.0,0.0,0.0,0.0,0.0,0.0,154.0.1,1,0,0,0.0,0.0
2026-08-18T21:49:57+00:00,19.5,26.9,0.0,0.0,0.0,0.0,601,150597,0.0,0.0,0.0,0.0,0.0,0.0,0.0,0.0,0.0,154.0.1,1,0,0,-362.0,0.0
2026-08-18T21:54:56+00:00,0.0,26.9,0.0,0.0,0.0,0.0,601,150896,0.0,0.0,0.0,0.0,0.0,0.0,0.0,0.0,0.0,154.0.1,1,0,0,,
2026-08-18T21:59:56+00:00,0.0,26.8,0.0,0.0,0.0,0.0,601,151196,0.0,0.0,0.0,0.0,0.0,0.0,0.0,0.0,0.0,154.0.1,1,0,0,,
2026-08-18T22:04:57+00:00,0.0,26.8,0.0,0.0,0.0,0.0,601,151497,0.0,0.0,0.0,0.0,0.0,0.0,0.0,0.0,0.0,154.0.1,1,0,0,-83.0,-21.0
2026-08-18T22:09:57+00:00,0.0,26.8,0.0,0.0,0.0,0.0,601,151797,0.0,0.0,0.0,0.0,0.0,0.0,0.0,0.0,0.0,154.0.1,1,0,0,301.0,-136.0
2026-08-18T22:14:57+00:00,12.0,26.7,0.0,0.0,0.0,0.0,601,152097,0.0,0.0,0.0,0.0,0.0,0.0,0.0,0.0,0.0,154.0.1,1,0,0,-1.0,-200.0
2026-08-18T22:19:57+00:00,0.0,26.7,0.0,0.0,0.0,0.0,601,152397,0.0,0.0,0.0,0.0,0.0,0.0,0.0,0.0,0.0,154.0.1,1,0,0,-44.0,-22.0
2026-08-18T22:24:57+00:00,0.0,26.7,0.0,0.0,0.0,0.0,601,152697,0.0,0.0,0.0,0.0,0.0,0.0,0.0,0.0,0.0,154.0.1,1,0,0,-18.0,124.0
2026-08-18T22:29:56+00:00,0.0,26.5,0.0,0.0,0.0,0.0,601,152996,0.0,0.0,0.0,0.0,0.0,0.0,0.0,0.0,0.0,154.0.1,1,0,0,,-58.0
2026-08-18T22:34:56+00:00,0.0,26.0,0.0,0.0,0.0,0.0,601,153296,0.0,0.0,0.0,0.0,0.0,0.0,0.0,0.0,0.0,154.0.1,1,0,0,,
2026-08-18T22:39:56+00:00,0.0,26.0,0.0,0.0,0.0,0.0,601,153596,0.0,0.0,0.0,0.0,0.0,0.0,0.0,0.0,0.0,154.0.1,1,0,0,0.0,
2026-08-18T22:44:56+00:00,0.0,25.8,0.0,0.0,0.0,0.0,601,153896,0.0,0.0,0.0,0.0,0.0,0.0,0.0,0.0,0.0,154.0.1,1,0,0,231.0,
2026-08-18T22:49:56+00:00,0.0,25.8,0.0,0.0,0.0,0.0,601,154196,0.0,0.0,0.0,0.0,0.0,0.0,0.0,0.0,0.0,154.0.1,1,0,0,0.0,
2026-08-18T22:54:56+00:00,0.0,25.8,0.0,0.0,0.0,0.0,601,154496,0.0,0.0,0.0,0.0,0.0,0.0,0.0,0.0,0.0,154.0.1,1,0,0,9.0,
2026-08-18T22:59:56+00:00,-3.5,25.6,0.0,0.0,0.0,0.0,601,154796,0.0,0.0,0.0,0.0,0.0,0.0,0.0,0.0,0.0,154.0.1,1,0,0,10.0,-55.0
2026-08-18T23:04:56+00:00,0.0,25.6,0.0,0.0,0.0,0.0,601,155096,0.0,0.0,0.0,0.0,0.0,0.0,0.0,0.0,0.0,154.0.1,1,0,0,0.0,0.0
2026-08-18T23:09:56+00:00,0.0,25.6,0.0,0.0,0.0,0.0,601,155396,0.0,0.0,0.0,0.0,0.0,0.0,0.0,0.0,0.0,154.0.1,1,0,0,83.0,0.0
2026-08-18T23:14:56+00:00,0.0,25.4,0.0,0.0,0.0,0.0,601,155696,0.0,0.0,0.0,0.0,0.0,0.0,0.0,0.0,0.0,154.0.1,1,0,0,0.0,0.0
2026-08-18T23:19:56+00:00,0.0,25.4,0.0,0.0,0.0,0.0,601,155996,0.0,0.0,0.0,0.0,0.0,0.0,0.0,0.0,0.0,154.0.1,1,0,0,186.0,-456.0
2026-08-18T23:24:56+00:00,0.0,25.4,0.0,0.0,0.0,0.0,601,156296,0.0,0.0,0.0,0.0,0.0,0.0,0.0,0.0,0.0,154.0.1,1,0,0,75.0,116.0
2026-08-18T23:29:56+00:00,0.0,25.0,0.0,0.0,0.0,0.0,601,156596,0.0,0.0,0.0,0.0,0.0,0.0,0.0,0.0,0.0,154.0.1,1,0,0,-472.0,0.0
2026-08-18T23:34:56+00:00,0.0,24.8,0.0,0.0,0.0,0.0,601,156896,0.0,0.0,0.0,0.0,0.0,0.0,0.0,0.0,0.0,154.0.1,1,0,0,129.0,328.0
2026-08-18T23:39:56+00:00,0.0,24.8,0.0,0.0,0.0,0.0,601,157196,0.0,0.0,0.0,0.0,0.0,0.0,0.0,0.0,0.0,154.0.1,1,0,0,-194.0,-72.0
2026-08-18T23:44:56+00:00,36.0,24.2,0.0,0.0,0.0,0.0,601,157496,0.0,0.0,0.0,0.0,0.0,0.0,0.0,0.0,0.0,154.0.1,1,0,0,22.0,-210.0
2026-08-18T23:49:56+00:00,16.0,24.2,0.0,0.0,0.0,0.0,601,157796,0.0,0.0,0.0,0.0,0.0,0.0,0.0,0.0,0.0,154.0.1,1,0,0,123.0,195.0
2026-08-18T23:54:56+00:00,5.5,24.2,0.0,0.0,0.0,0.0,601,158096,0.0,0.0,0.0,0.0,0.0,0.0,0.0,0.0,0.0,154.0.1,1,0,0,-122.0,53.0
2026-08-18T23:59:56+00:00,0.0,23.8,0.0,0.0,0.0,0.0,601,158396,0.0,0.0,0.0,0.0,0.0,0.0,0.0,0.0,0.0,154.0.1,1,0,0,-164.0,-23.0
2026-08-19T00:04:56+00:00,23.5,23.8,0.0,0.0,0.0,0.0,601,158696,0.0,0.0,0.0,0.0,0.0,0.0,0.0,0.0,0.0,154.0.1,1,0,0,0.0,316.0
2026-08-19T00:09:56+00:00,73.0,23.8,0.0,0.0,0.0,0.0,601,158996,0.0,0.0,0.0,0.0,0.0,0.0,0.0,0.0,0.0,154.0.1,1,0,0,-177.0,-122.0
2026-08-19T00:14:57+00:00,85.0,23.3,0.0,0.0,0.0,0.0,601,159297,0.0,0.0,0.0,0.0,0.0,0.0,0.0,0.0,0.0,154.0.1,1,0,0,0.0,236.0
2026-08-19T00:19:56+00:00,64.0,23.3,0.0,0.0,0.0,0.0,601,159596,0.0,0.0,0.0,0.0,0.0,0.0,0.0,0.0,0.0,154.0.1,1,0,0,73.0,-270.0
2026-08-19T00:24:56+00:00,123.0,23.3,0.0,0.0,0.0,0.0,601,159896,0.0,0.0,0.0,0.0,0.0,0.0,0.0,0.0,0.0,154.0.1,1,0,0,,0.0
2026-08-19T00:29:56+00:00,73.0,22.8,0.0,0.0,0.0,0.0,601,160196,0.0,0.0,0.0,0.0,0.0,0.0,0.0,0.0,0.0,154.0.1,1,0,0,0.0,210.0
2026-08-19T00:34:56+00:00,21.0,22.8,0.0,0.0,0.0,0.0,601,160496,0.0,0.0,0.0,0.0,0.0,0.0,0.0,0.0,0.0,154.0.1,1,0,0,401.0,0.0
2026-08-19T00:39:56+00:00,10.0,22.8,0.0,0.0,0.0,0.0,601,160796,0.0,0.0,0.0,0.0,0.0,0.0,0.0,0.0,0.0,154.0.1,1,0,0,0.0,0.0
2026-08-19T00:44:57+00:00,115.5,22.3,0.0,0.0,0.0,0.0,601,161097,0.0,0.0,0.0,0.0,0.0,0.0,0.0,0.0,0.0,154.0.1,1,0,0,0.0,145.0
2026-08-19T00:49:56+00:00,21.0,22.3,0.0,0.0,0.0,0.0,601,161396,0.0,0.0,0.0,0.0,0.0,0.0,0.0,0.0,0.0,154.0.1,1,0,0,0.0,0.0
2026-08-19T00:54:56+00:00,77.5,22.3,0.0,0.0,0.0,0.0,601,161696,0.0,0.0,0.0,0.0,0.0,0.0,0.0,0.0,0.0,154.0.1,1,0,0,,148.0
2026-08-19T00:59:56+00:00,68.5,21.9,0.0,0.0,0.0,0.0,601,161996,0.0,0.0,0.0,0.0,0.0,0.0,0.0,0.0,0.0,154.0.1,1,0,0,188.0,84.0
2026-08-19T01:04:56+00:00,38.0,21.9,0.0,0.0,0.0,0.0,601,162296,0.0,0.0,0.0,0.0,0.0,0.0,0.0,0.0,0.0,154.0.1,1,0,0,155.0,0.0
2026-08-19T01:09:56+00:00,0.0,21.9,0.0,0.0,0.0,0.0,601,162596,0.0,0.0,0.0,0.0,0.0,0.0,0.0,0.0,0.0,154.0.1,1,0,0,0.0,0.0
2026-08-19T01:14:56+00:00,30.5,21.6,0.0,0.0,0.0,0.0,601,162896,0.0,0.0,0.0,0.0,0.0,0.0,0.0,0.0,0.0,154.0.1,1,0,0,76.0,
2026-08-19T01:19:56+00:00,0.0,21.7,0.0,0.0,0.0,0.0,601,163196,0.0,0.0,0.0,0.0,0.0,0.0,0.0,0.0,0.0,154.0.1,1,0,0,78.0,-188.0
2026-08-19T01:24:56+00:00,0.0,21.7,0.0,0.0,0.0,0.0,601,163496,0.0,0.0,0.0,0.0,0.0,0.0,0.0,0.0,0.0,154.0.1,1,0,0,61.0,0.0
2026-08-19T01:29:56+00:00,29.5,21.3,0.0,0.0,0.0,0.0,601,163796,0.0,0.0,0.0,0.0,0.0,0.0,0.0,0.0,0.0,154.0.1,1,0,0,153.0,109.0
2026-08-19T01:34:56+00:00,34.5,21.3,0.0,0.0,0.0,0.0,601,164096,0.0,0.0,0.0,0.0,0.0,0.0,0.0,0.0,0.0,154.0.1,1,0,0,163.0,76.0
2026-08-19T01:39:56+00:00,63.0,21.3,0.0,0.0,0.0,0.0,601,164396,0.0,0.0,0.0,0.0,0.0,0.0,0.0,0.0,0.0,154.0.1,1,0,0,145.0,78.0
2026-08-19T01:44:56+00:00,17.0,21.1,0.0,0.0,0.0,0.0,601,164696,0.0,0.0,0.0,0.0,0.0,0.0,0.0,0.0,0.0,154.0.1,1,0,0,499.0,325.0
2026-08-19T01:49:56+00:00,0.0,21.1,0.0,0.0,0.0,0.0,601,164996,0.0,0.0,0.0,0.0,0.0,0.0,0.0,0.0,0.0,154.0.1,1,0,0,0.0,405.0
2026-08-19T01:54:56+00:00,0.0,21.1,0.0,0.0,0.0,0.0,601,165296,0.0,0.0,0.0,0.0,0.0,0.0,0.0,0.0,0.0,154.0.1,1,0,0,0.0,-461.0
2026-08-19T01:59:56+00:00,78.0,20.9,0.0,0.0,0.0,0.0,601,165596,0.0,0.0,0.0,0.0,0.0,0.0,0.0,0.0,0.0,154.0.1,1,0,0,0.0,-461.0
2026-08-19T02:04:56+00:00,0.0,20.9,0.0,0.0,0.0,0.0,601,165896,0.0,0.0,0.0,0.0,0.0,0.0,0.0,0.0,0.0,154.0.1,1,0,0,279.0,24.0
2026-08-19T02:09:56+00:00,46.0,20.9,0.0,0.0,0.0,0.0,601,166196,0.0,0.0,0.0,0.0,0.0,0.0,0.0,0.0,0.0,154.0.1,1,0,0,143.0,144.0
2026-08-19T02:14:56+00:00,92.0,20.7,0.0,0.0,0.0,0.0,601,166496,0.0,0.0,0.0,0.0,0.0,0.0,0.0,0.0,0.0,154.0.1,1,0,0,129.0,0.0
2026-08-19T02:19:56+00:00,41.0,20.7,0.0,0.0,0.0,0.0,601,166796,0.0,0.0,0.0,0.0,0.0,0.0,0.0,0.0,0.0,154.0.1,1,0,0,0.0,68.0
2026-08-19T02:24:56+00:00,0.0,20.7,0.0,0.0,0.0,0.0,601,167096,0.0,0.0,0.0,0.0,0.0,0.0,0.0,0.0,0.0,154.0.1,1,0,0,0.0,0.0
2026-08-19T02:29:56+00:00,50.0,20.6,0.0,0.0,0.0,0.0,601,167396,0.0,0.0,0.0,0.0,0.0,0.0,0.0,0.0,0.0,154.0.1,1,0,0,41.0,143.0
2026-08-19T02:34:56+00:00,20.5,20.6,0.0,0.0,0.0,0.0,601,167696,0.0,0.0,0.0,0.0,0.0,0.0,0.0,0.0,0.0,154.0.1,1,0,0,0.0,129.0
2026-08-19T02:39:56+00:00,0.0,20.6,0.0,0.0,0.0,0.0,601,167996,0.0,0.0,0.0,0.0,0.0,0.0,0.0,0.0,0.0,154.0.1,1,0,0,0.0,0.0
2026-08-19T02:44:56+00:00,0.0,20.4,0.0,0.0,0.0,0.0,601,168296,0.0,0.0,0.0,0.0,0.0,0.0,0.0,0.0,0.0,154.0.1,1,0,0,0.0,0.0
2026-08-19T02:49:56+00:00,172.0,20.4,0.0,0.0,0.0,0.0,601,168596,0.0,0.0,0.0,0.0,0.0,0.0,0.0,0.0,0.0,154.0.1,1,0,0,0.0,232.0
2026-08-19T02:54:56+00:00,0.0,20.4,0.0,0.0,0.0,0.0,601,168896,0.0,0.0,0.0,0.0,0.0,0.0,0.0,0.0,0.0,154.0.1,1,0,0,-180.0,0.0
2026-08-19T02:59:56+00:00,0.0,20.2,0.0,0.0,0.0,0.0,601,169196,0.0,0.0,0.0,0.0,0.0,0.0,0.0,0.0,0.0,154.0.1,1,0,0,219.0,0.0
2026-08-19T03:04:56+00:00,24.5,20.2,0.0,0.0,0.0,0.0,601,169496,0.0,0.0,0.0,0.0,0.0,0.0,0.0,0.0,0.0,154.0.1,1,0,0,228.0,0.0
2026-08-19T03:09:56+00:00,0.0,20.2,0.0,0.0,0.0,0.0,601,169796,0.0,0.0,0.0,0.0,0.0,0.0,0.0,0.0,0.0,154.0.1,1,0,0,135.0,-180.0
2026-08-19T03:14:56+00:00,0.0,20.1,0.0,0.0,0.0,0.0,601,170096,0.0,0.0,0.0,0.0,0.0,0.0,0.0,0.0,0.0,154.0.1,1,0,0,71.0,0.0
2026-08-19T03:19:56+00:00,0.0,20.1,0.0,0.0,0.0,0.0,601,170396,0.0,0.0,0.0,0.0,0.0,0.0,0.0,0.0,0.0,154.0.1,1,0,0,234.0,172.0
2026-08-19T03:24:56+00:00,0.0,20.1,0.0,0.0,0.0,0.0,601,170696,0.0,0.0,0.0,0.0,0.0,0.0,0.0,0.0,0.0,154.0.1,1,0,0,107.0,0.0
2026-08-19T03:29:56+00:00,10.5,19.8,0.0,0.0,0.0,0.0,601,170996,0.0,0.0,0.0,0.0,0.0,0.0,0.0,0.0,0.0,154.0.1,1,0,0,0.0,-227.0
2026-08-19T03:34:56+00:00,0.0,19.8,0.0,0.0,0.0,0.0,601,171296,0.0,0.0,0.0,0.0,0.0,0.0,0.0,0.0,0.0,154.0.1,1,0,0,230.0,150.0
2026-08-19T03:39:56+00:00,0.0,19.8,0.0,0.0,0.0,0.0,601,171596,0.0,0.0,0.0,0.0,0.0,0.0,0.0,0.0,0.0,154.0.1,1,0,0,230.0,234.0
2026-08-19T03:44:56+00:00,78.5,19.8,0.0,0.0,0.0,0.0,601,171896,0.0,0.0,0.0,0.0,0.0,0.0,0.0,0.0,0.0,154.0.1,1,0,0,0.0,107.0
2026-08-19T03:49:56+00:00,187.0,19.8,0.0,0.0,0.0,0.0,601,172196,0.0,0.0,0.0,0.0,0.0,0.0,0.0,0.0,0.0,154.0.1,1,0,0,314.0,157.0
2026-08-19T03:54:56+00:00,156.0,19.8,0.0,0.0,0.0,0.0,601,172496,0.0,0.0,0.0,0.0,0.0,0.0,0.0,0.0,0.0,154.0.1,1,0,0,157.0,-184.0
2026-08-19T03:59:56+00:00,178.5,19.7,0.0,0.0,0.0,0.0,601,172796,0.0,0.0,0.0,0.0,0.0,0.0,0.0,0.0,0.0,154.0.1,1,0,0,334.0,230.0
2026-08-19T04:04:56+00:00,165.0,19.7,0.0,0.0,0.0,0.0,601,173096,0.0,0.0,0.0,0.0,0.0,0.0,0.0,0.0,0.0,154.0.1,2,0,0,357.0,0.0
2026-08-19T04:09:56+00:00,187.0,19.7,0.0,0.0,0.0,0.0,601,173396,0.0,0.0,0.0,0.0,0.0,0.0,0.0,0.0,0.0,154.0.1,2,0,0,205.0,-290.0
2026-08-19T04:14:56+00:00,229.0,19.5,0.0,0.0,0.0,0.0,601,173696,0.0,0.0,0.0,0.0,0.0,0.0,0.0,0.0,0.0,154.0.1,2,0,0,0.0,0.0
2026-08-19T04:19:56+00:00,238.5,19.5,0.0,0.0,0.0,0.0,601,173996,0.0,0.0,0.0,0.0,0.0,0.0,0.0,0.0,0.0,154.0.1,2,0,0,187.0,160.0
2026-08-19T04:24:55+00:00,200.5,19.5,0.0,0.0,0.0,0.0,601,174295,0.0,0.0,0.0,0.0,0.0,0.0,0.0,0.0,0.0,154.0.1,2,0,0,,
2026-08-19T04:29:56+00:00,243.0,19.5,0.0,0.0,0.0,0.0,601,174596,0.0,0.0,0.0,0.0,0.0,0.0,0.0,0.0,0.0,154.0.1,2,0,0,235.0,205.0
2026-08-19T04:34:56+00:00,217.0,19.5,0.0,0.0,0.0,0.0,601,174896,0.0,0.0,0.0,0.0,0.0,0.0,0.0,0.0,0.0,154.0.1,2,0,0,120.0,0.0
2026-08-19T04:39:55+00:00,168.5,19.5,0.0,0.0,0.0,0.0,601,175195,0.0,0.0,0.0,0.0,0.0,0.0,0.0,0.0,0.0,154.0.1,2,0,0,,
2026-08-19T04:44:55+00:00,224.5,19.5,0.0,0.0,0.0,0.0,601,175495,0.0,0.0,0.0,0.0,0.0,0.0,0.0,0.0,0.0,154.0.1,2,0,0,,
2026-08-19T04:49:55+00:00,209.0,19.5,0.0,0.0,0.0,0.0,601,175795,0.0,0.0,0.0,0.0,0.0,0.0,0.0,0.0,0.0,154.0.1,2,0,0,141.0,
2026-08-19T04:54:55+00:00,180.5,19.5,0.0,0.0,0.0,0.0,601,176095,0.0,0.0,0.0,0.0,0.0,0.0,0.0,0.0,0.0,154.0.1,2,0,0,146.0,120.0
2026-08-19T04:59:55+00:00,151.0,19.6,0.0,0.0,0.0,0.0,601,176395,0.0,0.0,0.0,0.0,0.0,0.0,0.0,0.0,0.0,154.0.1,2,0,0,238.0,
2026-08-19T05:04:55+00:00,192.0,19.6,0.0,0.0,0.0,0.0,601,176695,0.0,0.0,0.0,0.0,0.0,0.0,0.0,0.0,0.0,154.0.1,2,0,0,300.0,
2026-08-19T05:09:55+00:00,105.5,19.6,0.0,0.0,0.0,0.0,601,176995,0.0,0.0,0.0,0.0,0.0,0.0,0.0,0.0,0.0,154.0.1,2,0,0,276.0,-187.0
2026-08-19T05:14:56+00:00,242.0,19.6,0.0,0.0,0.0,0.0,601,177296,0.0,0.0,0.0,0.0,0.0,0.0,0.0,0.0,0.0,154.0.1,2,0,0,281.0,273.0
2026-08-19T05:19:55+00:00,253.0,19.6,0.0,0.0,0.0,0.0,601,177595,0.0,0.0,0.0,0.0,0.0,0.0,0.0,0.0,0.0,154.0.1,2,0,0,237.0,238.0
2026-08-19T05:24:55+00:00,238.0,19.6,0.0,0.0,0.0,0.0,601,177895,0.0,0.0,0.0,0.0,0.0,0.0,0.0,0.0,0.0,154.0.1,2,0,0,,300.0
2026-08-19T05:29:55+00:00,181.0,19.8,0.0,0.0,0.0,0.0,601,178195,0.0,0.0,0.0,0.0,0.0,0.0,0.0,0.0,0.0,154.0.1,2,0,0,253.0,276.0
2026-08-19T07:29:56+00:00,0.0,19.0,0.0,0.0,0.0,0.0,601,185396,0.0,0.0,0.0,0.0,0.0,0.0,0.0,0.0,0.0,154.0.1,2,0,0,,
2026-08-19T07:34:55+00:00,0.0,19.0,0.0,0.0,0.0,0.0,601,185695,0.0,0.0,0.0,0.0,0.0,0.0,0.0,0.0,0.0,154.0.1,2,0,0,,
2026-08-19T07:39:55+00:00,0.0,19.0,0.0,0.0,0.0,0.0,601,185995,0.0,0.0,0.0,0.0,0.0,0.0,0.0,0.0,0.0,154.0.1,2,0,0,,
2026-08-19T07:44:55+00:00,0.0,18.9,0.0,0.0,0.0,0.0,601,186295,0.0,0.0,0.0,0.0,0.0,0.0,0.0,0.0,0.0,154.0.1,2,0,0,0.0,
2026-08-19T07:49:56+00:00,0.0,18.9,0.0,0.0,0.0,0.0,601,186596,0.0,0.0,0.0,0.0,0.0,0.0,0.0,0.0,0.0,154.0.1,2,0,0,0.0,
2026-08-19T07:54:55+00:00,0.0,18.9,0.0,0.0,0.0,0.0,601,186895,0.0,0.0,0.0,0.0,0.0,0.0,0.0,0.0,0.0,154.0.1,2,0,0,0.0,
2026-08-19T07:59:55+00:00,0.0,18.9,0.0,0.0,0.0,0.0,601,187195,0.0,0.0,0.0,0.0,0.0,0.0,0.0,0.0,0.0,154.0.1,2,0,0,,
2026-08-19T08:04:55+00:00,0.0,18.9,0.0,0.0,0.0,0.0,601,187495,0.0,0.0,0.0,0.0,0.0,0.0,0.0,0.0,0.0,154.0.1,2,0,0,0.0,0.0
2026-08-19T08:09:55+00:00,0.0,18.9,0.0,0.0,0.0,0.0,601,187795,0.0,0.0,0.0,0.0,0.0,0.0,0.0,0.0,0.0,154.0.1,2,0,0,0.0,0.0
2026-08-19T08:14:56+00:00,0.0,18.9,0.0,0.0,0.0,0.0,601,188096,0.0,0.0,0.0,0.0,0.0,0.0,0.0,0.0,0.0,154.0.1,2,0,0,-13.0,0.0
2026-08-19T08:19:56+00:00,0.0,18.9,0.0,0.0,0.0,0.0,601,188396,0.0,0.0,0.0,0.0,0.0,0.0,0.0,0.0,0.0,154.0.1,2,0,0,112.0,0.0
2026-08-19T08:24:56+00:00,-16.5,18.9,0.0,0.0,0.0,0.0,601,188696,0.0,0.0,0.0,0.0,0.0,0.0,0.0,0.0,0.0,154.0.1,2,0,0,59.0,0.0
2026-08-19T08:29:56+00:00,-43.5,18.4,0.0,0.0,0.0,0.0,601,188996,0.0,0.0,0.0,0.0,0.0,0.0,0.0,0.0,0.0,154.0.1,2,0,0,-116.0,0.0
2026-08-19T08:34:56+00:00,-59.0,18.4,0.0,0.0,0.0,0.0,601,189296,0.0,0.0,0.0,0.0,0.0,0.0,0.0,0.0,0.0,154.0.1,2,0,0,-147.0,-13.0
2026-08-19T08:39:56+00:00,-65.0,18.4,0.0,0.0,0.0,0.0,601,189596,0.0,0.0,0.0,0.0,0.0,0.0,0.0,0.0,0.0,154.0.1,2,0,0,-158.0,-98.0
2026-08-19T08:44:56+00:00,-6.0,18.5,0.0,0.0,0.0,0.0,601,189896,0.0,0.0,0.0,0.0,0.0,0.0,0.0,0.0,0.0,154.0.1,2,0,0,-395.0,-113.0
2026-08-19T08:49:56+00:00,-18.0,18.5,0.0,0.0,0.0,0.0,601,190196,0.0,0.0,0.0,0.0,0.0,0.0,0.0,0.0,0.0,154.0.1,2,0,0,11.0,0.0
2026-08-19T08:54:56+00:00,-27.0,18.5,0.0,0.0,0.0,0.0,601,190496,0.0,0.0,0.0,0.0,0.0,0.0,0.0,0.0,0.0,154.0.1,2,0,0,0.0,-147.0
2026-08-19T08:59:56+00:00,0.0,18.5,0.0,0.0,0.0,0.0,601,190796,0.0,0.0,0.0,0.0,0.0,0.0,0.0,0.0,0.0,154.0.1,2,0,0,-18.0,-158.0
2026-08-19T09:04:56+00:00,-27.0,18.5,0.0,0.0,0.0,0.0,601,191096,0.0,0.0,0.0,0.0,0.0,0.0,0.0,0.0,0.0,154.0.1,2,0,0,0.0,-395.0
2026-08-19T09:09:56+00:00,-12.0,18.5,0.0,0.0,0.0,0.0,601,191396,0.0,0.0,0.0,0.0,0.0,0.0,0.0,0.0,0.0,154.0.1,2,0,0,0.0,-395.0
2026-08-19T09:14:56+00:00,-18.0,17.8,0.0,0.0,0.0,0.0,601,191696,0.0,0.0,0.0,0.0,0.0,0.0,0.0,0.0,0.0,154.0.1,2,0,0,-36.0,7.0
2026-08-19T09:19:56+00:00,-1.5,17.8,0.0,0.0,0.0,0.0,601,191996,0.0,0.0,0.0,0.0,0.0,0.0,0.0,0.0,0.0,154.0.1,2,0,0,19.0,-203.0
2026-08-19T09:24:56+00:00,0.0,17.8,0.0,0.0,0.0,0.0,601,192296,0.0,0.0,0.0,0.0,0.0,0.0,0.0,0.0,0.0,154.0.1,2,0,0,-85.0,0.0
2026-08-19T09:29:56+00:00,0.0,17.6,0.0,0.0,0.0,0.0,601,192596,0.0,0.0,0.0,0.0,0.0,0.0,0.0,0.0,0.0,154.0.1,2,0,0,18.0,-99.0
2026-08-19T09:34:56+00:00,-3.0,17.6,0.0,0.0,0.0,0.0,601,192896,0.0,0.0,0.0,0.0,0.0,0.0,0.0,0.0,0.0,154.0.1,2,0,0,-52.0,-87.0
2026-08-19T09:39:56+00:00,0.0,17.6,0.0,0.0,0.0,0.0,601,193196,0.0,0.0,0.0,0.0,0.0,0.0,0.0,0.0,0.0,154.0.1,2,0,0,-19.0,19.0
2026-08-19T09:44:57+00:00,0.0,17.6,0.1,0.1,0.0,0.0,601,193497,0.1,0.1,0.1,0.0,0.0,0.0,0.1,0.1,0.1,154.0.1,2,0,0,-63.0,-8.0
2026-08-19T09:49:56+00:00,0.0,17.6,0.1,0.1,0.0,0.0,601,193796,0.2,0.2,0.2,0.0,0.0,0.0,0.2,0.2,0.2,154.0.1,2,0,0,-73.0,18.0
2026-08-19T09:54:56+00:00,0.0,17.6,0.1,0.1,0.0,0.0,601,194096,0.3,0.3,0.3,0.0,0.0,0.0,0.3,0.3,0.3,154.0.1,2,0,0,,-52.0
2026-08-19T09:59:56+00:00,0.0,17.4,0.1,0.1,0.0,0.0,601,194396,0.4,0.4,0.4,0.0,0.0,0.0,0.4,0.4,0.4,154.0.1,2,0,0,0.0,-19.0
2026-08-19T10:04:56+00:00,0.0,17.4,0.1,0.1,0.0,0.0,601,194696,0.4,0.5,0.5,0.0,0.0,0.0,0.4,0.5,0.5,154.0.1,2,0,0,-83.0,-63.0
2026-08-19T10:09:56+00:00,0.0,17.4,0.1,0.1,0.0,0.0,601,194996,0.4,0.6,0.6,0.0,0.0,0.0,0.4,0.6,0.6,154.0.1,2,0,0,0.0,0.0
2026-08-19T10:14:56+00:00,0.0,17.2,0.0,0.0,0.0,0.0,601,195296,0.3,0.6,0.6,0.0,0.0,0.0,0.3,0.6,0.6,154.0.1,2,0,0,0.0,
2026-08-19T10:19:56+00:00,0.0,17.2,0.0,0.0,0.0,0.0,601,195596,0.2,0.6,0.6,0.0,0.0,0.0,0.2,0.6,0.6,154.0.1,2,0,0,0.0,0.0
2026-08-19T10:24:56+00:00,0.0,17.2,0.0,0.0,0.0,0.0,601,195896,0.1,0.6,0.6,0.0,0.0,0.0,0.1,0.6,0.6,154.0.1,2,0,0,-56.0,0.0
2026-08-19T10:29:57+00:00,0.0,17.5,0.0,0.0,0.0,0.0,601,196197,0.0,0.6,0.6,0.0,0.0,0.0,0.0,0.6,0.6,154.0.1,2,0,0,0.0,0.0
2026-08-19T10:34:57+00:00,0.0,17.5,0.0,0.0,0.0,0.0,601,196497,0.0,0.6,0.6,0.0,0.0,0.0,0.0,0.6,0.6,154.0.1,2,0,0,23.0,-120.0
2026-08-19T10:39:57+00:00,2.0,17.5,0.0,0.0,0.0,0.0,601,196797,0.0,0.6,0.6,0.0,0.0,0.0,0.0,0.6,0.6,154.0.1,2,0,0,95.0,187.0
2026-08-19T10:44:57+00:00,21.0,17.5,0.0,0.0,0.0,0.0,601,197097,0.0,0.5,0.6,0.0,0.0,0.0,0.0,0.5,0.6,154.0.1,2,0,0,29.0,-445.0
2026-08-19T10:49:57+00:00,2.0,17.5,0.0,0.0,0.0,0.0,601,197397,0.0,0.4,0.6,0.0,0.0,0.0,0.0,0.4,0.6,154.0.1,2,0,0,0.0,0.0
2026-08-19T10:54:57+00:00,10.0,17.5,0.0,0.0,0.0,0.0,601,197697,0.0,0.3,0.6,0.0,0.0,0.0,0.0,0.3,0.6,154.0.1,2,0,0,119.0,-8.0
2026-08-19T10:59:57+00:00,3.0,17.5,0.0,0.0,0.0,0.0,601,197997,0.0,0.2,0.6,0.0,0.0,0.0,0.0,0.2,0.6,154.0.1,2,0,0,103.0,-56.0
2026-08-19T11:04:57+00:00,0.0,17.5,0.0,0.0,0.0,0.0,601,198297,0.0,0.1,0.6,0.0,0.0,0.0,0.0,0.1,0.6,154.0.1,2,0,0,69.0,29.0
2026-08-19T11:09:57+00:00,16.5,17.5,0.0,0.0,0.0,0.0,601,198597,0.0,0.0,0.6,0.0,0.0,0.0,0.0,0.0,0.6,154.0.1,2,0,0,71.0,53.0
2026-08-19T11:14:57+00:00,0.0,17.4,0.0,0.0,0.0,0.0,601,198897,0.0,0.0,0.6,0.0,0.0,0.0,0.0,0.0,0.6,154.0.1,2,0,0,0.0,119.0
2026-08-19T11:19:57+00:00,0.0,17.4,0.0,0.0,0.0,0.0,601,199197,0.0,0.0,0.6,0.0,0.0,0.0,0.0,0.0,0.6,154.0.1,2,0,0,151.0,103.0
2026-08-19T11:24:57+00:00,0.0,17.4,0.0,0.0,0.0,0.0,601,199497,0.0,0.0,0.6,0.0,0.0,0.0,0.0,0.0,0.6,154.0.1,2,0,0,0.0,139.0
2026-08-19T11:29:57+00:00,0.0,17.2,0.0,0.0,0.0,0.0,601,199797,0.0,0.0,0.6,0.0,0.0,0.0,0.0,0.0,0.6,154.0.1,2,0,0,310.0,116.0
2026-08-19T11:34:57+00:00,0.0,17.2,0.0,0.0,0.0,0.0,601,200097,0.0,0.0,0.6,0.0,0.0,0.0,0.0,0.0,0.6,154.0.1,2,0,0,-42.0,-35.0
2026-08-19T11:39:57+00:00,0.0,17.2,0.0,0.0,0.0,0.0,601,200397,0.0,0.0,0.6,0.0,0.0,0.0,0.0,0.0,0.6,154.0.1,2,0,0,557.0,291.0
2026-08-19T11:44:57+00:00,0.0,17.5,0.0,0.0,0.0,0.0,601,200697,0.0,0.0,0.6,0.0,0.0,0.0,0.0,0.0,0.6,154.0.1,2,0,0,-24.0,0.0
2026-08-19T11:49:57+00:00,0.0,17.5,0.0,0.0,0.0,0.0,601,200997,0.0,0.0,0.6,0.0,0.0,0.0,0.0,0.0,0.6,154.0.1,2,0,0,0.0,0.0
2026-08-19T11:54:56+00:00,0.0,17.5,0.0,0.0,0.0,0.0,601,201296,0.0,0.0,0.6,0.0,0.0,0.0,0.0,0.0,0.6,154.0.1,2,0,0,,
2026-08-19T11:59:57+00:00,0.0,17.9,0.0,0.0,0.0,0.0,601,201597,0.0,0.0,0.6,0.0,0.0,0.0,0.0,0.0,0.6,154.0.1,2,0,0,0.0,191.0
2026-08-19T12:04:57+00:00,0.0,17.9,0.0,0.0,0.0,0.0,601,201897,0.0,0.0,0.5,0.0,0.0,0.0,0.0,0.0,0.5,154.0.1,2,0,0,181.0,0.0
2026-08-19T12:09:57+00:00,-6.0,17.9,0.0,0.0,0.0,0.0,601,202197,0.0,0.0,0.4,0.0,0.0,0.0,0.0,0.0,0.4,154.0.1,2,0,0,0.0,-35.0
2026-08-19T12:14:56+00:00,-36.0,18.2,0.0,0.0,0.0,0.0,601,202496,0.0,0.0,0.3,0.0,0.0,0.0,0.0,0.0,0.3,154.0.1,2,0,0,,
2026-08-19T12:19:57+00:00,0.0,18.2,0.0,0.0,0.0,0.0,601,202797,0.0,0.0,0.2,0.0,0.0,0.0,0.0,0.0,0.2,154.0.1,2,0,0,0.0,0.0
2026-08-19T12:24:57+00:00,-25.5,18.2,0.0,0.0,0.0,0.0,601,203097,0.0,0.0,0.1,0.0,0.0,0.0,0.0,0.0,0.1,154.0.1,2,0,0,-115.0,18.0
2026-08-19T12:29:57+00:00,0.0,18.5,0.0,0.0,0.0,0.0,601,203397,0.0,0.0,0.0,0.0,0.0,0.0,0.0,0.0,0.0,154.0.1,2,0,0,-37.0,0.0
2026-08-19T12:34:57+00:00,0.0,18.4,0.0,0.0,0.0,0.0,601,203697,0.0,0.0,0.0,0.0,0.0,0.0,0.0,0.0,0.0,154.0.1,2,0,0,-140.0,-43.0
2026-08-19T12:39:57+00:00,-22.5,18.4,0.0,0.0,0.0,0.0,601,203997,0.0,0.0,0.0,0.0,0.0,0.0,0.0,0.0,0.0,154.0.1,2,0,0,-143.0,-102.0
2026-08-19T12:44:57+00:00,-47.5,18.9,0.0,0.0,0.0,0.0,601,204297,0.0,0.0,0.0,0.0,0.0,0.0,0.0,0.0,0.0,154.0.1,2,0,0,-195.0,-116.0
2026-08-19T12:49:56+00:00,-24.0,18.9,0.0,0.0,0.0,0.0,601,204596,0.0,0.0,0.0,0.0,0.0,0.0,0.0,0.0,0.0,154.0.1,2,0,0,,
2026-08-19T12:54:57+00:00,0.0,18.9,0.0,0.0,0.0,0.0,601,204897,0.0,0.0,0.0,0.0,0.0,0.0,0.0,0.0,0.0,154.0.1,2,0,0,8.0,-235.0
2026-08-19T12:59:56+00:00,-20.0,18.9,0.0,0.0,0.0,0.0,601,205196,0.0,0.0,0.0,0.0,0.0,0.0,0.0,0.0,0.0,154.0.1,2,0,0,-118.0,
2026-08-19T13:04:57+00:00,-7.5,18.9,0.0,0.0,0.0,0.0,601,205497,0.0,0.0,0.0,0.0,0.0,0.0,0.0,0.0,0.0,154.0.1,2,0,0,-150.0,-179.0
2026-08-19T13:09:56+00:00,0.0,18.9,0.0,0.0,0.0,0.0,601,205796,0.0,0.0,0.0,0.0,0.0,0.0,0.0,0.0,0.0,154.0.1,2,0,0,41.0,
2026-08-19T13:14:56+00:00,-50.0,19.5,0.0,0.0,0.0,0.0,601,206096,0.0,0.0,0.0,0.0,0.0,0.0,0.0,0.0,0.0,154.0.1,2,0,0,,
2026-08-19T13:19:56+00:00,-24.5,18.8,0.0,0.0,0.0,0.0,601,206396,0.0,0.0,0.0,0.0,0.0,0.0,0.0,0.0,0.0,154.0.1,2,0,0,0.0,-16.0
2026-08-19T13:24:56+00:00,0.0,18.8,0.0,0.0,0.0,0.0,601,206696,0.0,0.0,0.0,0.0,0.0,0.0,0.0,0.0,0.0,154.0.1,2,0,0,0.0,
2026-08-19T13:29:56+00:00,2.0,19.3,0.0,0.0,0.0,0.0,601,206996,0.0,0.0,0.0,0.0,0.0,0.0,0.0,0.0,0.0,154.0.1,2,0,0,-27.0,-20.0
2026-08-19T13:34:57+00:00,8.0,19.3,0.0,0.0,0.0,0.0,601,207297,0.0,0.0,0.0,0.0,0.0,0.0,0.0,0.0,0.0,154.0.1,2,0,0,56.0,14.0
2026-08-19T13:39:56+00:00,0.0,19.3,0.0,0.0,0.0,0.0,601,207596,0.0,0.0,0.0,0.0,0.0,0.0,0.0,0.0,0.0,154.0.1,2,0,0,-50.0,-81.0
2026-08-19T13:44:56+00:00,0.0,19.7,0.0,0.0,0.0,0.0,601,207896,0.0,0.0,0.0,0.0,0.0,0.0,0.0,0.0,0.0,154.0.1,2,0,0,,-9.0
2026-08-19T13:49:56+00:00,0.0,19.7,0.0,0.0,0.0,0.0,601,208196,0.0,0.0,0.0,0.0,0.0,0.0,0.0,0.0,0.0,154.0.1,2,0,0,-51.0,-27.0
2026-08-19T13:54:56+00:00,9.0,19.7,0.0,0.0,0.0,0.0,601,208496,0.0,0.0,0.0,0.0,0.0,0.0,0.0,0.0,0.0,154.0.1,2,0,0,1.0,0.0
2026-08-19T13:59:57+00:00,46.0,20.2,0.0,0.0,0.0,0.0,601,208797,0.0,0.0,0.0,0.0,0.0,0.0,0.0,0.0,0.0,154.0.1,2,0,0,-38.0,71.0
2026-08-19T14:04:56+00:00,62.0,20.2,0.0,0.0,0.0,0.0,601,209096,0.0,0.0,0.0,0.0,0.0,0.0,0.0,0.0,0.0,154.0.1,2,0,0,117.0,
2026-08-19T14:09:56+00:00,74.5,20.2,0.0,0.0,0.0,0.0,601,209396,0.0,0.0,0.0,0.0,0.0,0.0,0.0,0.0,0.0,154.0.1,2,0,0,,-449.0
2026-08-19T14:14:56+00:00,9.5,20.6,0.0,0.0,0.0,0.0,601,209696,0.0,0.0,0.0,0.0,0.0,0.0,0.0,0.0,0.0,154.0.1,2,0,0,503.0,270.0
2026-08-19T14:19:56+00:00,79.0,20.6,0.0,0.0,0.0,0.0,601,209996,0.0,0.0,0.0,0.0,0.0,0.0,0.0,0.0,0.0,154.0.1,2,0,0,281.0,49.0
2026-08-19T14:24:57+00:00,118.0,20.6,0.0,0.0,0.0,0.0,601,210297,0.0,0.0,0.0,0.0,0.0,0.0,0.0,0.0,0.0,154.0.1,2,0,0,0.0,253.0
2026-08-19T14:29:56+00:00,0.0,20.1,0.0,0.0,0.0,0.0,601,210596,0.0,0.0,0.0,0.0,0.0,0.0,0.0,0.0,0.0,154.0.1,2,0,0,0.0,
2026-08-19T14:34:56+00:00,40.5,20.1,0.0,0.0,0.0,0.0,601,210896,0.0,0.0,0.0,0.0,0.0,0.0,0.0,0.0,0.0,154.0.1,2,0,0,,320.0
2026-08-19T14:39:56+00:00,71.5,20.1,0.0,0.0,0.0,0.0,601,211196,0.0,0.0,0.0,0.0,0.0,0.0,0.0,0.0,0.0,154.0.1,2,0,0,0.0,0.0
2026-08-19T14:44:56+00:00,0.0,20.6,0.0,0.0,0.0,0.0,601,211496,0.0,0.0,0.0,0.0,0.0,0.0,0.0,0.0,0.0,154.0.1,2,0,0,146.0,0.0
2026-08-19T14:49:56+00:00,0.0,20.6,0.0,0.0,0.0,0.0,601,211796,0.0,0.0,0.0,0.0,0.0,0.0,0.0,0.0,0.0,154.0.1,2,0,0,0.0,0.0
2026-08-19T14:54:56+00:00,0.0,20.6,0.0,0.0,0.0,0.0,601,212096,0.0,0.0,0.0,0.0,0.0,0.0,0.0,0.0,0.0,154.0.1,2,0,0,186.0,
2026-08-19T14:59:56+00:00,0.0,20.6,0.0,0.0,0.0,0.0,601,212396,0.0,0.0,0.0,0.0,0.0,0.0,0.0,0.0,0.0,154.0.1,2,0,0,0.0,0.0
2026-08-19T15:04:56+00:00,10.5,20.6,0.0,0.0,0.0,0.0,601,212696,0.0,0.0,0.0,0.0,0.0,0.0,0.0,0.0,0.0,154.0.1,2,0,0,168.0,0.0
2026-08-19T15:09:56+00:00,0.0,20.6,0.0,0.0,0.0,0.0,601,212996,0.0,0.0,0.0,0.0,0.0,0.0,0.0,0.0,0.0,154.0.1,2,0,0,-23.0,-27.0
2026-08-19T15:14:56+00:00,0.0,21.3,0.0,0.0,0.0,0.0,601,213296,0.0,0.0,0.0,0.0,0.0,0.0,0.0,0.0,0.0,154.0.1,2,0,0,59.0,0.0
2026-08-19T15:19:57+00:00,-6.0,21.3,0.0,0.0,0.0,0.0,601,213597,0.0,0.0,0.0,0.0,0.0,0.0,0.0,0.0,0.0,154.0.1,2,0,0,-40.0,0.0
2026-08-19T15:24:56+00:00,0.0,21.3,0.0,0.0,0.0,0.0,601,213896,0.0,0.0,0.0,0.0,0.0,0.0,0.0,0.0,0.0,154.0.1,2,0,0,-167.0,-74.0
2026-08-19T15:29:56+00:00,-22.0,22.0,0.0,0.0,0.0,0.0,601,214196,0.0,0.0,0.0,0.0,0.0,0.0,0.0,0.0,0.0,154.0.1,2,0,0,,0.0
2026-08-19T15:34:56+00:00,19.5,22.0,0.0,0.0,0.0,0.0,601,214496,0.0,0.0,0.0,0.0,0.0,0.0,0.0,0.0,0.0,154.0.1,2,0,0,-115.0,58.0
2026-08-19T15:39:56+00:00,1.0,22.0,0.0,0.0,0.0,0.0,601,214796,0.0,0.0,0.0,0.0,0.0,0.0,0.0,0.0,0.0,154.0.1,2,0,0,-70.0,125.0
2026-08-19T15:44:57+00:00,92.0,22.3,0.0,0.0,0.0,0.0,601,215097,0.0,0.0,0.0,0.0,0.0,0.0,0.0,0.0,0.0,154.0.1,2,0,0,295.0,264.0
2026-08-19T15:49:57+00:00,57.0,22.3,0.0,0.0,0.0,0.0,601,215397,0.0,0.0,0.0,0.0,0.0,0.0,0.0,0.0,0.0,154.0.1,2,0,0,287.0,154.0
2026-08-19T15:54:56+00:00,76.0,22.3,0.0,0.0,0.0,0.0,601,215696,0.0,0.0,0.0,0.0,0.0,0.0,0.0,0.0,0.0,154.0.1,2,0,0,,172.0
2026-08-19T15:59:56+00:00,54.0,22.6,0.0,0.0,0.0,0.0,601,215996,0.0,0.0,0.0,0.0,0.0,0.0,0.0,0.0,0.0,154.0.1,2,0,0,,183.0
2026-08-19T16:04:56+00:00,0.0,22.6,0.0,0.0,0.0,0.0,601,216296,0.0,0.0,0.0,0.0,0.0,0.0,0.0,0.0,0.0,154.0.1,2,0,0,183.0,0.0
2026-08-19T16:09:56+00:00,0.0,22.6,0.0,0.0,0.0,0.0,601,216596,0.0,0.0,0.0,0.0,0.0,0.0,0.0,0.0,0.0,154.0.1,2,0,0,240.0,287.0
2026-08-19T16:14:56+00:00,0.0,22.8,0.0,0.0,0.0,0.0,601,216896,0.0,0.0,0.0,0.0,0.0,0.0,0.0,0.0,0.0,154.0.1,2,0,0,0.0,
2026-08-19T16:19:56+00:00,0.0,22.8,0.0,0.0,0.0,0.0,601,217196,0.0,0.0,0.0,0.0,0.0,0.0,0.0,0.0,0.0,154.0.1,2,0,0,0.0,
2026-08-19T16:24:56+00:00,15.0,22.8,0.0,0.0,0.0,0.0,601,217496,0.0,0.0,0.0,0.0,0.0,0.0,0.0,0.0,0.0,154.0.1,2,0,0,553.0,538.0
2026-08-19T16:29:56+00:00,0.0,23.0,0.0,0.0,0.0,0.0,601,217796,0.0,0.0,0.0,0.0,0.0,0.0,0.0,0.0,0.0,154.0.1,2,0,0,260.0,232.0
2026-08-19T16:34:56+00:00,0.0,23.2,0.0,0.0,0.0,0.0,601,218096,0.0,0.0,0.0,0.0,0.0,0.0,0.0,0.0,0.0,154.0.1,2,0,0,0.0,259.0
2026-08-19T16:39:56+00:00,0.5,23.2,0.0,0.0,0.0,0.0,601,218396,0.0,0.0,0.0,0.0,0.0,0.0,0.0,0.0,0.0,154.0.1,2,0,0,599.0,0.0
2026-08-19T16:44:56+00:00,0.0,23.0,0.0,0.0,0.0,0.0,601,218696,0.0,0.0,0.0,0.0,0.0,0.0,0.0,0.0,0.0,154.0.1,2,0,0,531.0,499.0
2026-08-19T16:49:57+00:00,13.0,23.0,0.0,0.0,0.0,0.0,601,218997,0.0,0.0,0.0,0.0,0.0,0.0,0.0,0.0,0.0,154.0.1,2,0,0,415.0,589.0
2026-08-19T16:54:56+00:00,0.0,23.0,0.0,0.0,0.0,0.0,601,219296,0.0,0.0,0.0,0.0,0.0,0.0,0.0,0.0,0.0,154.0.1,2,0,0,275.0,0.0
2026-08-19T16:59:56+00:00,2.0,23.7,0.0,0.0,0.0,0.0,601,219596,0.0,0.0,0.0,0.0,0.0,0.0,0.0,0.0,0.0,154.0.1,2,0,0,,599.0
2026-08-19T17:04:56+00:00,16.0,23.7,0.0,0.0,0.0,0.0,601,219896,0.0,0.0,0.0,0.0,0.0,0.0,0.0,0.0,0.0,154.0.1,2,0,0,66.0,0.0
2026-08-19T17:09:56+00:00,74.0,23.7,0.0,0.0,0.0,0.0,601,220196,0.0,0.0,0.0,0.0,0.0,0.0,0.0,0.0,0.0,154.0.1,2,0,0,134.0,0.0
2026-08-19T17:14:56+00:00,15.0,24.1,0.0,0.0,0.0,0.0,601,220496,0.0,0.0,0.0,0.0,0.0,0.0,0.0,0.0,0.0,154.0.1,2,0,0,171.0,33.0
2026-08-19T17:19:56+00:00,58.0,24.1,0.0,0.0,0.0,0.0,601,220796,0.0,0.0,0.0,0.0,0.0,0.0,0.0,0.0,0.0,154.0.1,2,0,0,99.0,
2026-08-19T17:24:56+00:00,59.0,24.1,0.0,0.0,0.0,0.0,601,221096,0.0,0.0,0.0,0.0,0.0,0.0,0.0,0.0,0.0,154.0.1,2,0,0,261.0,-48.0
2026-08-19T17:29:56+00:00,5.5,24.4,0.0,0.0,0.0,0.0,601,221396,0.0,0.0,0.0,0.0,0.0,0.0,0.0,0.0,0.0,154.0.1,2,0,0,276.0,2.0
2026-08-19T17:34:56+00:00,93.0,24.4,0.0,0.0,0.0,0.0,601,221696,0.0,0.0,0.0,0.0,0.0,0.0,0.0,0.0,0.0,154.0.1,2,0,0,407.0,43.0
2026-08-19T17:39:57+00:00,0.0,24.4,0.0,0.0,0.0,0.0,601,221997,0.0,0.0,0.0,0.0,0.0,0.0,0.0,0.0,0.0,154.0.1,2,0,0,0.0,99.0
2026-08-19T17:44:56+00:00,0.0,24.4,0.0,0.0,0.0,0.0,601,222296,0.0,0.0,0.0,0.0,0.0,0.0,0.0,0.0,0.0,154.0.1,2,0,0,125.0,164.0
2026-08-19T17:49:56+00:00,22.0,24.4,0.0,0.0,0.0,0.0,601,222596,0.0,0.0,0.0,0.0,0.0,0.0,0.0,0.0,0.0,154.0.1,2,0,0,,273.0
2026-08-19T17:54:56+00:00,123.0,24.4,0.0,0.0,0.0,0.0,601,222896,0.0,0.0,0.0,0.0,0.0,0.0,0.0,0.0,0.0,154.0.1,2,0,0,0.0,227.0
2026-08-19T17:59:56+00:00,69.5,24.8,0.0,0.0,0.0,0.0,601,223196,0.0,0.0,0.0,0.0,0.0,0.0,0.0,0.0,0.0,154.0.1,2,0,0,0.0,0.0
2026-08-19T18:04:57+00:00,48.5,24.8,0.0,0.0,0.0,0.0,601,223497,0.0,0.0,0.0,0.0,0.0,0.0,0.0,0.0,0.0,154.0.1,2,0,0,126.0,125.0
2026-08-19T18:09:56+00:00,31.0,24.8,0.0,0.0,0.0,0.0,601,223796,0.0,0.0,0.0,0.0,0.0,0.0,0.0,0.0,0.0,154.0.1,2,0,0,309.0,
2026-08-19T18:14:57+00:00,0.0,24.9,0.0,0.0,0.0,0.0,601,224097,0.0,0.0,0.0,0.0,0.0,0.0,0.0,0.0,0.0,154.0.1,2,0,0,0.0,0.0
2026-08-19T18:19:56+00:00,0.0,24.9,0.0,0.0,0.0,0.0,601,224396,0.0,0.0,0.0,0.0,0.0,0.0,0.0,0.0,0.0,154.0.1,2,0,0,31.0,119.0
2026-08-19T18:24:57+00:00,0.0,24.9,0.0,0.0,0.0,0.0,601,224697,0.0,0.0,0.0,0.0,0.0,0.0,0.0,0.0,0.0,154.0.1,2,0,0,181.0,126.0
2026-08-19T18:29:58+00:00,0.0,25.2,0.0,0.0,0.0,0.0,601,224998,0.0,0.0,0.0,0.0,0.0,0.0,0.0,0.0,0.0,154.0.1,2,0,0,78.0,372.0
2026-08-19T18:34:57+00:00,0.0,25.2,0.0,0.0,0.0,0.0,601,225297,0.0,0.0,0.0,0.0,0.0,0.0,0.0,0.0,0.0,154.0.1,2,0,0,216.0,181.0
2026-08-19T18:39:57+00:00,0.0,25.2,0.0,0.0,0.0,0.0,601,225597,0.0,0.0,0.0,0.0,0.0,0.0,0.0,0.0,0.0,154.0.1,2,0,0,,-16.0
2026-08-19T18:44:57+00:00,0.0,25.0,0.0,0.0,0.0,0.0,601,225897,0.0,0.0,0.0,0.0,0.0,0.0,0.0,0.0,0.0,154.0.1,2,0,0,63.0,0.0
2026-08-19T18:49:57+00:00,0.0,25.0,0.0,0.0,0.0,0.0,601,226197,0.0,0.0,0.0,0.0,0.0,0.0,0.0,0.0,0.0,154.0.1,2,0,0,0.0,0.0
2026-08-19T18:54:57+00:00,0.0,25.0,0.0,0.0,0.0,0.0,601,226497,0.0,0.0,0.0,0.0,0.0,0.0,0.0,0.0,0.0,154.0.1,2,0,0,78.0,-48.0
2026-08-19T18:59:57+00:00,0.0,25.6,0.0,0.0,0.0,0.0,601,226797,0.0,0.0,0.0,0.0,0.0,0.0,0.0,0.0,0.0,154.0.1,2,0,0,41.0,
2026-08-19T19:04:57+00:00,0.0,25.6,0.0,0.0,0.0,0.0,601,227097,0.0,0.0,0.0,0.0,0.0,0.0,0.0,0.0,0.0,154.0.1,2,0,0,0.0,63.0
2026-08-19T19:09:57+00:00,0.0,25.6,0.0,0.0,0.0,0.0,601,227397,0.0,0.0,0.0,0.0,0.0,0.0,0.0,0.0,0.0,154.0.1,2,0,0,0.0,2.0
2026-08-19T19:14:57+00:00,13.0,25.4,0.0,0.0,0.0,0.0,601,227697,0.0,0.0,0.0,0.0,0.0,0.0,0.0,0.0,0.0,154.0.1,2,0,0,0.0,-30.0
2026-08-19T19:19:57+00:00,22.0,25.4,0.0,0.0,0.0,0.0,601,227997,0.0,0.0,0.0,0.0,0.0,0.0,0.0,0.0,0.0,154.0.1,2,0,0,0.0,10.0
2026-08-19T19:24:57+00:00,4.0,25.4,0.0,0.0,0.0,0.0,601,228297,0.0,0.0,0.0,0.0,0.0,0.0,0.0,0.0,0.0,154.0.1,2,0,0,-44.0,98.0
2026-08-19T19:29:58+00:00,0.0,25.6,0.0,0.0,0.0,0.0,601,228598,0.0,0.0,0.0,0.0,0.0,0.0,0.0,0.0,0.0,154.0.1,2,0,0,0.0,0.0
2026-08-19T19:34:57+00:00,0.0,25.6,0.0,0.0,0.0,0.0,601,228897,0.0,0.0,0.0,0.0,0.0,0.0,0.0,0.0,0.0,154.0.1,2,0,0,213.0,337.0
2026-08-19T19:39:56+00:00,0.0,25.6,0.0,0.0,0.0,0.0,601,229196,0.0,0.0,0.0,0.0,0.0,0.0,0.0,0.0,0.0,154.0.1,2,0,0,,
2026-08-19T19:44:56+00:00,0.0,25.5,0.0,0.0,0.0,0.0,601,229496,0.0,0.0,0.0,0.0,0.0,0.0,0.0,0.0,0.0,154.0.1,2,0,0,,
2026-08-19T19:49:56+00:00,0.0,25.5,0.0,0.0,0.0,0.0,601,229796,0.0,0.0,0.0,0.0,0.0,0.0,0.0,0.0,0.0,154.0.1,2,0,0,273.0,
2026-08-19T19:54:58+00:00,0.0,25.5,0.0,0.0,0.0,0.0,601,230098,0.0,0.0,0.0,0.0,0.0,0.0,0.0,0.0,0.0,154.0.1,2,0,0,170.0,213.0
2026-08-19T19:59:57+00:00,0.0,25.6,0.0,0.0,0.0,0.0,601,230397,0.0,0.0,0.0,0.0,0.0,0.0,0.0,0.0,0.0,154.0.1,2,0,0,254.0,
2026-08-19T20:04:57+00:00,26.5,25.6,0.0,0.0,0.0,0.0,601,230697,0.0,0.0,0.0,0.0,0.0,0.0,0.0,0.0,0.0,154.0.1,2,0,0,,234.0
2026-08-19T20:09:57+00:00,0.0,25.6,0.0,0.0,0.0,0.0,601,230997,0.0,0.0,0.0,0.0,0.0,0.0,0.0,0.0,0.0,154.0.1,2,0,0,347.0,210.0
2026-08-19T20:14:57+00:00,50.0,25.5,0.0,0.0,0.0,0.0,601,231297,0.0,0.0,0.0,0.0,0.0,0.0,0.0,0.0,0.0,154.0.1,2,0,0,0.0,170.0
2026-08-19T20:19:58+00:00,0.0,25.4,0.0,0.0,0.0,0.0,601,231598,0.0,0.0,0.0,0.0,0.0,0.0,0.0,0.0,0.0,154.0.1,2,0,0,207.0,0.0
2026-08-19T20:24:57+00:00,0.0,25.4,0.0,0.0,0.0,0.0,601,231897,0.0,0.0,0.0,0.0,0.0,0.0,0.0,0.0,0.0,154.0.1,2,0,0,106.0,
2026-08-19T20:29:57+00:00,0.0,25.2,0.0,0.0,0.0,0.0,601,232197,0.0,0.0,0.0,0.0,0.0,0.0,0.0,0.0,0.0,154.0.1,2,0,0,,128.0
2026-08-19T20:34:57+00:00,0.0,25.2,0.0,0.0,0.0,0.0,601,232497,0.0,0.0,0.0,0.0,0.0,0.0,0.0,0.0,0.0,154.0.1,2,0,0,145.0,0.0
2026-08-19T20:39:57+00:00,0.0,25.2,0.0,0.0,0.0,0.0,601,232797,0.0,0.0,0.0,0.0,0.0,0.0,0.0,0.0,0.0,154.0.1,2,0,0,89.0,72.0
2026-08-19T20:44:57+00:00,-24.0,25.1,0.0,0.0,0.0,0.0,601,233097,0.0,0.0,0.0,0.0,0.0,0.0,0.0,0.0,0.0,154.0.1,2,0,0,-263.0,-158.0
2026-08-19T20:49:57+00:00,-6.0,25.1,0.0,0.0,0.0,0.0,601,233397,0.0,0.0,0.0,0.0,0.0,0.0,0.0,0.0,0.0,154.0.1,2,0,0,374.0,
2026-08-19T20:54:57+00:00,0.0,25.1,0.0,0.0,0.0,0.0,601,233697,0.0,0.0,0.0,0.0,0.0,0.0,0.0,0.0,0.0,154.0.1,2,0,0,73.0,145.0
2026-08-19T20:59:57+00:00,-5.0,25.1,0.0,0.0,0.0,0.0,601,233997,0.0,0.0,0.0,0.0,0.0,0.0,0.0,0.0,0.0,154.0.1,2,0,0,-6.0,89.0
2026-08-19T21:04:57+00:00,-17.0,25.1,0.0,0.0,0.0,0.0,601,234297,0.0,0.0,0.0,0.0,0.0,0.0,0.0,0.0,0.0,154.0.1,2,0,0,0.0,21.0
2026-08-19T21:09:57+00:00,0.0,25.1,0.0,0.0,0.0,0.0,601,234597,0.0,0.0,0.0,0.0,0.0,0.0,0.0,0.0,0.0,154.0.1,2,0,0,42.0,374.0
2026-08-19T21:14:57+00:00,0.0,24.9,0.0,0.0,0.0,0.0,601,234897,0.0,0.0,0.0,0.0,0.0,0.0,0.0,0.0,0.0,154.0.1,2,0,0,-35.0,73.0
2026-08-19T21:19:57+00:00,0.0,24.9,0.0,0.0,0.0,0.0,601,235197,0.0,0.0,0.0,0.0,0.0,0.0,0.0,0.0,0.0,154.0.1,2,0,0,0.0,-6.0
2026-08-19T21:24:57+00:00,41.5,24.9,0.0,0.0,0.0,0.0,601,235497,0.0,0.0,0.0,0.0,0.0,0.0,0.0,0.0,0.0,154.0.1,2,0,0,99.0,70.0
2026-08-19T21:29:57+00:00,80.5,24.3,0.0,0.0,0.0,0.0,601,235797,0.0,0.0,0.0,0.0,0.0,0.0,0.0,0.0,0.0,154.0.1,2,0,0,-47.0,17.0
2026-08-19T21:34:57+00:00,34.0,24.3,0.0,0.0,0.0,0.0,601,236097,0.0,0.0,0.0,0.0,0.0,0.0,0.0,0.0,0.0,154.0.1,2,0,0,-105.0,-35.0
2026-08-19T21:39:57+00:00,33.0,24.3,0.0,0.0,0.0,0.0,601,236397,0.0,0.0,0.0,0.0,0.0,0.0,0.0,0.0,0.0,154.0.1,2,0,0,-173.0,0.0
2026-08-19T21:44:56+00:00,44.0,24.1,0.0,0.0,0.0,0.0,601,236696,0.0,0.0,0.0,0.0,0.0,0.0,0.0,0.0,0.0,154.0.1,2,0,0,,
2026-08-19T21:49:57+00:00,37.5,24.1,0.0,0.0,0.0,0.0,601,236997,0.0,0.0,0.0,0.0,0.0,0.0,0.0,0.0,0.0,154.0.1,2,0,0,313.0,155.0
2026-08-19T21:54:57+00:00,7.0,24.1,0.0,0.0,0.0,0.0,601,237297,0.0,0.0,0.0,0.0,0.0,0.0,0.0,0.0,0.0,154.0.1,2,0,0,0.0,311.0
2026-08-19T21:59:57+00:00,19.0,24.0,0.0,0.0,0.0,0.0,601,237597,0.0,0.0,0.0,0.0,0.0,0.0,0.0,0.0,0.0,154.0.1,2,0,0,77.0,16.0
2026-08-19T22:04:56+00:00,0.0,24.0,0.0,0.0,0.0,0.0,601,237896,0.0,0.0,0.0,0.0,0.0,0.0,0.0,0.0,0.0,154.0.1,2,0,0,,
2026-08-19T22:09:56+00:00,0.0,24.0,0.0,0.0,0.0,0.0,601,238196,0.0,0.0,0.0,0.0,0.0,0.0,0.0,0.0,0.0,154.0.1,2,0,0,,
2026-08-19T22:14:56+00:00,0.0,23.7,0.0,0.0,0.0,0.0,601,238496,0.0,0.0,0.0,0.0,0.0,0.0,0.0,0.0,0.0,154.0.1,2,0,0,66.0,0.0
2026-08-19T22:19:56+00:00,0.0,23.7,0.0,0.0,0.0,0.0,601,238796,0.0,0.0,0.0,0.0,0.0,0.0,0.0,0.0,0.0,154.0.1,2,0,0,0.0,
2026-08-19T22:24:57+00:00,0.0,23.7,0.0,0.0,0.0,0.0,601,239097,0.0,0.0,0.0,0.0,0.0,0.0,0.0,0.0,0.0,154.0.1,2,0,0,0.0,0.0
2026-08-19T22:29:57+00:00,0.0,23.5,0.0,0.0,0.0,0.0,601,239397,0.0,0.0,0.0,0.0,0.0,0.0,0.0,0.0,0.0,154.0.1,2,0,0,46.0,125.0
2026-08-19T22:34:56+00:00,0.0,23.5,0.0,0.0,0.0,0.0,601,239696,0.0,0.0,0.0,0.0,0.0,0.0,0.0,0.0,0.0,154.0.1,2,0,0,,0.0
2026-08-19T22:39:56+00:00,0.0,23.5,0.0,0.0,0.0,0.0,601,239996,0.0,0.0,0.0,0.0,0.0,0.0,0.0,0.0,0.0,154.0.1,2,0,0,,0.0
2026-08-19T22:44:57+00:00,0.0,23.3,0.0,0.0,0.0,0.0,601,240297,0.0,0.0,0.0,0.0,0.0,0.0,0.0,0.0,0.0,154.0.1,2,0,0,-178.0,0.0
2026-08-19T22:49:56+00:00,-19.5,23.3,0.0,0.0,0.0,0.0,601,240596,0.0,0.0,0.0,0.0,0.0,0.0,0.0,0.0,0.0,154.0.1,2,0,0,-189.0,-371.0
2026-08-19T22:54:57+00:00,0.0,23.3,0.0,0.0,0.0,0.0,601,240897,0.0,0.0,0.0,0.0,0.0,0.0,0.0,0.0,0.0,154.0.1,2,0,0,150.0,264.0
2026-08-19T22:59:56+00:00,-48.0,23.0,0.0,0.0,0.0,0.0,601,241196,0.0,0.0,0.0,0.0,0.0,0.0,0.0,0.0,0.0,154.0.1,2,0,0,8.0,
2026-08-19T23:04:57+00:00,0.0,23.0,0.0,0.0,0.0,0.0,601,241497,0.0,0.0,0.0,0.0,0.0,0.0,0.0,0.0,0.0,154.0.1,2,0,0,-178.0,-178.0
2026-08-19T23:09:56+00:00,0.0,23.0,0.0,0.0,0.0,0.0,601,241796,0.0,0.0,0.0,0.0,0.0,0.0,0.0,0.0,0.0,154.0.1,2,0,0,-158.0,-191.0
2026-08-19T23:14:57+00:00,0.0,22.7,0.0,0.0,0.0,0.0,601,242097,0.0,0.0,0.0,0.0,0.0,0.0,0.0,0.0,0.0,154.0.1,2,0,0,307.0,150.0
2026-08-19T23:19:56+00:00,0.0,22.7,0.0,0.0,0.0,0.0,601,242396,0.0,0.0,0.0,0.0,0.0,0.0,0.0,0.0,0.0,154.0.1,2,0,0,340.0,79.0
2026-08-19T23:24:57+00:00,0.0,22.7,0.0,0.0,0.0,0.0,601,242697,0.0,0.0,0.0,0.0,0.0,0.0,0.0,0.0,0.0,154.0.1,2,0,0,370.0,282.0
2026-08-19T23:29:56+00:00,0.0,21.8,0.0,0.0,0.0,0.0,601,242996,0.0,0.0,0.0,0.0,0.0,0.0,0.0,0.0,0.0,154.0.1,2,0,0,430.0,-158.0
2026-08-19T23:34:56+00:00,-2.0,21.8,0.0,0.0,0.0,0.0,601,243296,0.0,0.0,0.0,0.0,0.0,0.0,0.0,0.0,0.0,154.0.1,2,0,0,,
2026-08-19T23:39:56+00:00,0.0,21.8,0.0,0.0,0.0,0.0,601,243596,0.0,0.0,0.0,0.0,0.0,0.0,0.0,0.0,0.0,154.0.1,2,0,0,-55.0,128.0
2026-08-19T23:44:56+00:00,5.5,21.1,0.0,0.0,0.0,0.0,601,243896,0.0,0.0,0.0,0.0,0.0,0.0,0.0,0.0,0.0,154.0.1,2,0,0,-57.0,
2026-08-19T23:49:56+00:00,0.0,21.1,0.0,0.0,0.0,0.0,601,244196,0.0,0.0,0.0,0.0,0.0,0.0,0.0,0.0,0.0,154.0.1,2,0,0,0.0,-22.0
2026-08-19T23:54:56+00:00,0.0,21.1,0.0,0.0,0.0,0.0,601,244496,0.0,0.0,0.0,0.0,0.0,0.0,0.0,0.0,0.0,154.0.1,2,0,0,517.0,
2026-08-19T23:59:56+00:00,0.0,20.5,0.0,0.0,0.0,0.0,601,244796,0.0,0.0,0.0,0.0,0.0,0.0,0.0,0.0,0.0,154.0.1,2,0,0,0.0,191.0
2026-08-20T00:04:56+00:00,0.0,20.5,0.0,0.0,0.0,0.0,601,245096,0.0,0.0,0.0,0.0,0.0,0.0,0.0,0.0,0.0,154.0.1,2,0,0,-67.0,-57.0
2026-08-20T00:09:56+00:00,44.0,20.5,0.0,0.0,0.0,0.0,601,245396,0.0,0.0,0.0,0.0,0.0,0.0,0.0,0.0,0.0,154.0.1,2,0,0,0.0,239.0
2026-08-20T00:14:56+00:00,105.0,19.8,0.0,0.0,0.0,0.0,601,245696,0.0,0.0,0.0,0.0,0.0,0.0,0.0,0.0,0.0,154.0.1,2,0,0,0.0,359.0
2026-08-20T00:19:56+00:00,132.0,19.8,0.0,0.0,0.0,0.0,601,245996,0.0,0.0,0.0,0.0,0.0,0.0,0.0,0.0,0.0,154.0.1,2,0,0,0.0,0.0
2026-08-20T00:24:56+00:00,173.5,19.8,0.0,0.0,0.0,0.0,601,246296,0.0,0.0,0.0,0.0,0.0,0.0,0.0,0.0,0.0,154.0.1,2,0,0,0.0,0.0
2026-08-20T00:29:56+00:00,31.0,19.2,0.0,0.0,0.0,0.0,601,246596,0.0,0.0,0.0,0.0,0.0,0.0,0.0,0.0,0.0,154.0.1,2,0,0,0.0,267.0
2026-08-20T00:34:56+00:00,33.5,19.1,0.0,0.0,0.0,0.0,601,246896,0.0,0.0,0.0,0.0,0.0,0.0,0.0,0.0,0.0,154.0.1,2,0,0,389.0,0.0
2026-08-20T00:39:56+00:00,0.0,19.1,0.0,0.0,0.0,0.0,601,247196,0.0,0.0,0.0,0.0,0.0,0.0,0.0,0.0,0.0,154.0.1,2,0,0,302.0,230.0
2026-08-20T00:44:57+00:00,35.5,18.7,0.0,0.0,0.0,0.0,601,247497,0.0,0.0,0.0,0.0,0.0,0.0,0.0,0.0,0.0,154.0.1,2,0,0,228.0,341.0
2026-08-20T00:49:56+00:00,0.0,18.7,0.0,0.0,0.0,0.0,601,247796,0.0,0.0,0.0,0.0,0.0,0.0,0.0,0.0,0.0,154.0.1,2,0,0,-355.0,0.0
2026-08-20T00:54:56+00:00,0.0,18.7,0.0,0.0,0.0,0.0,601,248096,0.0,0.0,0.0,0.0,0.0,0.0,0.0,0.0,0.0,154.0.1,2,0,0,,47.0
2026-08-20T00:59:56+00:00,0.0,18.3,0.0,0.0,0.0,0.0,601,248396,0.0,0.0,0.0,0.0,0.0,0.0,0.0,0.0,0.0,154.0.1,2,0,0,505.0,302.0
2026-08-20T01:04:56+00:00,0.0,18.3,0.0,0.0,0.0,0.0,601,248696,0.0,0.0,0.0,0.0,0.0,0.0,0.0,0.0,0.0,154.0.1,2,0,0,0.0,0.0
2026-08-20T01:09:56+00:00,0.0,18.3,0.0,0.0,0.0,0.0,601,248996,0.0,0.0,0.0,0.0,0.0,0.0,0.0,0.0,0.0,154.0.1,2,0,0,-93.0,-17.0
2026-08-20T01:14:56+00:00,0.0,17.9,0.0,0.0,0.0,0.0,601,249296,0.0,0.0,0.0,0.0,0.0,0.0,0.0,0.0,0.0,154.0.1,2,0,0,321.0,
2026-08-20T01:19:56+00:00,19.0,18.2,0.0,0.0,0.0,0.0,601,249596,0.0,0.0,0.0,0.0,0.0,0.0,0.0,0.0,0.0,154.0.1,2,0,0,0.0,0.0
2026-08-20T01:24:56+00:00,6.5,18.2,0.0,0.0,0.0,0.0,601,249896,0.0,0.0,0.0,0.0,0.0,0.0,0.0,0.0,0.0,154.0.1,2,0,0,312.0,251.0
2026-08-20T01:29:56+00:00,0.0,17.8,0.0,0.0,0.0,0.0,601,250196,0.0,0.0,0.0,0.0,0.0,0.0,0.0,0.0,0.0,154.0.1,2,0,0,0.0,454.0
2026-08-20T01:34:56+00:00,42.0,17.8,0.0,0.0,0.0,0.0,601,250496,0.0,0.0,0.0,0.0,0.0,0.0,0.0,0.0,0.0,154.0.1,2,0,0,361.0,321.0
2026-08-20T01:39:57+00:00,99.0,17.8,0.0,0.0,0.0,0.0,601,250797,0.0,0.0,0.0,0.0,0.0,0.0,0.0,0.0,0.0,154.0.1,2,0,0,390.0,256.0
2026-08-20T01:44:56+00:00,0.0,17.6,0.0,0.0,0.0,0.0,601,251096,0.0,0.0,0.0,0.0,0.0,0.0,0.0,0.0,0.0,154.0.1,2,0,0,11.0,0.0
2026-08-20T01:49:56+00:00,0.0,17.6,0.0,0.0,0.0,0.0,601,251396,0.0,0.0,0.0,0.0,0.0,0.0,0.0,0.0,0.0,154.0.1,2,0,0,,331.0
2026-08-20T01:54:56+00:00,0.5,17.6,0.0,0.0,0.0,0.0,601,251696,0.0,0.0,0.0,0.0,0.0,0.0,0.0,0.0,0.0,154.0.1,2,0,0,0.0,78.0
2026-08-20T01:59:56+00:00,28.0,17.2,0.0,0.0,0.0,0.0,601,251996,0.0,0.0,0.0,0.0,0.0,0.0,0.0,0.0,0.0,154.0.1,2,0,0,0.0,326.0
2026-08-20T02:04:56+00:00,0.0,17.2,0.0,0.0,0.0,0.0,601,252296,0.0,0.0,0.0,0.0,0.0,0.0,0.0,0.0,0.0,154.0.1,2,0,0,0.0,458.0
2026-08-20T02:09:56+00:00,0.0,17.2,0.0,0.0,0.0,0.0,601,252596,0.0,0.0,0.0,0.0,0.0,0.0,0.0,0.0,0.0,154.0.1,2,0,0,28.0,
2026-08-20T02:14:56+00:00,0.0,16.9,0.0,0.0,0.0,0.0,601,252896,0.0,0.0,0.0,0.0,0.0,0.0,0.0,0.0,0.0,154.0.1,2,0,0,0.0,0.0
2026-08-20T02:19:56+00:00,0.0,16.9,0.0,0.0,0.0,0.0,601,253196,0.0,0.0,0.0,0.0,0.0,0.0,0.0,0.0,0.0,154.0.1,2,0,0,0.0,0.0
2026-08-20T02:24:56+00:00,0.0,16.9,0.0,0.0,0.0,0.0,601,253496,0.0,0.0,0.0,0.0,0.0,0.0,0.0,0.0,0.0,154.0.1,2,0,0,0.0,1.0
2026-08-20T02:29:56+00:00,0.0,16.2,0.0,0.0,0.0,0.0,601,253796,0.0,0.0,0.0,0.0,0.0,0.0,0.0,0.0,0.0,154.0.1,2,0,0,0.0,0.0
2026-08-20T02:34:56+00:00,0.0,16.2,0.0,0.0,0.0,0.0,601,254096,0.0,0.0,0.0,0.0,0.0,0.0,0.0,0.0,0.0,154.0.1,2,0,0,0.0,0.0
2026-08-20T02:39:56+00:00,0.0,16.2,0.0,0.0,0.0,0.0,601,254396,0.0,0.0,0.0,0.0,0.0,0.0,0.0,0.0,0.0,154.0.1,2,0,0,291.0,239.0
2026-08-20T02:44:57+00:00,0.0,16.0,0.0,0.0,0.0,0.0,601,254697,0.0,0.0,0.0,0.0,0.0,0.0,0.0,0.0,0.0,154.0.1,2,0,0,230.0,169.0
2026-08-20T02:49:56+00:00,0.0,16.0,0.0,0.0,0.0,0.0,601,254996,0.0,0.0,0.0,0.0,0.0,0.0,0.0,0.0,0.0,154.0.1,2,0,0,180.0,-475.0
2026-08-20T02:54:56+00:00,52.0,16.0,0.0,0.0,0.0,0.0,601,255296,0.0,0.0,0.0,0.0,0.0,0.0,0.0,0.0,0.0,154.0.1,2,0,0,,0.0
2026-08-20T02:59:56+00:00,0.0,15.9,0.0,0.0,0.0,0.0,601,255596,0.0,0.0,0.0,0.0,0.0,0.0,0.0,0.0,0.0,154.0.1,2,0,0,127.0,189.0
2026-08-20T03:04:56+00:00,0.0,15.9,0.0,0.0,0.0,0.0,601,255896,0.0,0.0,0.0,0.0,0.0,0.0,0.0,0.0,0.0,154.0.1,2,0,0,104.0,230.0
2026-08-20T03:09:56+00:00,0.0,15.9,0.0,0.0,0.0,0.0,601,256196,0.0,0.0,0.0,0.0,0.0,0.0,0.0,0.0,0.0,154.0.1,2,0,0,176.0,243.0
2026-08-20T03:14:56+00:00,0.0,15.8,0.0,0.0,0.0,0.0,601,256496,0.0,0.0,0.0,0.0,0.0,0.0,0.0,0.0,0.0,154.0.1,2,0,0,126.0,
2026-08-20T03:19:56+00:00,0.0,15.8,0.0,0.0,0.0,0.0,601,256796,0.0,0.0,0.0,0.0,0.0,0.0,0.0,0.0,0.0,154.0.1,2,0,0,96.0,203.0
2026-08-20T03:24:56+00:00,57.0,15.8,0.0,0.0,0.0,0.0,601,257096,0.0,0.0,0.0,0.0,0.0,0.0,0.0,0.0,0.0,154.0.1,2,0,0,66.0,240.0
2026-08-20T03:29:56+00:00,23.0,15.2,0.0,0.0,0.0,0.0,601,257396,0.0,0.0,0.0,0.0,0.0,0.0,0.0,0.0,0.0,154.0.1,2,0,0,0.0,111.0
2026-08-20T03:34:56+00:00,0.0,15.2,0.0,0.0,0.0,0.0,601,257696,0.0,0.0,0.0,0.0,0.0,0.0,0.0,0.0,0.0,154.0.1,2,0,0,-102.0,-21.0
2026-08-20T03:39:56+00:00,0.0,15.2,0.0,0.0,0.0,0.0,601,257996,0.0,0.0,0.0,0.0,0.0,0.0,0.0,0.0,0.0,154.0.1,2,0,0,-125.0,-77.0
2026-08-20T03:44:56+00:00,83.0,15.0,0.0,0.0,0.0,0.0,601,258296,0.0,0.0,0.0,0.0,0.0,0.0,0.0,0.0,0.0,154.0.1,2,0,0,-70.0,-53.0
2026-08-20T03:49:56+00:00,12.0,15.0,0.0,0.0,0.0,0.0,601,258596,0.0,0.0,0.0,0.0,0.0,0.0,0.0,0.0,0.0,154.0.1,2,0,0,-93.0,-84.0
2026-08-20T03:54:56+00:00,27.5,15.0,0.0,0.0,0.0,0.0,601,258896,0.0,0.0,0.0,0.0,0.0,0.0,0.0,0.0,0.0,154.0.1,2,0,0,-160.0,-102.0
2026-08-20T03:59:56+00:00,27.0,14.8,0.0,0.0,0.0,0.0,601,259196,0.0,0.0,0.0,0.0,0.0,0.0,0.0,0.0,0.0,154.0.1,2,0,0,59.0,116.0
2026-08-20T04:04:56+00:00,137.0,14.8,0.0,0.0,0.0,0.0,601,259496,0.0,0.0,0.0,0.0,0.0,0.0,0.0,0.0,0.0,154.0.1,3,0,0,0.0,75.0
2026-08-20T04:09:56+00:00,130.0,14.8,0.0,0.0,0.0,0.0,601,259796,0.0,0.0,0.0,0.0,0.0,0.0,0.0,0.0,0.0,154.0.1,3,0,0,417.0,310.0
2026-08-20T04:14:56+00:00,139.0,14.7,0.0,0.0,0.0,0.0,601,260096,0.0,0.0,0.0,0.0,0.0,0.0,0.0,0.0,0.0,154.0.1,3,0,0,6.0,92.0
2026-08-20T04:19:56+00:00,82.0,14.7,0.0,0.0,0.0,0.0,601,260396,0.0,0.0,0.0,0.0,0.0,0.0,0.0,0.0,0.0,154.0.1,3,0,0,130.0,-205.0
2026-08-20T04:24:56+00:00,79.0,14.7,0.0,0.0,0.0,0.0,601,260696,0.0,0.0,0.0,0.0,0.0,0.0,0.0,0.0,0.0,154.0.1,3,0,0,65.0,85.0
2026-08-20T04:29:56+00:00,93.0,14.0,0.0,0.0,0.0,0.0,601,260996,0.0,0.0,0.0,0.0,0.0,0.0,0.0,0.0,0.0,154.0.1,3,0,0,82.0,82.0
2026-08-20T04:34:56+00:00,100.5,14.0,0.0,0.0,0.0,0.0,601,261296,0.0,0.0,0.0,0.0,0.0,0.0,0.0,0.0,0.0,154.0.1,3,0,0,79.0,114.0
2026-08-20T04:39:56+00:00,105.0,14.0,0.0,0.0,0.0,0.0,601,261596,0.0,0.0,0.0,0.0,0.0,0.0,0.0,0.0,0.0,154.0.1,3,0,0,93.0,129.0
2026-08-20T04:44:56+00:00,138.0,14.0,0.0,0.0,0.0,0.0,601,261896,0.0,0.0,0.0,0.0,0.0,0.0,0.0,0.0,0.0,154.0.1,3,0,0,14.0,114.0
2026-08-20T04:49:56+00:00,135.5,14.0,0.0,0.0,0.0,0.0,601,262196,0.0,0.0,0.0,0.0,0.0,0.0,0.0,0.0,0.0,154.0.1,3,0,0,489.0,459.0
2026-08-20T04:54:56+00:00,152.0,14.0,0.0,0.0,0.0,0.0,601,262496,0.0,0.0,0.0,0.0,0.0,0.0,0.0,0.0,0.0,154.0.1,3,0,0,213.0,79.0
2026-08-20T04:59:56+00:00,167.0,14.0,0.0,0.0,0.0,0.0,601,262796,0.0,0.0,0.0,0.0,0.0,0.0,0.0,0.0,0.0,154.0.1,3,0,0,210.0,93.0
2026-08-20T05:04:56+00:00,147.5,14.0,0.0,0.0,0.0,0.0,601,263096,0.0,0.0,0.0,0.0,0.0,0.0,0.0,0.0,0.0,154.0.1,3,0,0,46.0,130.0
2026-08-20T05:09:56+00:00,101.5,14.0,0.0,0.0,0.0,0.0,601,263396,0.0,0.0,0.0,0.0,0.0,0.0,0.0,0.0,0.0,154.0.1,3,0,0,14.0,105.0
2026-08-20T05:14:56+00:00,413.0,14.0,0.0,0.0,0.0,0.0,601,263696,0.0,0.0,0.0,0.0,0.0,0.0,0.0,0.0,0.0,154.0.1,3,0,0,316.0,213.0
2026-08-20T05:19:56+00:00,408.0,14.0,0.0,0.0,0.0,0.0,601,263996,0.0,0.0,0.0,0.0,0.0,0.0,0.0,0.0,0.0,154.0.1,3,0,0,329.0,210.0
2026-08-20T05:24:56+00:00,444.0,14.0,0.0,0.0,0.0,0.0,601,264296,0.0,0.0,0.0,0.0,0.0,0.0,0.0,0.0,0.0,154.0.1,3,0,0,413.0,258.0
2026-08-20T05:29:56+00:00,514.0,13.5,0.0,0.0,0.0,0.0,601,264596,0.0,0.0,0.0,0.0,0.0,0.0,0.0,0.0,0.0,154.0.1,3,0,0,408.0,320.0
2026-08-20T07:29:56+00:00,0.0,13.2,0.0,0.0,0.0,0.0,601,271796,0.0,0.0,0.0,0.0,0.0,0.0,0.0,0.0,0.0,154.0.1,3,0,0,,
2026-08-20T07:34:56+00:00,0.0,13.2,0.0,0.0,0.0,0.0,601,272096,0.0,0.0,0.0,0.0,0.0,0.0,0.0,0.0,0.0,154.0.1,3,0,0,,
2026-08-20T07:39:56+00:00,0.0,13.2,0.0,0.0,0.0,0.0,601,272396,0.0,0.0,0.0,0.0,0.0,0.0,0.0,0.0,0.0,154.0.1,3,0,0,,
2026-08-20T07:44:56+00:00,0.0,13.2,0.0,0.0,0.0,0.0,601,272696,0.0,0.0,0.0,0.0,0.0,0.0,0.0,0.0,0.0,154.0.1,3,0,0,0.0,
2026-08-20T07:49:56+00:00,0.0,13.2,0.0,0.0,0.0,0.0,601,272996,0.0,0.0,0.0,0.0,0.0,0.0,0.0,0.0,0.0,154.0.1,3,0,0,0.0,
2026-08-20T07:54:56+00:00,0.0,13.2,0.0,0.0,0.0,0.0,601,273296,0.0,0.0,0.0,0.0,0.0,0.0,0.0,0.0,0.0,154.0.1,3,0,0,0.0,
2026-08-20T07:59:56+00:00,0.0,13.1,0.0,0.0,0.0,0.0,601,273596,0.0,0.0,0.0,0.0,0.0,0.0,0.0,0.0,0.0,154.0.1,3,0,0,0.0,
2026-08-20T08:04:56+00:00,0.0,13.1,0.0,0.0,0.0,0.0,601,273896,0.0,0.0,0.0,0.0,0.0,0.0,0.0,0.0,0.0,154.0.1,3,0,0,0.0,0.0
2026-08-20T08:09:56+00:00,-15.0,13.1,0.0,0.0,0.0,0.0,601,274196,0.0,0.0,0.0,0.0,0.0,0.0,0.0,0.0,0.0,154.0.1,3,0,0,0.0,0.0
2026-08-20T08:14:56+00:00,0.0,13.1,0.0,0.0,0.0,0.0,601,274496,0.0,0.0,0.0,0.0,0.0,0.0,0.0,0.0,0.0,154.0.1,3,0,0,-31.0,0.0
2026-08-20T08:19:57+00:00,-73.0,13.1,0.0,0.0,0.0,0.0,601,274797,0.0,0.0,0.0,0.0,0.0,0.0,0.0,0.0,0.0,154.0.1,3,0,0,-90.0,-8.0
2026-08-20T08:24:56+00:00,-15.5,13.1,0.0,0.0,0.0,0.0,601,275096,0.0,0.0,0.0,0.0,0.0,0.0,0.0,0.0,0.0,154.0.1,3,0,0,0.0,0.0
2026-08-20T08:29:56+00:00,-35.0,12.9,0.0,0.0,0.0,0.0,601,275396,0.0,0.0,0.0,0.0,0.0,0.0,0.0,0.0,0.0,154.0.1,3,0,0,,0.0
2026-08-20T08:34:56+00:00,-62.5,12.9,0.0,0.0,0.0,0.0,601,275696,0.0,0.0,0.0,0.0,0.0,0.0,0.0,0.0,0.0,154.0.1,3,0,0,-148.0,-31.0
2026-08-20T08:39:56+00:00,-101.5,12.9,0.0,0.0,0.0,0.0,601,275996,0.0,0.0,0.0,0.0,0.0,0.0,0.0,0.0,0.0,154.0.1,3,0,0,-162.0,-24.0
2026-08-20T08:44:56+00:00,0.0,12.9,0.0,0.0,0.0,0.0,601,276296,0.0,0.0,0.0,0.0,0.0,0.0,0.0,0.0,0.0,154.0.1,3,0,0,-68.0,-116.0
2026-08-20T08:49:56+00:00,0.0,12.9,0.0,0.0,0.0,0.0,601,276596,0.0,0.0,0.0,0.0,0.0,0.0,0.0,0.0,0.0,154.0.1,3,0,0,0.0,
2026-08-20T08:54:56+00:00,0.0,12.9,0.0,0.0,0.0,0.0,601,276896,0.0,0.0,0.0,0.0,0.0,0.0,0.0,0.0,0.0,154.0.1,3,0,0,-159.0,-82.0
2026-08-20T08:59:56+00:00,0.0,12.8,0.0,0.0,0.0,0.0,601,277196,0.0,0.0,0.0,0.0,0.0,0.0,0.0,0.0,0.0,154.0.1,3,0,0,0.0,0.0
2026-08-20T09:04:56+00:00,-34.0,12.8,0.0,0.0,0.0,0.0,601,277496,0.0,0.0,0.0,0.0,0.0,0.0,0.0,0.0,0.0,154.0.1,3,0,0,0.0,-146.0
2026-08-20T09:09:57+00:00,-15.5,12.8,0.0,0.0,0.0,0.0,601,277797,0.0,0.0,0.0,0.0,0.0,0.0,0.0,0.0,0.0,154.0.1,3,0,0,0.0,-148.0
2026-08-20T09:14:56+00:00,-32.0,12.9,0.0,0.0,0.0,0.0,601,278096,0.0,0.0,0.0,0.0,0.0,0.0,0.0,0.0,0.0,154.0.1,3,0,0,0.0,-159.0
2026-08-20T09:19:56+00:00,-33.0,12.9,0.0,0.0,0.0,0.0,601,278396,0.0,0.0,0.0,0.0,0.0,0.0,0.0,0.0,0.0,154.0.1,3,0,0,,-203.0
2026-08-20T09:24:56+00:00,-44.0,12.9,0.0,0.0,0.0,0.0,601,278696,0.0,0.0,0.0,0.0,0.0,0.0,0.0,0.0,0.0,154.0.1,3,0,0,-65.0,0.0
2026-08-20T09:29:57+00:00,-3.0,11.9,0.0,0.0,0.0,0.0,601,278997,0.0,0.0,0.0,0.0,0.0,0.0,0.0,0.0,0.0,154.0.1,3,0,0,71.0,-119.0
2026-08-20T09:34:56+00:00,0.0,11.9,0.0,0.0,0.0,0.0,601,279296,0.0,0.0,0.0,0.0,0.0,0.0,0.0,0.0,0.0,154.0.1,3,0,0,-106.0,63.0
2026-08-20T09:39:57+00:00,0.0,11.9,0.0,0.0,0.0,0.0,601,279597,0.0,0.0,0.0,0.0,0.0,0.0,0.0,0.0,0.0,154.0.1,3,0,0,-411.0,25.0
2026-08-20T09:44:57+00:00,0.0,12.5,0.0,0.0,0.0,0.0,601,279897,0.0,0.0,0.0,0.0,0.0,0.0,0.0,0.0,0.0,154.0.1,3,0,0,-104.0,-88.0
2026-08-20T09:49:57+00:00,0.0,12.5,0.0,0.0,0.0,0.0,601,280197,0.0,0.0,0.0,0.0,0.0,0.0,0.0,0.0,0.0,154.0.1,3,0,0,-166.0,-111.0
2026-08-20T09:54:57+00:00,0.0,12.5,0.0,0.0,0.0,0.0,601,280497,0.0,0.0,0.0,0.0,0.0,0.0,0.0,0.0,0.0,154.0.1,3,0,0,221.0,117.0
2026-08-20T09:59:56+00:00,0.0,12.8,0.0,0.0,0.0,0.0,601,280796,0.0,0.0,0.0,0.0,0.0,0.0,0.0,0.0,0.0,154.0.1,3,0,0,,
2026-08-20T10:04:56+00:00,0.0,12.8,0.0,0.0,0.0,0.0,601,281096,0.0,0.0,0.0,0.0,0.0,0.0,0.0,0.0,0.0,154.0.1,3,0,0,,0.0
2026-08-20T10:09:57+00:00,0.0,12.8,0.0,0.0,0.0,0.0,601,281397,0.0,0.0,0.0,0.0,0.0,0.0,0.0,0.0,0.0,154.0.1,3,0,0,164.0,0.0
2026-08-20T10:14:57+00:00,0.0,13.0,0.0,0.0,0.0,0.0,601,281697,0.0,0.0,0.0,0.0,0.0,0.0,0.0,0.0,0.0,154.0.1,3,0,0,0.0,0.0
2026-08-20T10:19:57+00:00,0.0,13.0,0.0,0.0,0.0,0.0,601,281997,0.0,0.0,0.0,0.0,0.0,0.0,0.0,0.0,0.0,154.0.1,3,0,0,0.0,0.0
2026-08-20T10:24:57+00:00,0.0,13.0,0.0,0.0,0.0,0.0,601,282297,0.0,0.0,0.0,0.0,0.0,0.0,0.0,0.0,0.0,154.0.1,3,0,0,-146.0,0.0
2026-08-20T10:29:57+00:00,0.0,12.8,0.0,0.0,0.0,0.0,601,282597,0.0,0.0,0.0,0.0,0.0,0.0,0.0,0.0,0.0,154.0.1,3,0,0,-12.0,-111.0
2026-08-20T10:34:56+00:00,0.0,12.8,0.0,0.0,0.0,0.0,601,282896,0.0,0.0,0.0,0.0,0.0,0.0,0.0,0.0,0.0,154.0.1,3,0,0,,-12.0
2026-08-20T10:39:57+00:00,0.0,12.8,0.0,0.0,0.0,0.0,601,283197,0.0,0.0,0.0,0.0,0.0,0.0,0.0,0.0,0.0,154.0.1,3,0,0,0.0,-56.0
2026-08-20T10:44:57+00:00,0.0,13.0,0.0,0.0,0.0,0.0,601,283497,0.0,0.0,0.0,0.0,0.0,0.0,0.0,0.0,0.0,154.0.1,3,0,0,135.0,0.0
2026-08-20T10:49:58+00:00,-11.5,13.0,0.0,0.0,0.0,0.0,601,283798,0.0,0.0,0.0,0.0,0.0,0.0,0.0,0.0,0.0,154.0.1,3,0,0,46.0,0.0
2026-08-20T10:54:57+00:00,0.0,13.0,0.0,0.0,0.0,0.0,601,284097,0.0,0.0,0.0,0.0,0.0,0.0,0.0,0.0,0.0,154.0.1,3,0,0,90.0,-220.0
2026-08-20T10:59:57+00:00,0.0,13.4,0.0,0.0,0.0,0.0,601,284397,0.0,0.0,0.0,0.0,0.0,0.0,0.0,0.0,0.0,154.0.1,3,0,0,,-2.0
2026-08-20T11:04:57+00:00,0.0,13.4,0.0,0.0,0.0,0.0,601,284697,0.0,0.0,0.0,0.0,0.0,0.0,0.0,0.0,0.0,154.0.1,3,0,0,-72.0,48.0
2026-08-20T11:09:57+00:00,0.0,13.4,0.0,0.0,0.0,0.0,601,284997,0.0,0.0,0.0,0.0,0.0,0.0,0.0,0.0,0.0,154.0.1,3,0,0,108.0,42.0
2026-08-20T11:14:57+00:00,0.0,13.7,0.0,0.0,0.0,0.0,601,285297,0.0,0.0,0.0,0.0,0.0,0.0,0.0,0.0,0.0,154.0.1,3,0,0,215.0,-140.0
2026-08-20T11:19:57+00:00,11.5,13.7,0.0,0.0,0.0,0.0,601,285597,0.0,0.0,0.0,0.0,0.0,0.0,0.0,0.0,0.0,154.0.1,3,0,0,65.0,
2026-08-20T11:24:57+00:00,0.0,13.7,0.0,0.0,0.0,0.0,601,285897,0.0,0.0,0.0,0.0,0.0,0.0,0.0,0.0,0.0,154.0.1,3,0,0,307.0,158.0
2026-08-20T11:29:57+00:00,0.0,14.4,0.0,0.0,0.0,0.0,601,286197,0.0,0.0,0.0,0.0,0.0,0.0,0.0,0.0,0.0,154.0.1,3,0,0,-167.0,108.0
2026-08-20T11:34:57+00:00,0.0,14.4,0.0,0.0,0.0,0.0,601,286497,0.0,0.0,0.0,0.0,0.0,0.0,0.0,0.0,0.0,154.0.1,3,0,0,15.0,-134.0
2026-08-20T11:39:57+00:00,0.0,14.4,0.0,0.0,0.0,0.0,601,286797,0.0,0.0,0.0,0.0,0.0,0.0,0.0,0.0,0.0,154.0.1,3,0,0,66.0,85.0
2026-08-20T11:44:57+00:00,0.0,15.3,0.0,0.0,0.0,0.0,601,287097,0.0,0.0,0.0,0.0,0.0,0.0,0.0,0.0,0.0,154.0.1,3,0,0,48.0,307.0
2026-08-20T11:49:57+00:00,0.0,15.3,0.0,0.0,0.0,0.0,601,287397,0.0,0.0,0.0,0.0,0.0,0.0,0.0,0.0,0.0,154.0.1,3,0,0,-67.0,65.0
2026-08-20T11:54:57+00:00,0.0,15.3,0.0,0.0,0.0,0.0,601,287697,0.0,0.0,0.0,0.0,0.0,0.0,0.0,0.0,0.0,154.0.1,3,0,0,-100.0,68.0
2026-08-20T11:59:57+00:00,0.0,16.2,0.0,0.0,0.0,0.0,601,287997,0.0,0.0,0.0,0.0,0.0,0.0,0.0,0.0,0.0,154.0.1,3,0,0,36.0,66.0
2026-08-20T12:04:57+00:00,0.0,16.2,0.0,0.0,0.0,0.0,601,288297,0.0,0.0,0.0,0.0,0.0,0.0,0.0,0.0,0.0,154.0.1,3,0,0,360.0,0.0
2026-08-20T12:09:57+00:00,-25.0,16.2,0.0,0.0,0.0,0.0,601,288597,0.0,0.0,0.0,0.0,0.0,0.0,0.0,0.0,0.0,154.0.1,3,0,0,40.0,0.0
2026-08-20T12:14:57+00:00,-15.0,17.2,0.0,0.0,0.0,0.0,601,288897,0.0,0.0,0.0,0.0,0.0,0.0,0.0,0.0,0.0,154.0.1,3,0,0,0.0,0.0
2026-08-20T12:19:57+00:00,0.0,17.2,0.0,0.0,0.0,0.0,601,289197,0.0,0.0,0.0,0.0,0.0,0.0,0.0,0.0,0.0,154.0.1,3,0,0,85.0,-12.0
2026-08-20T12:24:57+00:00,-32.5,17.2,0.0,0.0,0.0,0.0,601,289497,0.0,0.0,0.0,0.0,0.0,0.0,0.0,0.0,0.0,154.0.1,3,0,0,-76.0,-141.0
2026-08-20T12:29:57+00:00,-26.0,17.6,0.0,0.0,0.0,0.0,601,289797,0.0,0.0,0.0,0.0,0.0,0.0,0.0,0.0,0.0,154.0.1,3,0,0,0.0,-196.0
2026-08-20T12:34:57+00:00,-5.0,17.6,0.0,0.0,0.0,0.0,601,290097,0.0,0.0,0.0,0.0,0.0,0.0,0.0,0.0,0.0,154.0.1,3,0,0,0.0,0.0
2026-08-20T12:39:57+00:00,0.0,17.6,0.0,0.0,0.0,0.0,601,290397,0.0,0.0,0.0,0.0,0.0,0.0,0.0,0.0,0.0,154.0.1,3,0,0,166.0,146.0
2026-08-20T12:44:57+00:00,0.0,18.3,0.0,0.0,0.0,0.0,601,290697,0.0,0.0,0.0,0.0,0.0,0.0,0.0,0.0,0.0,154.0.1,3,0,0,-343.0,0.0
2026-08-20T12:49:57+00:00,0.0,18.3,0.0,0.0,0.0,0.0,601,290997,0.0,0.0,0.0,0.0,0.0,0.0,0.0,0.0,0.0,154.0.1,3,0,0,68.0,45.0
2026-08-20T12:54:57+00:00,0.0,18.3,0.0,0.0,0.0,0.0,601,291297,0.0,0.0,0.0,0.0,0.0,0.0,0.0,0.0,0.0,154.0.1,3,0,0,111.0,164.0
2026-08-20T12:59:57+00:00,0.0,18.9,0.0,0.0,0.0,0.0,601,291597,0.0,0.0,0.0,0.0,0.0,0.0,0.0,0.0,0.0,154.0.1,3,0,0,-48.0,-343.0
2026-08-20T13:04:56+00:00,0.0,18.9,0.0,0.0,0.0,0.0,601,291896,0.0,0.0,0.0,0.0,0.0,0.0,0.0,0.0,0.0,154.0.1,3,0,0,,
2026-08-20T13:09:57+00:00,0.0,18.9,0.0,0.0,0.0,0.0,601,292197,0.0,0.0,0.0,0.0,0.0,0.0,0.0,0.0,0.0,154.0.1,3,0,0,-583.0,-28.0
2026-08-20T13:14:56+00:00,0.0,19.4,0.0,0.0,0.0,0.0,601,292496,0.0,0.0,0.0,0.0,0.0,0.0,0.0,0.0,0.0,154.0.1,3,0,0,-2.0,
2026-08-20T13:19:56+00:00,0.0,19.6,0.0,0.0,0.0,0.0,601,292796,0.0,0.0,0.0,0.0,0.0,0.0,0.0,0.0,0.0,154.0.1,3,0,0,,
2026-08-20T13:24:56+00:00,0.0,19.6,0.0,0.0,0.0,0.0,601,293096,0.0,0.0,0.0,0.0,0.0,0.0,0.0,0.0,0.0,154.0.1,3,0,0,13.0,
2026-08-20T13:29:56+00:00,10.0,20.1,0.0,0.0,0.0,0.0,601,293396,0.0,0.0,0.0,0.0,0.0,0.0,0.0,0.0,0.0,154.0.1,3,0,0,351.0,
2026-08-20T13:34:57+00:00,0.0,20.1,0.0,0.0,0.0,0.0,601,293697,0.0,0.0,0.0,0.0,0.0,0.0,0.0,0.0,0.0,154.0.1,3,0,0,123.0,50.0
2026-08-20T13:39:57+00:00,0.0,20.1,0.0,0.0,0.0,0.0,601,293997,0.0,0.0,0.0,0.0,0.0,0.0,0.0,0.0,0.0,154.0.1,3,0,0,0.0,29.0
2026-08-20T13:44:56+00:00,21.5,20.3,0.0,0.0,0.0,0.0,601,294296,0.0,0.0,0.0,0.0,0.0,0.0,0.0,0.0,0.0,154.0.1,3,0,0,,112.0
2026-08-20T13:49:56+00:00,57.0,20.3,0.0,0.0,0.0,0.0,601,294596,0.0,0.0,0.0,0.0,0.0,0.0,0.0,0.0,0.0,154.0.1,3,0,0,,30.0
2026-08-20T13:54:56+00:00,10.0,20.3,0.0,0.0,0.0,0.0,601,294896,0.0,0.0,0.0,0.0,0.0,0.0,0.0,0.0,0.0,154.0.1,3,0,0,39.0,30.0
2026-08-20T13:59:57+00:00,59.0,20.5,0.0,0.0,0.0,0.0,601,295197,0.0,0.0,0.0,0.0,0.0,0.0,0.0,0.0,0.0,154.0.1,3,0,0,112.0,21.0
2026-08-20T14:04:56+00:00,25.0,20.5,0.0,0.0,0.0,0.0,601,295496,0.0,0.0,0.0,0.0,0.0,0.0,0.0,0.0,0.0,154.0.1,3,0,0,115.0,
2026-08-20T14:09:56+00:00,78.0,20.5,0.0,0.0,0.0,0.0,601,295796,0.0,0.0,0.0,0.0,0.0,0.0,0.0,0.0,0.0,154.0.1,3,0,0,,
2026-08-20T14:14:56+00:00,107.0,20.9,0.0,0.0,0.0,0.0,601,296096,0.0,0.0,0.0,0.0,0.0,0.0,0.0,0.0,0.0,154.0.1,3,0,0,295.0,232.0
2026-08-20T14:19:57+00:00,109.0,20.9,0.0,0.0,0.0,0.0,601,296397,0.0,0.0,0.0,0.0,0.0,0.0,0.0,0.0,0.0,154.0.1,3,0,0,0.0,237.0
2026-08-20T14:24:56+00:00,116.0,20.9,0.0,0.0,0.0,0.0,601,296696,0.0,0.0,0.0,0.0,0.0,0.0,0.0,0.0,0.0,154.0.1,3,0,0,0.0,123.0
2026-08-20T14:29:56+00:00,4.0,21.4,0.0,0.0,0.0,0.0,601,296996,0.0,0.0,0.0,0.0,0.0,0.0,0.0,0.0,0.0,154.0.1,3,0,0,,
